\BOOKMARK [0][-]{chapter*.2}{\376\377\000I\000n\000t\000r\000o\000d\000u\000c\000c\000i\000\363\000n\000\040\000g\000e\000n\000e\000r\000a\000l}{}% 1
\BOOKMARK [-1][-]{part.1}{\376\377\000I\000\040\000F\000u\000n\000d\000a\000m\000e\000n\000t\000o\000s\000:\000\040\000l\000a\000s\000\040\000f\000u\000e\000n\000t\000e\000s\000\040\000d\000e\000l\000\040\000d\000e\000r\000e\000c\000h\000o\000\040\000y\000\040\000e\000l\000\040\000e\000j\000e\000r\000c\000i\000c\000i\000o\000\040\000d\000e\000\040\000l\000o\000s\000\040\000d\000e\000r\000e\000c\000h\000o\000s}{}% 2
\BOOKMARK [0][-]{chapter.1}{\376\377\000C\000o\000n\000c\000e\000p\000t\000o\000\040\000y\000\040\000c\000l\000a\000s\000i\000f\000i\000c\000a\000c\000i\000\363\000n\000\040\000d\000e\000\040\000l\000a\000s\000\040\000f\000u\000e\000n\000t\000e\000s}{part.1}% 3
\BOOKMARK [1][-]{section.1.1}{\376\377\000C\000o\000n\000c\000e\000p\000t\000o\000\040\000d\000e\000\040\000f\000u\000e\000n\000t\000e\000s\000\040\000d\000e\000l\000\040\000d\000e\000r\000e\000c\000h\000o}{chapter.1}% 4
\BOOKMARK [1][-]{section.1.2}{\376\377\000F\000u\000e\000n\000t\000e\000s\000\040\000f\000o\000r\000m\000a\000l\000e\000s\000\040\000y\000\040\000f\000u\000e\000n\000t\000e\000s\000\040\000m\000a\000t\000e\000r\000i\000a\000l\000e\000s}{chapter.1}% 5
\BOOKMARK [2][-]{subsection.1.2.1}{\376\377\000F\000u\000e\000n\000t\000e\000s\000\040\000f\000o\000r\000m\000a\000l\000e\000s\000\040\000e\000n\000\040\000e\000l\000\040\000d\000e\000r\000e\000c\000h\000o\000\040\000a\000r\000g\000e\000n\000t\000i\000n\000o}{section.1.2}% 6
\BOOKMARK [2][-]{subsection.1.2.2}{\376\377\000F\000u\000e\000n\000t\000e\000s\000\040\000m\000a\000t\000e\000r\000i\000a\000l\000e\000s\000\040\000e\000n\000\040\000e\000l\000\040\000d\000e\000r\000e\000c\000h\000o\000\040\000a\000r\000g\000e\000n\000t\000i\000n\000o}{section.1.2}% 7
\BOOKMARK [1][-]{section.1.3}{\376\377\000E\000l\000\040\000d\000e\000s\000b\000o\000r\000d\000e\000\040\000d\000e\000\040\000l\000a\000s\000\040\000f\000u\000e\000n\000t\000e\000s}{chapter.1}% 8
\BOOKMARK [1][-]{section.1.4}{\376\377\000C\000u\000a\000d\000r\000o\000\040\000C\000o\000r\000n\000e\000l\000l\000:\000\040\000c\000o\000n\000c\000e\000p\000t\000o\000\040\000y\000\040\000c\000l\000a\000s\000i\000f\000i\000c\000a\000c\000i\000\363\000n\000\040\000d\000e\000\040\000l\000a\000s\000\040\000f\000u\000e\000n\000t\000e\000s}{chapter.1}% 9
\BOOKMARK [0][-]{chapter.2}{\376\377\000A\000r\000t\000s\000.\000\040\0001\000\040\000y\000\040\0002\000\040\000d\000e\000l\000\040\000C\000\363\000d\000i\000g\000o\000\040\000C\000i\000v\000i\000l\000\040\000y\000\040\000C\000o\000m\000e\000r\000c\000i\000a\000l}{part.1}% 10
\BOOKMARK [1][-]{section.2.1}{\376\377\000A\000r\000t\000\355\000c\000u\000l\000o\000\040\0001\000:\000\040\000f\000u\000e\000n\000t\000e\000s\000\040\000y\000\040\000a\000p\000l\000i\000c\000a\000c\000i\000\363\000n}{chapter.2}% 11
\BOOKMARK [2][-]{subsection.2.1.1}{\376\377\000T\000r\000a\000t\000a\000d\000o\000s\000\040\000q\000u\000e\000\040\000n\000o\000\040\000s\000o\000n\000\040\000d\000e\000\040\000d\000e\000r\000e\000c\000h\000o\000s\000\040\000h\000u\000m\000a\000n\000o\000s}{section.2.1}% 12
\BOOKMARK [1][-]{section.2.2}{\376\377\000L\000a\000\040\000j\000u\000r\000i\000s\000p\000r\000u\000d\000e\000n\000c\000i\000a\000\040\000e\000n\000\040\000e\000l\000\040\000a\000r\000t\000\355\000c\000u\000l\000o\000\040\0001\000:\000\040\000e\000l\000\040\000d\000e\000b\000a\000t\000e\000\040\000l\000e\000g\000i\000s\000l\000a\000t\000i\000v\000o}{chapter.2}% 13
\BOOKMARK [1][-]{section.2.3}{\376\377\000A\000r\000t\000\355\000c\000u\000l\000o\000\040\0002\000:\000\040\000i\000n\000t\000e\000r\000p\000r\000e\000t\000a\000c\000i\000\363\000n\000\040\000d\000e\000\040\000l\000a\000\040\000l\000e\000y}{chapter.2}% 14
\BOOKMARK [1][-]{section.2.4}{\376\377\000C\000u\000a\000d\000r\000o\000\040\000C\000o\000r\000n\000e\000l\000l\000:\000\040\000a\000r\000t\000\355\000c\000u\000l\000o\000s\000\040\0001\000\040\000y\000\040\0002\000\040\000d\000e\000l\000\040\000C\000\363\000d\000i\000g\000o}{chapter.2}% 15
\BOOKMARK [0][-]{chapter.3}{\376\377\000L\000a\000\040\000l\000e\000y\000\040\000c\000o\000m\000o\000\040\000f\000u\000e\000n\000t\000e\000\040\000f\000o\000r\000m\000a\000l}{part.1}% 16
\BOOKMARK [1][-]{section.3.1}{\376\377\000C\000o\000n\000c\000e\000p\000t\000o\000\040\000d\000e\000\040\000l\000e\000y\000:\000\040\000d\000e\000f\000i\000n\000i\000c\000i\000\363\000n\000\040\000i\000u\000s\000n\000a\000t\000u\000r\000a\000l\000i\000s\000t\000a}{chapter.3}% 17
\BOOKMARK [1][-]{section.3.2}{\376\377\000L\000e\000y\000\040\000e\000n\000\040\000s\000e\000n\000t\000i\000d\000o\000\040\000f\000o\000r\000m\000a\000l\000\040\000y\000\040\000l\000e\000y\000\040\000e\000n\000\040\000s\000e\000n\000t\000i\000d\000o\000\040\000m\000a\000t\000e\000r\000i\000a\000l}{chapter.3}% 18
\BOOKMARK [1][-]{section.3.3}{\376\377\000C\000a\000r\000a\000c\000t\000e\000r\000e\000s\000\040\000d\000e\000\040\000l\000a\000\040\000l\000e\000y\000\040\000c\000o\000m\000o\000\040\000f\000u\000e\000n\000t\000e\000\040\000f\000o\000r\000m\000a\000l}{chapter.3}% 19
\BOOKMARK [1][-]{section.3.4}{\376\377\000P\000r\000o\000c\000e\000d\000i\000m\000i\000e\000n\000t\000o\000\040\000d\000e\000\040\000f\000o\000r\000m\000a\000c\000i\000\363\000n\000\040\000d\000e\000\040\000l\000a\000s\000\040\000l\000e\000y\000e\000s}{chapter.3}% 20
\BOOKMARK [1][-]{section.3.5}{\376\377\000C\000l\000a\000s\000i\000f\000i\000c\000a\000c\000i\000\363\000n\000\040\000d\000e\000\040\000l\000a\000s\000\040\000l\000e\000y\000e\000s}{chapter.3}% 21
\BOOKMARK [2][-]{subsection.3.5.1}{\376\377\000E\000j\000e\000m\000p\000l\000o\000\040\000p\000r\000o\000b\000l\000e\000m\000\341\000t\000i\000c\000o\000:\000\040\000e\000l\000\040\000a\000r\000t\000\355\000c\000u\000l\000o\000\040\0007\0006\0005\000\040\000C\000C\000y\000C}{section.3.5}% 22
\BOOKMARK [1][-]{section.3.6}{\376\377\000O\000r\000d\000e\000n\000\040\000j\000e\000r\000\341\000r\000q\000u\000i\000c\000o\000\040\000d\000e\000\040\000l\000a\000s\000\040\000l\000e\000y\000e\000s\000\040\000e\000n\000\040\000e\000l\000\040\000d\000e\000r\000e\000c\000h\000o\000\040\000a\000r\000g\000e\000n\000t\000i\000n\000o}{chapter.3}% 23
\BOOKMARK [1][-]{section.3.7}{\376\377\000C\000u\000a\000d\000r\000o\000\040\000C\000o\000r\000n\000e\000l\000l\000:\000\040\000l\000a\000\040\000l\000e\000y\000\040\000c\000o\000m\000o\000\040\000f\000u\000e\000n\000t\000e\000\040\000f\000o\000r\000m\000a\000l}{chapter.3}% 24
\BOOKMARK [0][-]{chapter.4}{\376\377\000V\000i\000g\000e\000n\000c\000i\000a\000\040\000d\000e\000\040\000l\000a\000\040\000l\000e\000y\000\040\000y\000\040\000c\000\363\000m\000p\000u\000t\000o\000\040\000d\000e\000\040\000p\000l\000a\000z\000o\000s}{part.1}% 25
\BOOKMARK [1][-]{section.4.1}{\376\377\000V\000i\000g\000e\000n\000c\000i\000a\000\040\000t\000e\000m\000p\000o\000r\000a\000l\000\040\000d\000e\000\040\000l\000a\000\040\000l\000e\000y}{chapter.4}% 26
\BOOKMARK [2][-]{subsection.4.1.1}{\376\377\000M\000o\000d\000o\000s\000\040\000d\000e\000\040\000d\000e\000r\000o\000g\000a\000c\000i\000\363\000n}{section.4.1}% 27
\BOOKMARK [1][-]{section.4.2}{\376\377\000M\000o\000d\000o\000\040\000d\000e\000\040\000c\000o\000n\000t\000a\000r\000\040\000l\000o\000s\000\040\000i\000n\000t\000e\000r\000v\000a\000l\000o\000s\000\040\000d\000e\000l\000\040\000d\000e\000r\000e\000c\000h\000o\000\040\000\050\000a\000r\000t\000.\000\040\0006\000\040\000C\000C\000y\000C\000\051}{chapter.4}% 28
\BOOKMARK [1][-]{section.4.3}{\376\377\000C\000u\000a\000d\000r\000o\000\040\000C\000o\000r\000n\000e\000l\000l\000:\000\040\000v\000i\000g\000e\000n\000c\000i\000a\000\040\000d\000e\000\040\000l\000a\000\040\000l\000e\000y\000\040\000y\000\040\000c\000\363\000m\000p\000u\000t\000o\000\040\000d\000e\000\040\000p\000l\000a\000z\000o\000s}{chapter.4}% 29
\BOOKMARK [0][-]{chapter.5}{\376\377\000L\000a\000\040\000c\000o\000s\000t\000u\000m\000b\000r\000e\000\040\000j\000u\000r\000\355\000d\000i\000c\000a}{part.1}% 30
\BOOKMARK [1][-]{section.5.1}{\376\377\000C\000o\000n\000c\000e\000p\000t\000o\000\040\000y\000\040\000e\000l\000e\000m\000e\000n\000t\000o\000s}{chapter.5}% 31
\BOOKMARK [1][-]{section.5.2}{\376\377\000I\000m\000p\000o\000r\000t\000a\000n\000c\000i\000a\000\040\000h\000i\000s\000t\000\363\000r\000i\000c\000a\000\040\000d\000e\000\040\000l\000a\000\040\000c\000o\000s\000t\000u\000m\000b\000r\000e}{chapter.5}% 32
\BOOKMARK [1][-]{section.5.3}{\376\377\000T\000i\000p\000o\000s\000\040\000d\000e\000\040\000c\000o\000s\000t\000u\000m\000b\000r\000e}{chapter.5}% 33
\BOOKMARK [1][-]{section.5.4}{\376\377\000L\000a\000\040\000c\000o\000s\000t\000u\000m\000b\000r\000e\000\040\000e\000n\000\040\000e\000l\000\040\000C\000\363\000d\000i\000g\000o\000\040\000C\000i\000v\000i\000l\000\040\000y\000\040\000C\000o\000m\000e\000r\000c\000i\000a\000l}{chapter.5}% 34
\BOOKMARK [2][-]{subsection.5.4.1}{\376\377\000P\000r\000e\000s\000e\000n\000c\000i\000a\000\040\000d\000e\000\040\000l\000a\000\040\000c\000o\000s\000t\000u\000m\000b\000r\000e\000\040\000e\000n\000\040\000m\000a\000t\000e\000r\000i\000a\000\040\000d\000e\000\040\000c\000o\000n\000t\000r\000a\000t\000o\000s}{section.5.4}% 35
\BOOKMARK [1][-]{section.5.5}{\376\377\000C\000u\000a\000d\000r\000o\000\040\000C\000o\000r\000n\000e\000l\000l\000:\000\040\000l\000a\000\040\000c\000o\000s\000t\000u\000m\000b\000r\000e\000\040\000j\000u\000r\000\355\000d\000i\000c\000a}{chapter.5}% 36
\BOOKMARK [0][-]{chapter.6}{\376\377\000J\000u\000r\000i\000s\000p\000r\000u\000d\000e\000n\000c\000i\000a\000,\000\040\000p\000l\000e\000n\000a\000r\000i\000o\000s\000\040\000y\000\040\000d\000o\000c\000t\000r\000i\000n\000a}{part.1}% 37
\BOOKMARK [1][-]{section.6.1}{\376\377\000L\000a\000\040\000j\000u\000r\000i\000s\000p\000r\000u\000d\000e\000n\000c\000i\000a\000\040\000c\000o\000m\000o\000\040\000f\000u\000e\000n\000t\000e\000\040\000m\000a\000t\000e\000r\000i\000a\000l}{chapter.6}% 38
\BOOKMARK [1][-]{section.6.2}{\376\377\000L\000o\000s\000\040\000f\000a\000l\000l\000o\000s\000\040\000p\000l\000e\000n\000a\000r\000i\000o\000s\000\040\000c\000o\000m\000o\000\040\000f\000u\000e\000n\000t\000e\000\040\000f\000o\000r\000m\000a\000l}{chapter.6}% 39
\BOOKMARK [1][-]{section.6.3}{\376\377\000D\000i\000f\000u\000s\000i\000\363\000n\000\040\000d\000e\000\040\000l\000a\000\040\000j\000u\000r\000i\000s\000p\000r\000u\000d\000e\000n\000c\000i\000a}{chapter.6}% 40
\BOOKMARK [1][-]{section.6.4}{\376\377\000L\000a\000\040\000d\000o\000c\000t\000r\000i\000n\000a\000\040\000c\000o\000m\000o\000\040\000f\000u\000e\000n\000t\000e\000\040\000m\000a\000t\000e\000r\000i\000a\000l}{chapter.6}% 41
\BOOKMARK [1][-]{section.6.5}{\376\377\000O\000t\000r\000a\000s\000\040\000f\000u\000e\000n\000t\000e\000s\000\040\000m\000a\000t\000e\000r\000i\000a\000l\000e\000s\000:\000\040\000d\000e\000r\000e\000c\000h\000o\000\040\000c\000o\000m\000p\000a\000r\000a\000d\000o\000\040\000y\000\040\000p\000r\000i\000n\000c\000i\000p\000i\000o\000s\000\040\000j\000u\000r\000\355\000d\000i\000c\000o\000s}{chapter.6}% 42
\BOOKMARK [1][-]{section.6.6}{\376\377\000C\000u\000a\000d\000r\000o\000\040\000C\000o\000r\000n\000e\000l\000l\000:\000\040\000j\000u\000r\000i\000s\000p\000r\000u\000d\000e\000n\000c\000i\000a\000,\000\040\000p\000l\000e\000n\000a\000r\000i\000o\000s\000\040\000y\000\040\000d\000o\000c\000t\000r\000i\000n\000a}{chapter.6}% 43
\BOOKMARK [1][-]{section.6.7}{\376\377\000S\000\355\000n\000t\000e\000s\000i\000s\000\040\000d\000e\000\040\000l\000a\000s\000\040\000f\000u\000e\000n\000t\000e\000s\000\040\000d\000e\000l\000\040\000d\000e\000r\000e\000c\000h\000o}{chapter.6}% 44
\BOOKMARK [0][-]{chapter.7}{\376\377\000E\000l\000\040\000p\000r\000o\000b\000l\000e\000m\000a\000\040\000c\000o\000n\000c\000e\000p\000t\000u\000a\000l\000\040\000d\000e\000l\000\040\000a\000b\000u\000s\000o\000\040\000d\000e\000l\000\040\000d\000e\000r\000e\000c\000h\000o}{part.1}% 45
\BOOKMARK [1][-]{section.7.1}{\376\377\000I\000n\000t\000r\000o\000d\000u\000c\000c\000i\000\363\000n}{chapter.7}% 46
\BOOKMARK [1][-]{section.7.2}{\376\377\000E\000l\000\040\000d\000i\000l\000e\000m\000a\000\040\000d\000e\000l\000\040\000a\000b\000u\000s\000o\000\040\000d\000e\000l\000\040\000d\000e\000r\000e\000c\000h\000o}{chapter.7}% 47
\BOOKMARK [2][-]{subsection.7.2.1}{\376\377\000L\000a\000\040\000n\000o\000c\000i\000\363\000n\000\040\000d\000e\000\040\000d\000e\000r\000e\000c\000h\000o\000\040\000s\000u\000b\000j\000e\000t\000i\000v\000o\000\040\000c\000o\000m\000o\000\040\000p\000u\000n\000t\000o\000\040\000d\000e\000\040\000p\000a\000r\000t\000i\000d\000a}{section.7.2}% 48
\BOOKMARK [1][-]{section.7.3}{\376\377\000C\000a\000s\000o\000\040\000p\000r\000\341\000c\000t\000i\000c\000o\000:\000\040\000p\000r\000o\000p\000i\000e\000d\000a\000d\000\040\000h\000o\000r\000i\000z\000o\000n\000t\000a\000l}{chapter.7}% 49
\BOOKMARK [1][-]{section.7.4}{\376\377\000C\000r\000\355\000t\000i\000c\000a\000s\000\040\000a\000\040\000l\000a\000\040\000n\000o\000c\000i\000\363\000n\000\040\000d\000e\000\040\000a\000b\000u\000s\000o\000\040\000d\000e\000l\000\040\000d\000e\000r\000e\000c\000h\000o}{chapter.7}% 50
\BOOKMARK [1][-]{section.7.5}{\376\377\000T\000e\000r\000m\000i\000n\000o\000l\000o\000g\000\355\000a\000\040\000t\000\351\000c\000n\000i\000c\000a\000\040\000c\000o\000r\000r\000e\000c\000t\000a}{chapter.7}% 51
\BOOKMARK [1][-]{section.7.6}{\376\377\000C\000u\000a\000d\000r\000o\000\040\000C\000o\000r\000n\000e\000l\000l\000:\000\040\000e\000l\000\040\000p\000r\000o\000b\000l\000e\000m\000a\000\040\000c\000o\000n\000c\000e\000p\000t\000u\000a\000l\000\040\000d\000e\000l\000\040\000a\000b\000u\000s\000o}{chapter.7}% 52
\BOOKMARK [0][-]{chapter.8}{\376\377\000C\000r\000i\000t\000e\000r\000i\000o\000s\000\040\000t\000e\000\363\000r\000i\000c\000o\000s\000\040\000p\000a\000r\000a\000\040\000d\000e\000t\000e\000r\000m\000i\000n\000a\000r\000\040\000e\000l\000\040\000a\000b\000u\000s\000o}{part.1}% 53
\BOOKMARK [1][-]{section.8.1}{\376\377\000C\000r\000i\000t\000e\000r\000i\000o\000s\000\040\000s\000u\000b\000j\000e\000t\000i\000v\000o\000s}{chapter.8}% 54
\BOOKMARK [1][-]{section.8.2}{\376\377\000C\000r\000i\000t\000e\000r\000i\000o\000s\000\040\000o\000b\000j\000e\000t\000i\000v\000o\000s}{chapter.8}% 55
\BOOKMARK [1][-]{section.8.3}{\376\377\000C\000r\000i\000t\000e\000r\000i\000o\000\040\000m\000i\000x\000t\000o}{chapter.8}% 56
\BOOKMARK [1][-]{section.8.4}{\376\377\000C\000u\000a\000d\000r\000o\000\040\000C\000o\000r\000n\000e\000l\000l\000:\000\040\000c\000r\000i\000t\000e\000r\000i\000o\000s\000\040\000p\000a\000r\000a\000\040\000d\000e\000t\000e\000r\000m\000i\000n\000a\000r\000\040\000e\000l\000\040\000a\000b\000u\000s\000o}{chapter.8}% 57
\BOOKMARK [0][-]{chapter.9}{\376\377\000E\000l\000\040\000a\000b\000u\000s\000o\000\040\000d\000e\000l\000\040\000d\000e\000r\000e\000c\000h\000o\000\040\000e\000n\000\040\000e\000l\000\040\000d\000e\000r\000e\000c\000h\000o\000\040\000a\000r\000g\000e\000n\000t\000i\000n\000o}{part.1}% 58
\BOOKMARK [1][-]{section.9.1}{\376\377\000E\000l\000\040\000C\000\363\000d\000i\000g\000o\000\040\000C\000i\000v\000i\000l\000\040\000d\000e\000\040\000V\000\351\000l\000e\000z\000\040\000S\000\341\000r\000s\000f\000i\000e\000l\000d\000\040\000\050\0001\0008\0007\0001\000\051}{chapter.9}% 59
\BOOKMARK [1][-]{section.9.2}{\376\377\000L\000a\000\040\000j\000u\000r\000i\000s\000p\000r\000u\000d\000e\000n\000c\000i\000a\000\040\000a\000n\000t\000e\000r\000i\000o\000r\000\040\000a\000\040\000l\000a\000\040\000r\000e\000f\000o\000r\000m\000a\000\040\000d\000e\000\040\0001\0009\0006\0008}{chapter.9}% 60
\BOOKMARK [1][-]{section.9.3}{\376\377\000L\000a\000\040\000C\000o\000n\000s\000t\000i\000t\000u\000c\000i\000\363\000n\000\040\000d\000e\000\040\0001\0009\0004\0009}{chapter.9}% 61
\BOOKMARK [1][-]{section.9.4}{\376\377\000E\000l\000\040\000f\000a\000l\000l\000o\000\040\000R\000e\000i\000n\000a\000\040\000\050\000C\000o\000r\000t\000e\000\040\000S\000u\000p\000r\000e\000m\000a\000,\000\040\0001\0009\0005\0006\000\051}{chapter.9}% 62
\BOOKMARK [1][-]{section.9.5}{\376\377\000L\000a\000\040\000L\000e\000y\000\040\0001\0007\000.\0007\0001\0001\000\040\000\050\0001\0009\0006\0008\000\051\000:\000\040\000r\000e\000f\000o\000r\000m\000a\000\040\000d\000e\000l\000\040\000a\000r\000t\000\355\000c\000u\000l\000o\000\040\0001\0000\0007\0001}{chapter.9}% 63
\BOOKMARK [2][-]{subsection.9.5.1}{\376\377\000T\000r\000e\000s\000\040\000c\000a\000m\000b\000i\000o\000s\000\040\000f\000u\000n\000d\000a\000m\000e\000n\000t\000a\000l\000e\000s}{section.9.5}% 64
\BOOKMARK [1][-]{section.9.6}{\376\377\000E\000l\000\040\000C\000\363\000d\000i\000g\000o\000\040\000C\000i\000v\000i\000l\000\040\000y\000\040\000C\000o\000m\000e\000r\000c\000i\000a\000l\000\040\000d\000e\000\040\000l\000a\000\040\000N\000a\000c\000i\000\363\000n\000\040\000\050\0002\0000\0001\0005\000\051}{chapter.9}% 65
\BOOKMARK [2][-]{subsection.9.6.1}{\376\377\000T\000r\000e\000s\000\040\000c\000a\000m\000b\000i\000o\000s\000\040\000r\000e\000s\000p\000e\000c\000t\000o\000\040\000d\000e\000\040\000l\000a\000\040\000L\000e\000y\000\040\0001\0007\000.\0007\0001\0001}{section.9.6}% 66
\BOOKMARK [1][-]{section.9.7}{\376\377\000O\000t\000r\000o\000s\000\040\000a\000r\000t\000\355\000c\000u\000l\000o\000s\000\040\000r\000e\000l\000a\000c\000i\000o\000n\000a\000d\000o\000s\000\040\000d\000e\000l\000\040\000C\000\363\000d\000i\000g\000o\000\040\000C\000i\000v\000i\000l\000\040\000y\000\040\000C\000o\000m\000e\000r\000c\000i\000a\000l}{chapter.9}% 67
\BOOKMARK [1][-]{section.9.8}{\376\377\000C\000u\000a\000d\000r\000o\000\040\000C\000o\000r\000n\000e\000l\000l\000:\000\040\000e\000l\000\040\000a\000b\000u\000s\000o\000\040\000d\000e\000l\000\040\000d\000e\000r\000e\000c\000h\000o\000\040\000e\000n\000\040\000e\000l\000\040\000d\000e\000r\000e\000c\000h\000o\000\040\000a\000r\000g\000e\000n\000t\000i\000n\000o}{chapter.9}% 68
\BOOKMARK [-1][-]{part.2}{\376\377\000I\000I\000\040\000E\000l\000\040\000s\000u\000j\000e\000t\000o\000\040\000d\000e\000\040\000l\000a\000\040\000r\000e\000l\000a\000c\000i\000\363\000n\000\040\000j\000u\000r\000\355\000d\000i\000c\000a\000:\000\040\000l\000a\000\040\000p\000e\000r\000s\000o\000n\000a\000\040\000h\000u\000m\000a\000n\000a}{}% 69
\BOOKMARK [0][-]{chapter.10}{\376\377\000M\000a\000r\000c\000o\000\040\000c\000o\000n\000v\000e\000n\000c\000i\000o\000n\000a\000l\000\040\000y\000\040\000a\000n\000t\000e\000c\000e\000d\000e\000n\000t\000e\000s}{part.2}% 70
\BOOKMARK [1][-]{section.10.1}{\376\377\000P\000r\000e\000s\000e\000n\000t\000a\000c\000i\000\363\000n\000\040\000d\000e\000l\000\040\000t\000e\000m\000a}{chapter.10}% 71
\BOOKMARK [1][-]{section.10.2}{\376\377\000L\000a\000\040\000C\000o\000n\000v\000e\000n\000c\000i\000\363\000n\000\040\000s\000o\000b\000r\000e\000\040\000l\000o\000s\000\040\000D\000e\000r\000e\000c\000h\000o\000s\000\040\000d\000e\000\040\000l\000a\000s\000\040\000P\000e\000r\000s\000o\000n\000a\000s\000\040\000c\000o\000n\000\040\000D\000i\000s\000c\000a\000p\000a\000c\000i\000d\000a\000d\000\040\000\050\000C\000D\000P\000D\000\051}{chapter.10}% 72
\BOOKMARK [2][-]{subsection.10.2.1}{\376\377\000E\000l\000\040\000a\000r\000t\000\355\000c\000u\000l\000o\000\040\0001\0002\000\040\000d\000e\000\040\000l\000a\000\040\000C\000D\000P\000D\000:\000\040\000i\000g\000u\000a\000l\000\040\000r\000e\000c\000o\000n\000o\000c\000i\000m\000i\000e\000n\000t\000o\000\040\000c\000o\000m\000o\000\040\000p\000e\000r\000s\000o\000n\000a\000\040\000a\000n\000t\000e\000\040\000l\000a\000\040\000l\000e\000y}{section.10.2}% 73
\BOOKMARK [2][-]{subsection.10.2.2}{\376\377\000E\000l\000\040\000C\000o\000m\000i\000t\000\351\000\040\000d\000e\000\040\000l\000a\000\040\000C\000D\000P\000D\000\040\000y\000\040\000e\000l\000\040\000m\000o\000d\000e\000l\000o\000\040\000d\000e\000\040\000a\000p\000o\000y\000o\000\040\000a\000\040\000l\000a\000\040\000d\000e\000c\000i\000s\000i\000\363\000n}{section.10.2}% 74
\BOOKMARK [1][-]{section.10.3}{\376\377\000E\000l\000\040\000r\000\351\000g\000i\000m\000e\000n\000\040\000d\000e\000l\000\040\000C\000\363\000d\000i\000g\000o\000\040\000C\000i\000v\000i\000l\000\040\000d\000e\000r\000o\000g\000a\000d\000o\000:\000\040\000i\000n\000c\000a\000p\000a\000c\000e\000s\000\040\000e\000\040\000i\000n\000h\000a\000b\000i\000l\000i\000t\000a\000d\000o\000s}{chapter.10}% 75
\BOOKMARK [2][-]{subsection.10.3.1}{\376\377\000F\000i\000g\000u\000r\000a\000\040\0001\000:\000\040\000l\000o\000s\000\040\000i\000n\000c\000a\000p\000a\000c\000e\000s\000\040\000d\000e\000\040\000h\000e\000c\000h\000o\000\040\000d\000e\000c\000l\000a\000r\000a\000d\000o\000s\000\040\000j\000u\000d\000i\000c\000i\000a\000l\000m\000e\000n\000t\000e}{section.10.3}% 76
\BOOKMARK [2][-]{subsection.10.3.2}{\376\377\000F\000i\000g\000u\000r\000a\000\040\0002\000:\000\040\000l\000o\000s\000\040\000i\000n\000h\000a\000b\000i\000l\000i\000t\000a\000d\000o\000s\000\040\000\050\000a\000r\000t\000\355\000c\000u\000l\000o\000\040\0001\0005\0002\000\040\000b\000i\000s\000\051}{section.10.3}% 77
\BOOKMARK [1][-]{section.10.4}{\376\377\000L\000a\000\040\000L\000e\000y\000\040\000d\000e\000\040\000S\000a\000l\000u\000d\000\040\000M\000e\000n\000t\000a\000l\000\040\0002\0006\000.\0006\0005\0007\000\040\000y\000\040\000e\000l\000\040\000a\000r\000t\000\355\000c\000u\000l\000o\000\040\0001\0005\0002\000\040\000t\000e\000r}{chapter.10}% 78
\BOOKMARK [1][-]{section.10.5}{\376\377\000C\000u\000a\000d\000r\000o\000\040\000C\000o\000r\000n\000e\000l\000l\000\040\040\024\000\040\000B\000l\000o\000q\000u\000e\000\040\0001}{chapter.10}% 79
\BOOKMARK [0][-]{chapter.11}{\376\377\000T\000i\000p\000o\000s\000\040\000d\000e\000\040\000r\000e\000s\000t\000r\000i\000c\000c\000i\000o\000n\000e\000s\000\040\000a\000\040\000l\000a\000\040\000c\000a\000p\000a\000c\000i\000d\000a\000d\000\040\000e\000n\000\040\000e\000l\000\040\000C\000\363\000d\000i\000g\000o\000\040\000C\000i\000v\000i\000l\000\040\000y\000\040\000C\000o\000m\000e\000r\000c\000i\000a\000l}{part.2}% 80
\BOOKMARK [1][-]{section.11.1}{\376\377\000R\000e\000g\000l\000a\000s\000\040\000g\000e\000n\000e\000r\000a\000l\000e\000s\000\040\000d\000e\000l\000\040\000a\000r\000t\000\355\000c\000u\000l\000o\000\040\0003\0001}{chapter.11}% 81
\BOOKMARK [1][-]{section.11.2}{\376\377\000P\000e\000r\000s\000o\000n\000a\000s\000\040\000c\000o\000n\000\040\000c\000a\000p\000a\000c\000i\000d\000a\000d\000\040\000r\000e\000s\000t\000r\000i\000n\000g\000i\000d\000a\000\040\000\050\000a\000r\000t\000\355\000c\000u\000l\000o\000\040\0003\0002\000,\000\040\000p\000r\000i\000m\000e\000r\000\040\000p\000\341\000r\000r\000a\000f\000o\000\051}{chapter.11}% 82
\BOOKMARK [2][-]{subsection.11.2.1}{\376\377\000R\000e\000q\000u\000i\000s\000i\000t\000o\000s\000\040\000d\000e\000l\000\040\000a\000r\000t\000\355\000c\000u\000l\000o\000\040\0003\0002}{section.11.2}% 83
\BOOKMARK [2][-]{subsection.11.2.2}{\376\377\000R\000\351\000g\000i\000m\000e\000n\000\040\000d\000e\000\040\000l\000a\000s\000\040\000p\000e\000r\000s\000o\000n\000a\000s\000\040\000c\000o\000n\000\040\000c\000a\000p\000a\000c\000i\000d\000a\000d\000\040\000r\000e\000s\000t\000r\000i\000n\000g\000i\000d\000a}{section.11.2}% 84
\BOOKMARK [1][-]{section.11.3}{\376\377\000P\000e\000r\000s\000o\000n\000a\000s\000\040\000i\000n\000c\000a\000p\000a\000c\000e\000s\000\040\000\050\000a\000r\000t\000\355\000c\000u\000l\000o\000\040\0003\0002\000,\000\040\000\372\000l\000t\000i\000m\000o\000\040\000p\000\341\000r\000r\000a\000f\000o\000\051}{chapter.11}% 85
\BOOKMARK [2][-]{subsection.11.3.1}{\376\377\000R\000\351\000g\000i\000m\000e\000n\000\040\000d\000e\000\040\000l\000a\000s\000\040\000p\000e\000r\000s\000o\000n\000a\000s\000\040\000i\000n\000c\000a\000p\000a\000c\000e\000s}{section.11.3}% 86
\BOOKMARK [1][-]{section.11.4}{\376\377\000I\000n\000h\000a\000b\000i\000l\000i\000t\000a\000d\000o\000s\000\040\000p\000o\000r\000\040\000p\000r\000o\000d\000i\000g\000a\000l\000i\000d\000a\000d\000\040\000\050\000a\000r\000t\000\355\000c\000u\000l\000o\000\040\0004\0008\000\051}{chapter.11}% 87
\BOOKMARK [2][-]{subsection.11.4.1}{\376\377\000R\000\351\000g\000i\000m\000e\000n\000\040\000d\000e\000\040\000l\000o\000s\000\040\000i\000n\000h\000a\000b\000i\000l\000i\000t\000a\000d\000o\000s}{section.11.4}% 88
\BOOKMARK [1][-]{section.11.5}{\376\377\000C\000u\000a\000d\000r\000o\000\040\000C\000o\000r\000n\000e\000l\000l\000\040\040\024\000\040\000B\000l\000o\000q\000u\000e\000\040\0002}{chapter.11}% 89
\BOOKMARK [0][-]{chapter.12}{\376\377\000A\000s\000p\000e\000c\000t\000o\000s\000\040\000p\000r\000o\000c\000e\000s\000a\000l\000e\000s}{part.2}% 90
\BOOKMARK [1][-]{section.12.1}{\376\377\000J\000u\000e\000z\000\040\000c\000o\000m\000p\000e\000t\000e\000n\000t\000e\000\040\000y\000\040\000l\000e\000g\000i\000t\000i\000m\000a\000d\000o\000s\000\040\000a\000c\000t\000i\000v\000o\000s}{chapter.12}% 91
\BOOKMARK [2][-]{subsection.12.1.1}{\376\377\000J\000u\000e\000z\000\040\000c\000o\000m\000p\000e\000t\000e\000n\000t\000e\000\040\000\050\000a\000r\000t\000\355\000c\000u\000l\000o\000\040\0003\0006\000\051}{section.12.1}% 92
\BOOKMARK [2][-]{subsection.12.1.2}{\376\377\000L\000e\000g\000i\000t\000i\000m\000a\000d\000o\000s\000\040\000a\000c\000t\000i\000v\000o\000s\000\040\000\050\000a\000r\000t\000\355\000c\000u\000l\000o\000\040\0003\0003\000\051}{section.12.1}% 93
\BOOKMARK [1][-]{section.12.2}{\376\377\000M\000e\000d\000i\000d\000a\000s\000\040\000c\000a\000u\000t\000e\000l\000a\000r\000e\000s\000\040\000y\000\040\000e\000n\000t\000r\000e\000v\000i\000s\000t\000a\000\040\000p\000e\000r\000s\000o\000n\000a\000l}{chapter.12}% 94
\BOOKMARK [2][-]{subsection.12.2.1}{\376\377\000M\000e\000d\000i\000d\000a\000s\000\040\000c\000a\000u\000t\000e\000l\000a\000r\000e\000s\000\040\000\050\000a\000r\000t\000\355\000c\000u\000l\000o\000\040\0003\0004\000\051}{section.12.2}% 95
\BOOKMARK [2][-]{subsection.12.2.2}{\376\377\000E\000n\000t\000r\000e\000v\000i\000s\000t\000a\000\040\000p\000e\000r\000s\000o\000n\000a\000l\000\040\000\050\000a\000r\000t\000\355\000c\000u\000l\000o\000\040\0003\0005\000\051}{section.12.2}% 96
\BOOKMARK [1][-]{section.12.3}{\376\377\000L\000a\000\040\000p\000e\000r\000s\000o\000n\000a\000\040\000c\000o\000m\000o\000\040\000p\000a\000r\000t\000e\000\040\000y\000\040\000a\000s\000i\000s\000t\000e\000n\000c\000i\000a\000\040\000l\000e\000t\000r\000a\000d\000a}{chapter.12}% 97
\BOOKMARK [1][-]{section.12.4}{\376\377\000D\000i\000c\000t\000a\000m\000e\000n\000\040\000i\000n\000t\000e\000r\000d\000i\000s\000c\000i\000p\000l\000i\000n\000a\000r\000i\000o\000\040\000y\000\040\000c\000o\000n\000t\000e\000n\000i\000d\000o\000\040\000d\000e\000\040\000l\000a\000\040\000s\000e\000n\000t\000e\000n\000c\000i\000a}{chapter.12}% 98
\BOOKMARK [2][-]{subsection.12.4.1}{\376\377\000A\000r\000t\000\355\000c\000u\000l\000o\000\040\0003\0007\000:\000\040\000e\000l\000\040\000d\000i\000c\000t\000a\000m\000e\000n\000\040\000i\000n\000t\000e\000r\000d\000i\000s\000c\000i\000p\000l\000i\000n\000a\000r\000i\000o}{section.12.4}% 99
\BOOKMARK [2][-]{subsection.12.4.2}{\376\377\000A\000r\000t\000\355\000c\000u\000l\000o\000\040\0003\0008\000:\000\040\000e\000l\000\040\000c\000o\000n\000t\000e\000n\000i\000d\000o\000\040\000d\000e\000\040\000l\000a\000\040\000s\000e\000n\000t\000e\000n\000c\000i\000a}{section.12.4}% 100
\BOOKMARK [1][-]{section.12.5}{\376\377\000R\000e\000g\000i\000s\000t\000r\000o\000,\000\040\000r\000e\000v\000i\000s\000i\000\363\000n\000,\000\040\000i\000n\000t\000e\000r\000n\000a\000c\000i\000\363\000n\000\040\000y\000\040\000t\000r\000a\000s\000l\000a\000d\000o\000s}{chapter.12}% 101
\BOOKMARK [2][-]{subsection.12.5.1}{\376\377\000R\000e\000g\000i\000s\000t\000r\000o\000\040\000\050\000a\000r\000t\000\355\000c\000u\000l\000o\000\040\0003\0009\000\051}{section.12.5}% 102
\BOOKMARK [2][-]{subsection.12.5.2}{\376\377\000R\000e\000v\000i\000s\000i\000\363\000n\000\040\000\050\000a\000r\000t\000\355\000c\000u\000l\000o\000\040\0004\0000\000\051}{section.12.5}% 103
\BOOKMARK [2][-]{subsection.12.5.3}{\376\377\000I\000n\000t\000e\000r\000n\000a\000c\000i\000\363\000n\000\040\000\050\000a\000r\000t\000\355\000c\000u\000l\000o\000\040\0004\0001\000\051\000\040\000y\000\040\000t\000r\000a\000s\000l\000a\000d\000o\000s\000\040\000\050\000a\000r\000t\000\355\000c\000u\000l\000o\000\040\0004\0002\000\051}{section.12.5}% 104
\BOOKMARK [1][-]{section.12.6}{\376\377\000C\000u\000a\000d\000r\000o\000\040\000C\000o\000r\000n\000e\000l\000l\000\040\040\024\000\040\000B\000l\000o\000q\000u\000e\000\040\0003}{chapter.12}% 105
\BOOKMARK [0][-]{chapter.13}{\376\377\000V\000a\000l\000i\000d\000e\000z\000\040\000d\000e\000\040\000l\000o\000s\000\040\000a\000c\000t\000o\000s\000\040\000y\000\040\000s\000i\000s\000t\000e\000m\000a\000\040\000d\000e\000\040\000a\000p\000o\000y\000o\000s}{part.2}% 106
\BOOKMARK [1][-]{section.13.1}{\376\377\000N\000u\000l\000i\000d\000a\000d\000\040\000d\000e\000\040\000l\000o\000s\000\040\000a\000c\000t\000o\000s\000\040\000p\000o\000s\000t\000e\000r\000i\000o\000r\000e\000s\000\040\000y\000\040\000a\000n\000t\000e\000r\000i\000o\000r\000e\000s\000\040\000a\000\040\000l\000a\000\040\000s\000e\000n\000t\000e\000n\000c\000i\000a}{chapter.13}% 107
\BOOKMARK [2][-]{subsection.13.1.1}{\376\377\000A\000c\000t\000o\000s\000\040\000p\000o\000s\000t\000e\000r\000i\000o\000r\000e\000s\000\040\000a\000\040\000l\000a\000\040\000i\000n\000s\000c\000r\000i\000p\000c\000i\000\363\000n\000\040\000\050\000a\000r\000t\000\355\000c\000u\000l\000o\000\040\0004\0004\000\051}{section.13.1}% 108
\BOOKMARK [2][-]{subsection.13.1.2}{\376\377\000A\000c\000t\000o\000s\000\040\000a\000n\000t\000e\000r\000i\000o\000r\000e\000s\000\040\000a\000\040\000l\000a\000\040\000s\000e\000n\000t\000e\000n\000c\000i\000a\000\040\000\050\000a\000r\000t\000\355\000c\000u\000l\000o\000\040\0004\0005\000\051}{section.13.1}% 109
\BOOKMARK [1][-]{section.13.2}{\376\377\000C\000e\000s\000e\000\040\000d\000e\000\040\000l\000a\000s\000\040\000r\000e\000s\000t\000r\000i\000c\000c\000i\000o\000n\000e\000s\000\040\000\050\000a\000r\000t\000\355\000c\000u\000l\000o\000\040\0004\0007\000\051}{chapter.13}% 110
\BOOKMARK [1][-]{section.13.3}{\376\377\000E\000l\000\040\000s\000i\000s\000t\000e\000m\000a\000\040\000d\000e\000\040\000a\000p\000o\000y\000o\000s\000\040\000\050\000a\000r\000t\000\355\000c\000u\000l\000o\000\040\0004\0003\000\051\000\040\000y\000\040\000c\000o\000n\000c\000l\000u\000s\000i\000o\000n\000e\000s}{chapter.13}% 111
\BOOKMARK [2][-]{subsection.13.3.1}{\376\377\000S\000a\000l\000v\000a\000g\000u\000a\000r\000d\000i\000a\000s\000:\000\040\000c\000o\000n\000f\000l\000i\000c\000t\000o\000\040\000d\000e\000\040\000i\000n\000t\000e\000r\000e\000s\000e\000s\000\040\000e\000\040\000i\000n\000f\000l\000u\000e\000n\000c\000i\000a\000\040\000i\000n\000d\000e\000b\000i\000d\000a}{section.13.3}% 112
\BOOKMARK [2][-]{subsection.13.3.2}{\376\377\000C\000r\000i\000t\000e\000r\000i\000o\000\040\000d\000e\000\040\000a\000c\000t\000u\000a\000c\000i\000\363\000n\000\040\000d\000e\000\040\000l\000o\000s\000\040\000a\000p\000o\000y\000o\000s}{section.13.3}% 113
\BOOKMARK [2][-]{subsection.13.3.3}{\376\377\000C\000o\000n\000c\000l\000u\000s\000i\000o\000n\000e\000s\000\040\000g\000e\000n\000e\000r\000a\000l\000e\000s}{section.13.3}% 114
\BOOKMARK [1][-]{section.13.4}{\376\377\000C\000u\000a\000d\000r\000o\000\040\000c\000o\000m\000p\000a\000r\000a\000t\000i\000v\000o\000:\000\040\000r\000\351\000g\000i\000m\000e\000n\000\040\000a\000n\000t\000e\000r\000i\000o\000r\000\040\000y\000\040\000r\000\351\000g\000i\000m\000e\000n\000\040\000v\000i\000g\000e\000n\000t\000e}{chapter.13}% 115
\BOOKMARK [1][-]{section.13.5}{\376\377\000C\000u\000a\000d\000r\000o\000\040\000C\000o\000r\000n\000e\000l\000l\000\040\000d\000e\000\040\000r\000e\000p\000a\000s\000o\000\040\000g\000e\000n\000e\000r\000a\000l}{chapter.13}% 116
\BOOKMARK [0][-]{chapter.14}{\376\377\000D\000e\000r\000e\000c\000h\000o\000s\000\040\000p\000e\000r\000s\000o\000n\000a\000l\000\355\000s\000i\000m\000o\000s}{part.2}% 117
\BOOKMARK [1][-]{section.14.1}{\376\377\000I\000n\000t\000r\000o\000d\000u\000c\000c\000i\000\363\000n}{chapter.14}% 118
\BOOKMARK [1][-]{section.14.2}{\376\377\000A\000l\000c\000a\000n\000c\000e\000\040\000y\000\040\000o\000r\000d\000e\000n\000\040\000d\000e\000\040\000e\000x\000p\000o\000s\000i\000c\000i\000\363\000n}{chapter.14}% 119
\BOOKMARK [1][-]{section.14.3}{\376\377\000N\000o\000c\000i\000\363\000n\000\040\000d\000e\000\040\000d\000e\000r\000e\000c\000h\000o\000s\000\040\000p\000e\000r\000s\000o\000n\000a\000l\000\355\000s\000i\000m\000o\000s}{chapter.14}% 120
\BOOKMARK [1][-]{section.14.4}{\376\377\000I\000m\000p\000o\000r\000t\000a\000n\000c\000i\000a\000\040\000y\000\040\000c\000o\000n\000t\000e\000x\000t\000o\000\040\000a\000c\000t\000u\000a\000l}{chapter.14}% 121
\BOOKMARK [2][-]{subsection.14.4.1}{\376\377\000D\000a\000t\000o\000s\000\040\000p\000e\000r\000s\000o\000n\000a\000l\000e\000s\000\040\000y\000\040\000p\000r\000i\000v\000a\000c\000i\000d\000a\000d\000\040\000d\000i\000g\000i\000t\000a\000l}{section.14.4}% 122
\BOOKMARK [1][-]{section.14.5}{\376\377\000A\000n\000t\000e\000c\000e\000d\000e\000n\000t\000e\000s\000\040\000e\000n\000\040\000A\000r\000g\000e\000n\000t\000i\000n\000a}{chapter.14}% 123
\BOOKMARK [2][-]{subsection.14.5.1}{\376\377\000E\000l\000\040\000C\000\363\000d\000i\000g\000o\000\040\000d\000e\000\040\000V\000\351\000l\000e\000z}{section.14.5}% 124
\BOOKMARK [2][-]{subsection.14.5.2}{\376\377\000E\000v\000o\000l\000u\000c\000i\000\363\000n\000\040\000l\000e\000g\000i\000s\000l\000a\000t\000i\000v\000a\000\040\000e\000n\000\040\000A\000r\000g\000e\000n\000t\000i\000n\000a}{section.14.5}% 125
\BOOKMARK [2][-]{subsection.14.5.3}{\376\377\000L\000a\000\040\000C\000o\000n\000s\000t\000i\000t\000u\000c\000i\000\363\000n\000\040\000N\000a\000c\000i\000o\000n\000a\000l\000\040\000d\000e\000\040\0001\0009\0009\0004}{section.14.5}% 126
\BOOKMARK [1][-]{section.14.6}{\376\377\000C\000a\000r\000a\000c\000t\000e\000r\000e\000s\000\040\000d\000e\000\040\000l\000o\000s\000\040\000d\000e\000r\000e\000c\000h\000o\000s\000\040\000p\000e\000r\000s\000o\000n\000a\000l\000\355\000s\000i\000m\000o\000s}{chapter.14}% 127
\BOOKMARK [1][-]{section.14.7}{\376\377\000C\000l\000a\000s\000i\000f\000i\000c\000a\000c\000i\000\363\000n\000\040\000t\000r\000i\000p\000a\000r\000t\000i\000t\000a}{chapter.14}% 128
\BOOKMARK [1][-]{section.14.8}{\376\377\000R\000e\000g\000u\000l\000a\000c\000i\000\363\000n\000\040\000e\000n\000\040\000e\000l\000\040\000C\000\363\000d\000i\000g\000o\000\040\000C\000i\000v\000i\000l\000\040\000y\000\040\000C\000o\000m\000e\000r\000c\000i\000a\000l}{chapter.14}% 129
\BOOKMARK [2][-]{subsection.14.8.1}{\376\377\000D\000i\000s\000p\000o\000s\000i\000c\000i\000o\000n\000e\000s\000\040\000g\000e\000n\000e\000r\000a\000l\000e\000s\000:\000\040\000a\000r\000t\000\355\000c\000u\000l\000o\000\040\0005\0001}{section.14.8}% 130
\BOOKMARK [2][-]{subsection.14.8.2}{\376\377\000M\000e\000d\000i\000o\000s\000\040\000d\000e\000\040\000p\000r\000o\000t\000e\000c\000c\000i\000\363\000n\000:\000\040\000p\000r\000e\000v\000e\000n\000c\000i\000\363\000n\000\040\000y\000\040\000r\000e\000p\000a\000r\000a\000c\000i\000\363\000n}{section.14.8}% 131
\BOOKMARK [2][-]{subsection.14.8.3}{\376\377\000D\000i\000s\000p\000o\000n\000i\000b\000i\000l\000i\000d\000a\000d\000\040\000r\000e\000l\000a\000t\000i\000v\000a\000:\000\040\000a\000r\000t\000\355\000c\000u\000l\000o\000\040\0005\0005}{section.14.8}% 132
\BOOKMARK [1][-]{section.14.9}{\376\377\000D\000e\000r\000e\000c\000h\000o\000\040\000a\000\040\000l\000a\000\040\000l\000i\000b\000e\000r\000t\000a\000d}{chapter.14}% 133
\BOOKMARK [1][-]{section.14.10}{\376\377\000C\000u\000a\000d\000r\000o\000\040\000C\000o\000r\000n\000e\000l\000l\000\040\000d\000e\000\040\000r\000e\000p\000a\000s\000o}{chapter.14}% 134
\BOOKMARK [0][-]{chapter.15}{\376\377\000L\000a\000\040\000m\000u\000e\000r\000t\000e\000:\000\040\000f\000i\000n\000\040\000d\000e\000\040\000l\000a\000\040\000e\000x\000i\000s\000t\000e\000n\000c\000i\000a\000\040\000d\000e\000\040\000l\000a\000\040\000p\000e\000r\000s\000o\000n\000a\000\040\000h\000u\000m\000a\000n\000a}{part.2}% 135
\BOOKMARK [1][-]{section.15.1}{\376\377\000U\000b\000i\000c\000a\000c\000i\000\363\000n\000\040\000t\000e\000m\000\341\000t\000i\000c\000a\000\040\000y\000\040\000r\000e\000l\000e\000v\000a\000n\000c\000i\000a\000\040\000p\000r\000\341\000c\000t\000i\000c\000a}{chapter.15}% 136
\BOOKMARK [1][-]{section.15.2}{\376\377\000L\000a\000\040\000m\000u\000e\000r\000t\000e\000:\000\040\000c\000o\000n\000c\000e\000p\000t\000o\000,\000\040\000c\000o\000m\000p\000r\000o\000b\000a\000c\000i\000\363\000n\000\040\000y\000\040\000n\000o\000r\000m\000a\000t\000i\000v\000a}{chapter.15}% 137
\BOOKMARK [2][-]{subsection.15.2.1}{\376\377\000P\000r\000i\000n\000c\000i\000p\000i\000o\000\040\000g\000e\000n\000e\000r\000a\000l}{section.15.2}% 138
\BOOKMARK [2][-]{subsection.15.2.2}{\376\377\000\277\000Q\000u\000\351\000\040\000e\000s\000\040\000l\000a\000\040\000m\000u\000e\000r\000t\000e\000?}{section.15.2}% 139
\BOOKMARK [2][-]{subsection.15.2.3}{\376\377\000C\000o\000m\000p\000r\000o\000b\000a\000c\000i\000\363\000n\000\040\000d\000e\000\040\000l\000a\000\040\000m\000u\000e\000r\000t\000e}{section.15.2}% 140
\BOOKMARK [2][-]{subsection.15.2.4}{\376\377\000I\000n\000s\000t\000r\000u\000m\000e\000n\000t\000o\000s\000\040\000p\000a\000r\000a\000\040\000a\000c\000r\000e\000d\000i\000t\000a\000r\000\040\000l\000a\000\040\000m\000u\000e\000r\000t\000e}{section.15.2}% 141
\BOOKMARK [1][-]{section.15.3}{\376\377\000D\000o\000n\000a\000c\000i\000\363\000n\000\040\000d\000e\000\040\000\363\000r\000g\000a\000n\000o\000s\000\040\000y\000\040\000c\000r\000i\000t\000e\000r\000i\000o\000s\000\040\000d\000e\000\040\000m\000u\000e\000r\000t\000e\000\040\000e\000n\000c\000e\000f\000\341\000l\000i\000c\000a}{chapter.15}% 142
\BOOKMARK [2][-]{subsection.15.3.1}{\376\377\000C\000o\000n\000s\000e\000n\000t\000i\000m\000i\000e\000n\000t\000o\000\040\000p\000r\000e\000s\000u\000n\000t\000o}{section.15.3}% 143
\BOOKMARK [2][-]{subsection.15.3.2}{\376\377\000A\000n\000t\000e\000c\000e\000d\000e\000n\000t\000e\000s\000\040\000l\000e\000g\000i\000s\000l\000a\000t\000i\000v\000o\000s}{section.15.3}% 144
\BOOKMARK [2][-]{subsection.15.3.3}{\376\377\000C\000r\000i\000t\000e\000r\000i\000o\000s\000\040\000a\000c\000t\000u\000a\000l\000e\000s\000\040\000y\000\040\000P\000r\000o\000t\000o\000c\000o\000l\000o\000\040\0002\0000\0001\0009}{section.15.3}% 145
\BOOKMARK [2][-]{subsection.15.3.4}{\376\377\000G\000a\000r\000a\000n\000t\000\355\000a\000s\000\040\000y\000\040\000c\000r\000\355\000t\000i\000c\000a\000s\000\040\000a\000l\000\040\000r\000\351\000g\000i\000m\000e\000n\000\040\000v\000i\000g\000e\000n\000t\000e}{section.15.3}% 146
\BOOKMARK [1][-]{section.15.4}{\376\377\000C\000o\000n\000m\000o\000r\000i\000e\000n\000c\000i\000a\000\040\000y\000\040\000p\000r\000u\000e\000b\000a\000\040\000s\000u\000p\000l\000e\000t\000o\000r\000i\000a\000\040\000d\000e\000l\000\040\000f\000a\000l\000l\000e\000c\000i\000m\000i\000e\000n\000t\000o}{chapter.15}% 147
\BOOKMARK [2][-]{subsection.15.4.1}{\376\377\000C\000o\000n\000m\000o\000r\000i\000e\000n\000c\000i\000a}{section.15.4}% 148
\BOOKMARK [2][-]{subsection.15.4.2}{\376\377\000P\000r\000u\000e\000b\000a\000\040\000s\000u\000p\000l\000e\000t\000o\000r\000i\000a\000\040\000d\000e\000l\000\040\000f\000a\000l\000l\000e\000c\000i\000m\000i\000e\000n\000t\000o}{section.15.4}% 149
\BOOKMARK [2][-]{subsection.15.4.3}{\376\377\000E\000j\000e\000m\000p\000l\000o\000s\000\040\000d\000e\000s\000a\000r\000r\000o\000l\000l\000a\000d\000o\000s}{section.15.4}% 150
\BOOKMARK [1][-]{section.15.5}{\376\377\000E\000f\000e\000c\000t\000o\000s\000\040\000j\000u\000r\000\355\000d\000i\000c\000o\000s\000\040\000d\000e\000\040\000l\000a\000\040\000m\000u\000e\000r\000t\000e}{chapter.15}% 151
\BOOKMARK [2][-]{subsection.15.5.1}{\376\377\000E\000f\000e\000c\000t\000o\000s\000\040\000e\000x\000t\000r\000a\000p\000a\000t\000r\000i\000m\000o\000n\000i\000a\000l\000e\000s}{section.15.5}% 152
\BOOKMARK [2][-]{subsection.15.5.2}{\376\377\000P\000r\000o\000t\000e\000c\000c\000i\000\363\000n\000\040\000j\000u\000r\000\355\000d\000i\000c\000a\000\040\000p\000o\000s\000t\000\040\000m\000o\000r\000t\000e\000m}{section.15.5}% 153
\BOOKMARK [2][-]{subsection.15.5.3}{\376\377\000E\000f\000e\000c\000t\000o\000s\000\040\000p\000a\000t\000r\000i\000m\000o\000n\000i\000a\000l\000e\000s}{section.15.5}% 154
\BOOKMARK [2][-]{subsection.15.5.4}{\376\377\000D\000e\000r\000e\000c\000h\000o\000s\000\040\000n\000o\000\040\000t\000r\000a\000n\000s\000m\000i\000s\000i\000b\000l\000e\000s}{section.15.5}% 155
\BOOKMARK [1][-]{section.15.6}{\376\377\000S\000\355\000n\000t\000e\000s\000i\000s\000\040\000d\000e\000l\000\040\000c\000a\000p\000\355\000t\000u\000l\000o}{chapter.15}% 156
\BOOKMARK [1][-]{section.15.7}{\376\377\000C\000u\000a\000d\000r\000o\000\040\000C\000o\000r\000n\000e\000l\000l\000\040\040\024\000\040\000R\000e\000p\000a\000s\000o\000\040\000d\000e\000\040\000l\000a\000\040\000u\000n\000i\000d\000a\000d}{chapter.15}% 157
\BOOKMARK [0][-]{chapter.16}{\376\377\000M\000a\000r\000c\000o\000\040\000c\000o\000n\000c\000e\000p\000t\000u\000a\000l\000\040\000e\000\040\000h\000i\000s\000t\000\363\000r\000i\000c\000o}{part.2}% 158
\BOOKMARK [1][-]{section.16.1}{\376\377\000I\000n\000t\000r\000o\000d\000u\000c\000c\000i\000\363\000n\000:\000\040\000a\000u\000s\000e\000n\000c\000i\000a\000\040\000y\000\040\000p\000r\000e\000s\000u\000n\000c\000i\000\363\000n\000\040\000d\000e\000\040\000f\000a\000l\000l\000e\000c\000i\000m\000i\000e\000n\000t\000o}{chapter.16}% 159
\BOOKMARK [1][-]{section.16.2}{\376\377\000E\000l\000\040\000p\000r\000o\000b\000l\000e\000m\000a\000\040\000j\000u\000r\000\355\000d\000i\000c\000o\000\040\000d\000e\000\040\000f\000o\000n\000d\000o}{chapter.16}% 160
\BOOKMARK [1][-]{section.16.3}{\376\377\000A\000n\000t\000e\000c\000e\000d\000e\000n\000t\000e\000s\000\040\000h\000i\000s\000t\000\363\000r\000i\000c\000o\000s}{chapter.16}% 161
\BOOKMARK [0][-]{chapter.17}{\376\377\000A\000u\000s\000e\000n\000c\000i\000a\000\040\000\050\000A\000r\000t\000s\000.\000\040\0007\0009\000-\0008\0004\000\040\000C\000C\000C\000N\000\051}{part.2}% 162
\BOOKMARK [1][-]{section.17.1}{\376\377\000C\000o\000n\000c\000e\000p\000t\000o\000\040\000d\000e\000\040\000a\000u\000s\000e\000n\000c\000i\000a}{chapter.17}% 163
\BOOKMARK [1][-]{section.17.2}{\376\377\000L\000e\000g\000i\000t\000i\000m\000a\000c\000i\000\363\000n\000\040\000y\000\040\000j\000u\000e\000z\000\040\000c\000o\000m\000p\000e\000t\000e\000n\000t\000e}{chapter.17}% 164
\BOOKMARK [1][-]{section.17.3}{\376\377\000P\000r\000o\000c\000e\000d\000i\000m\000i\000e\000n\000t\000o\000\040\000y\000\040\000c\000u\000r\000a\000t\000e\000l\000a}{chapter.17}% 165
\BOOKMARK [1][-]{section.17.4}{\376\377\000C\000o\000n\000c\000l\000u\000s\000i\000\363\000n\000\040\000d\000e\000\040\000l\000a\000\040\000c\000u\000r\000a\000t\000e\000l\000a}{chapter.17}% 166
\BOOKMARK [0][-]{chapter.18}{\376\377\000P\000r\000e\000s\000u\000n\000c\000i\000\363\000n\000\040\000d\000e\000\040\000f\000a\000l\000l\000e\000c\000i\000m\000i\000e\000n\000t\000o\000\040\000\050\000A\000r\000t\000s\000.\000\040\0008\0005\000-\0009\0002\000\040\000C\000C\000C\000N\000\051}{part.2}% 167
\BOOKMARK [1][-]{section.18.1}{\376\377\000C\000a\000s\000o\000\040\000o\000r\000d\000i\000n\000a\000r\000i\000o\000\040\000\050\000A\000r\000t\000.\000\040\0008\0005\000\040\000C\000C\000C\000N\000\051}{chapter.18}% 168
\BOOKMARK [1][-]{section.18.2}{\376\377\000C\000a\000s\000o\000\040\000e\000x\000t\000r\000a\000o\000r\000d\000i\000n\000a\000r\000i\000o\000\040\000g\000e\000n\000\351\000r\000i\000c\000o\000\040\000\050\000A\000r\000t\000.\000\040\0008\0006\000,\000\040\0001\000.\000e\000r\000\040\000p\000\341\000r\000r\000.\000\051}{chapter.18}% 169
\BOOKMARK [1][-]{section.18.3}{\376\377\000C\000a\000s\000o\000\040\000e\000x\000t\000r\000a\000o\000r\000d\000i\000n\000a\000r\000i\000o\000\040\000e\000s\000p\000e\000c\000\355\000f\000i\000c\000o\000\040\000\050\000A\000r\000t\000.\000\040\0008\0006\000,\000\040\0002\000.\000d\000o\000\040\000p\000\341\000r\000r\000.\000\051}{chapter.18}% 170
\BOOKMARK [1][-]{section.18.4}{\376\377\000T\000a\000b\000l\000a\000\040\000c\000o\000m\000p\000a\000r\000a\000t\000i\000v\000a\000\040\000d\000e\000\040\000l\000o\000s\000\040\000t\000r\000e\000s\000\040\000c\000a\000s\000o\000s}{chapter.18}% 171
\BOOKMARK [1][-]{section.18.5}{\376\377\000C\000a\000s\000o\000s\000\040\000r\000e\000a\000l\000e\000s\000\040\000i\000l\000u\000s\000t\000r\000a\000t\000i\000v\000o\000s}{chapter.18}% 172
\BOOKMARK [0][-]{chapter.19}{\376\377\000P\000r\000o\000c\000e\000d\000i\000m\000i\000e\000n\000t\000o\000\040\000y\000\040\000s\000e\000n\000t\000e\000n\000c\000i\000a}{part.2}% 173
\BOOKMARK [1][-]{section.19.1}{\376\377\000L\000e\000g\000i\000t\000i\000m\000a\000c\000i\000\363\000n\000\040\000y\000\040\000j\000u\000e\000z\000\040\000c\000o\000m\000p\000e\000t\000e\000n\000t\000e}{chapter.19}% 174
\BOOKMARK [1][-]{section.19.2}{\376\377\000D\000i\000l\000i\000g\000e\000n\000c\000i\000a\000s\000\040\000p\000r\000o\000b\000a\000t\000o\000r\000i\000a\000s}{chapter.19}% 175
\BOOKMARK [1][-]{section.19.3}{\376\377\000S\000e\000n\000t\000e\000n\000c\000i\000a\000\040\000y\000\040\000d\000\355\000a\000\040\000p\000r\000e\000s\000u\000n\000t\000i\000v\000o\000\040\000d\000e\000\040\000f\000a\000l\000l\000e\000c\000i\000m\000i\000e\000n\000t\000o}{chapter.19}% 176
\BOOKMARK [0][-]{chapter.20}{\376\377\000G\000a\000r\000a\000n\000t\000\355\000a\000s\000\040\000y\000\040\000e\000f\000e\000c\000t\000o\000s\000\040\000d\000e\000\040\000l\000a\000\040\000r\000e\000a\000p\000a\000r\000i\000c\000i\000\363\000n}{part.2}% 177
\BOOKMARK [1][-]{section.20.1}{\376\377\000L\000a\000s\000\040\000t\000r\000e\000s\000\040\000g\000a\000r\000a\000n\000t\000\355\000a\000s\000\040\000a\000d\000o\000p\000t\000a\000d\000a\000s}{chapter.20}% 178
\BOOKMARK [1][-]{section.20.2}{\376\377\000D\000u\000r\000a\000c\000i\000\363\000n\000\040\000d\000e\000\040\000l\000a\000\040\000p\000r\000e\000n\000o\000t\000a\000c\000i\000\363\000n\000\040\000\050\000A\000r\000t\000.\000\040\0009\0001\000\040\000C\000C\000C\000N\000\051}{chapter.20}% 179
\BOOKMARK [1][-]{section.20.3}{\376\377\000E\000f\000e\000c\000t\000o\000s\000\040\000d\000e\000\040\000l\000a\000\040\000r\000e\000a\000p\000a\000r\000i\000c\000i\000\363\000n\000\040\000\050\000A\000r\000t\000.\000\040\0009\0001\000\040\000C\000C\000C\000N\000\051}{chapter.20}% 180
\BOOKMARK [1][-]{section.20.4}{\376\377\000C\000u\000a\000d\000r\000o\000\040\000d\000e\000\040\000r\000e\000p\000a\000s\000o\000\040\000C\000o\000r\000n\000e\000l\000l}{chapter.20}% 181
\BOOKMARK [-1][-]{part.3}{\376\377\000I\000I\000I\000\040\000E\000l\000\040\000s\000u\000j\000e\000t\000o\000\040\000d\000e\000\040\000l\000a\000\040\000r\000e\000l\000a\000c\000i\000\363\000n\000\040\000j\000u\000r\000\355\000d\000i\000c\000a\000:\000\040\000l\000a\000s\000\040\000p\000e\000r\000s\000o\000n\000a\000s\000\040\000j\000u\000r\000\355\000d\000i\000c\000a\000s}{}% 182
\BOOKMARK [0][-]{chapter.21}{\376\377\000I\000n\000t\000r\000o\000d\000u\000c\000c\000i\000\363\000n\000\040\000a\000\040\000l\000a\000s\000\040\000p\000e\000r\000s\000o\000n\000a\000s\000\040\000j\000u\000r\000\355\000d\000i\000c\000a\000s}{part.3}% 183
\BOOKMARK [1][-]{section.21.1}{\376\377\000P\000r\000e\000s\000e\000n\000t\000a\000c\000i\000\363\000n\000\040\000d\000e\000l\000\040\000t\000e\000m\000a}{chapter.21}% 184
\BOOKMARK [1][-]{section.21.2}{\376\377\000E\000l\000\040\000p\000r\000o\000b\000l\000e\000m\000a\000\040\000d\000e\000\040\000f\000o\000n\000d\000o\000:\000\040\000l\000a\000\040\000a\000s\000o\000c\000i\000a\000t\000i\000v\000i\000d\000a\000d\000\040\000h\000u\000m\000a\000n\000a}{chapter.21}% 185
\BOOKMARK [1][-]{section.21.3}{\376\377\000R\000e\000g\000u\000l\000a\000c\000i\000\363\000n\000\040\000e\000n\000\040\000e\000l\000\040\000C\000\363\000d\000i\000g\000o\000\040\000d\000e\000\040\000V\000\351\000l\000e\000z\000\040\000\050\000L\000e\000y\000\040\0003\0004\0000\000,\000\040\0001\0008\0007\0001\000\051}{chapter.21}% 186
\BOOKMARK [1][-]{section.21.4}{\376\377\000E\000l\000\040\000n\000u\000e\000v\000o\000\040\000C\000\363\000d\000i\000g\000o\000\040\000C\000i\000v\000i\000l\000\040\000y\000\040\000C\000o\000m\000e\000r\000c\000i\000a\000l\000:\000\040\000m\000e\000t\000o\000d\000o\000l\000o\000g\000\355\000a}{chapter.21}% 187
\BOOKMARK [1][-]{section.21.5}{\376\377\000D\000e\000f\000i\000n\000i\000c\000i\000\363\000n\000\040\000d\000e\000l\000\040\000a\000r\000t\000\355\000c\000u\000l\000o\000\040\0001\0004\0001\000\040\000d\000e\000l\000\040\000C\000C\000y\000C\000N}{chapter.21}% 188
\BOOKMARK [1][-]{section.21.6}{\376\377\000P\000r\000i\000n\000c\000i\000p\000i\000o\000\040\000d\000e\000\040\000e\000s\000p\000e\000c\000i\000a\000l\000i\000d\000a\000d}{chapter.21}% 189
\BOOKMARK [1][-]{section.21.7}{\376\377\000T\000e\000o\000r\000\355\000a\000s\000\040\000s\000o\000b\000r\000e\000\040\000l\000a\000\040\000n\000a\000t\000u\000r\000a\000l\000e\000z\000a\000\040\000j\000u\000r\000\355\000d\000i\000c\000a}{chapter.21}% 190
\BOOKMARK [2][-]{subsection.21.7.1}{\376\377\000T\000e\000o\000r\000\355\000a\000\040\000d\000e\000\040\000l\000a\000\040\000f\000i\000c\000c\000i\000\363\000n\000\040\000\050\000S\000a\000v\000i\000g\000n\000y\000\051}{section.21.7}% 191
\BOOKMARK [2][-]{subsection.21.7.2}{\376\377\000T\000e\000o\000r\000\355\000a\000s\000\040\000n\000e\000g\000a\000t\000o\000r\000i\000a\000s\000\040\000d\000e\000\040\000l\000a\000\040\000p\000e\000r\000s\000o\000n\000a\000l\000i\000d\000a\000d}{section.21.7}% 192
\BOOKMARK [2][-]{subsection.21.7.3}{\376\377\000T\000e\000o\000r\000\355\000a\000s\000\040\000d\000e\000\040\000l\000a\000\040\000r\000e\000a\000l\000i\000d\000a\000d}{section.21.7}% 193
\BOOKMARK [2][-]{subsection.21.7.4}{\376\377\000T\000e\000o\000r\000\355\000a\000s\000\040\000n\000o\000r\000m\000a\000t\000i\000v\000i\000s\000t\000a\000s\000\040\000\050\000K\000e\000l\000s\000e\000n\000\051}{section.21.7}% 194
\BOOKMARK [1][-]{section.21.8}{\376\377\000C\000l\000a\000s\000i\000f\000i\000c\000a\000c\000i\000\363\000n\000:\000\040\000p\000e\000r\000s\000o\000n\000a\000s\000\040\000j\000u\000r\000\355\000d\000i\000c\000a\000s\000\040\000p\000\372\000b\000l\000i\000c\000a\000s\000\040\000y\000\040\000p\000r\000i\000v\000a\000d\000a\000s}{chapter.21}% 195
\BOOKMARK [2][-]{subsection.21.8.1}{\376\377\000P\000e\000r\000s\000o\000n\000a\000s\000\040\000j\000u\000r\000\355\000d\000i\000c\000a\000s\000\040\000p\000\372\000b\000l\000i\000c\000a\000s\000\040\000\050\000a\000r\000t\000s\000.\000\040\0001\0004\0006\000\040\000y\000\040\0001\0004\0007\000\051}{section.21.8}% 196
\BOOKMARK [2][-]{subsection.21.8.2}{\376\377\000P\000e\000r\000s\000o\000n\000a\000s\000\040\000j\000u\000r\000\355\000d\000i\000c\000a\000s\000\040\000p\000r\000i\000v\000a\000d\000a\000s\000\040\000\050\000a\000r\000t\000.\000\040\0001\0004\0008\000\051}{section.21.8}% 197
\BOOKMARK [1][-]{section.21.9}{\376\377\000L\000e\000y\000\040\000a\000p\000l\000i\000c\000a\000b\000l\000e\000\040\000\050\000a\000r\000t\000.\000\040\0001\0005\0000\000\051}{chapter.21}% 198
\BOOKMARK [1][-]{section.21.10}{\376\377\000P\000e\000r\000s\000o\000n\000a\000l\000i\000d\000a\000d\000\040\000d\000i\000f\000e\000r\000e\000n\000c\000i\000a\000d\000a\000\040\000e\000\040\000i\000n\000o\000p\000o\000n\000i\000b\000i\000l\000i\000d\000a\000d\000\040\000\050\000a\000r\000t\000.\000\040\0001\0004\0004\000\051}{chapter.21}% 199
\BOOKMARK [0][-]{chapter.22}{\376\377\000R\000\351\000g\000i\000m\000e\000n\000\040\000d\000e\000\040\000l\000a\000s\000\040\000p\000e\000r\000s\000o\000n\000a\000s\000\040\000j\000u\000r\000\355\000d\000i\000c\000a\000s\000\040\000p\000r\000i\000v\000a\000d\000a\000s}{part.3}% 200
\BOOKMARK [1][-]{section.22.1}{\376\377\000N\000o\000m\000b\000r\000e\000\040\000\050\000a\000r\000t\000.\000\040\0001\0005\0001\000\051}{chapter.22}% 201
\BOOKMARK [1][-]{section.22.2}{\376\377\000D\000o\000m\000i\000c\000i\000l\000i\000o\000\040\000y\000\040\000s\000e\000d\000e\000\040\000s\000o\000c\000i\000a\000l\000\040\000\050\000a\000r\000t\000s\000.\000\040\0001\0005\0002\000\040\000y\000\040\0001\0005\0003\000\051}{chapter.22}% 202
\BOOKMARK [1][-]{section.22.3}{\376\377\000C\000a\000p\000a\000c\000i\000d\000a\000d\000\040\000y\000\040\000p\000r\000i\000n\000c\000i\000p\000i\000o\000\040\000d\000e\000\040\000e\000s\000p\000e\000c\000i\000a\000l\000i\000d\000a\000d\000\040\000\050\000a\000r\000t\000s\000.\000\040\0001\0004\0001\000,\000\040\0001\0005\0006\000\051}{chapter.22}% 203
\BOOKMARK [1][-]{section.22.4}{\376\377\000P\000a\000t\000r\000i\000m\000o\000n\000i\000o\000\040\000\050\000a\000r\000t\000s\000.\000\040\0001\0004\0003\000\040\000y\000\040\0001\0005\0004\000\051}{chapter.22}% 204
\BOOKMARK [1][-]{section.22.5}{\376\377\000C\000o\000m\000i\000e\000n\000z\000o\000\040\000d\000e\000\040\000l\000a\000\040\000e\000x\000i\000s\000t\000e\000n\000c\000i\000a\000\040\000\050\000a\000r\000t\000.\000\040\0001\0004\0002\000\051}{chapter.22}% 205
\BOOKMARK [1][-]{section.22.6}{\376\377\000E\000s\000t\000a\000t\000u\000t\000o\000s\000\040\000y\000\040\000g\000o\000b\000i\000e\000r\000n\000o\000\040\000\050\000a\000r\000t\000s\000.\000\040\0001\0005\0000\000,\000\040\0001\0005\0008\000,\000\040\0001\0005\0009\000,\000\040\0001\0006\0000\000\051}{chapter.22}% 206
\BOOKMARK [2][-]{subsection.22.6.1}{\376\377\000C\000o\000n\000t\000e\000n\000i\000d\000o\000\040\000d\000e\000l\000\040\000e\000s\000t\000a\000t\000u\000t\000o}{section.22.6}% 207
\BOOKMARK [2][-]{subsection.22.6.2}{\376\377\000D\000e\000b\000e\000r\000\040\000d\000e\000\040\000l\000e\000a\000l\000t\000a\000d\000\040\000y\000\040\000d\000i\000l\000i\000g\000e\000n\000c\000i\000a\000\040\000d\000e\000\040\000l\000o\000s\000\040\000a\000d\000m\000i\000n\000i\000s\000t\000r\000a\000d\000o\000r\000e\000s\000\040\000\050\000a\000r\000t\000.\000\040\0001\0005\0009\000\051}{section.22.6}% 208
\BOOKMARK [0][-]{chapter.23}{\376\377\000R\000e\000s\000p\000o\000n\000s\000a\000b\000i\000l\000i\000d\000a\000d\000\040\000c\000i\000v\000i\000l\000\040\000d\000e\000\040\000l\000a\000s\000\040\000p\000e\000r\000s\000o\000n\000a\000s\000\040\000j\000u\000r\000\355\000d\000i\000c\000a\000s}{part.3}% 209
\BOOKMARK [1][-]{section.23.1}{\376\377\000E\000v\000o\000l\000u\000c\000i\000\363\000n\000\040\000h\000i\000s\000t\000\363\000r\000i\000c\000a\000:\000\040\000d\000e\000l\000\040\000a\000r\000t\000\355\000c\000u\000l\000o\000\040\0004\0003\000\040\000d\000e\000\040\000V\000\351\000l\000e\000z\000\040\000a\000l\000\040\000n\000u\000e\000v\000o\000\040\000C\000\363\000d\000i\000g\000o}{chapter.23}% 210
\BOOKMARK [1][-]{section.23.2}{\376\377\000T\000r\000e\000s\000\040\000s\000u\000p\000u\000e\000s\000t\000o\000s\000\040\000d\000e\000\040\000r\000e\000s\000p\000o\000n\000s\000a\000b\000i\000l\000i\000d\000a\000d}{chapter.23}% 211
\BOOKMARK [2][-]{subsection.23.2.1}{\376\377\000R\000e\000s\000p\000o\000n\000s\000a\000b\000i\000l\000i\000d\000a\000d\000\040\000p\000o\000r\000\040\000a\000c\000t\000o\000s\000\040\000d\000e\000\040\000d\000i\000r\000e\000c\000t\000i\000v\000o\000s\000\040\000y\000\040\000a\000d\000m\000i\000n\000i\000s\000t\000r\000a\000d\000o\000r\000e\000s\000\040\000\050\000a\000r\000t\000.\000\040\0001\0007\0006\0003\000\051}{section.23.2}% 212
\BOOKMARK [2][-]{subsection.23.2.2}{\376\377\000R\000e\000s\000p\000o\000n\000s\000a\000b\000i\000l\000i\000d\000a\000d\000\040\000p\000o\000r\000\040\000c\000o\000s\000a\000s\000\040\000y\000\040\000a\000c\000t\000i\000v\000i\000d\000a\000d\000e\000s\000\040\000r\000i\000e\000s\000g\000o\000s\000a\000s\000\040\000\050\000a\000r\000t\000.\000\040\0001\0007\0005\0007\000\051}{section.23.2}% 213
\BOOKMARK [2][-]{subsection.23.2.3}{\376\377\000R\000e\000s\000p\000o\000n\000s\000a\000b\000i\000l\000i\000d\000a\000d\000\040\000p\000o\000r\000\040\000l\000o\000s\000\040\000d\000e\000p\000e\000n\000d\000i\000e\000n\000t\000e\000s\000\040\000\050\000a\000r\000t\000.\000\040\0001\0007\0005\0003\000\051}{section.23.2}% 214
\BOOKMARK [1][-]{section.23.3}{\376\377\000R\000e\000s\000p\000o\000n\000s\000a\000b\000i\000l\000i\000d\000a\000d\000\040\000d\000e\000\040\000l\000o\000s\000\040\000a\000d\000m\000i\000n\000i\000s\000t\000r\000a\000d\000o\000r\000e\000s\000\040\000\050\000a\000r\000t\000.\000\040\0001\0006\0000\000\051}{chapter.23}% 215
\BOOKMARK [0][-]{chapter.24}{\376\377\000F\000i\000n\000\040\000d\000e\000\040\000l\000a\000\040\000e\000x\000i\000s\000t\000e\000n\000c\000i\000a\000\040\000y\000\040\000f\000u\000n\000d\000a\000c\000i\000o\000n\000e\000s}{part.3}% 216
\BOOKMARK [1][-]{section.24.1}{\376\377\000C\000a\000u\000s\000a\000l\000e\000s\000\040\000d\000e\000\040\000d\000i\000s\000o\000l\000u\000c\000i\000\363\000n\000\040\000\050\000a\000r\000t\000.\000\040\0001\0006\0003\000\051}{chapter.24}% 217
\BOOKMARK [1][-]{section.24.2}{\376\377\000R\000e\000v\000o\000c\000a\000c\000i\000\363\000n\000\040\000e\000s\000t\000a\000t\000a\000l\000\040\040\024\000\040\000g\000a\000r\000a\000n\000t\000\355\000a\000s\000\040\000\050\000a\000r\000t\000.\000\040\0001\0006\0004\000\051}{chapter.24}% 218
\BOOKMARK [1][-]{section.24.3}{\376\377\000R\000e\000c\000o\000n\000d\000u\000c\000c\000i\000\363\000n\000\040\000y\000\040\000l\000i\000q\000u\000i\000d\000a\000c\000i\000\363\000n}{chapter.24}% 219
\BOOKMARK [1][-]{section.24.4}{\376\377\000L\000a\000s\000\040\000f\000u\000n\000d\000a\000c\000i\000o\000n\000e\000s\000\040\000\050\000a\000r\000t\000s\000.\000\040\0001\0009\0003\040\023\0002\0002\0004\000\051}{chapter.24}% 220
\BOOKMARK [2][-]{subsection.24.4.1}{\376\377\000P\000a\000t\000r\000i\000m\000o\000n\000i\000o\000\040\000i\000n\000i\000c\000i\000a\000l\000\040\000s\000u\000f\000i\000c\000i\000e\000n\000t\000e}{section.24.4}% 221
\BOOKMARK [2][-]{subsection.24.4.2}{\376\377\000\323\000r\000g\000a\000n\000o\000\040\000d\000e\000\040\000g\000o\000b\000i\000e\000r\000n\000o\000:\000\040\000C\000o\000n\000s\000e\000j\000o\000\040\000d\000e\000\040\000A\000d\000m\000i\000n\000i\000s\000t\000r\000a\000c\000i\000\363\000n}{section.24.4}% 222
\BOOKMARK [2][-]{subsection.24.4.3}{\376\377\000C\000o\000n\000t\000r\000o\000l\000\040\000e\000x\000t\000e\000r\000n\000o}{section.24.4}% 223
\BOOKMARK [2][-]{subsection.24.4.4}{\376\377\000I\000n\000m\000u\000t\000a\000b\000i\000l\000i\000d\000a\000d\000\040\000d\000e\000l\000\040\000o\000b\000j\000e\000t\000o\000\040\000\050\000a\000r\000t\000.\000\040\0002\0001\0006\000\051}{section.24.4}% 224
\BOOKMARK [0][-]{chapter.25}{\376\377\000A\000s\000o\000c\000i\000a\000c\000i\000o\000n\000e\000s\000\040\000c\000i\000v\000i\000l\000e\000s\000\040\000y\000\040\000s\000i\000m\000p\000l\000e\000s\000\040\000a\000s\000o\000c\000i\000a\000c\000i\000o\000n\000e\000s}{part.3}% 225
\BOOKMARK [1][-]{section.25.1}{\376\377\000A\000s\000o\000c\000i\000a\000c\000i\000o\000n\000e\000s\000\040\000c\000i\000v\000i\000l\000e\000s\000\040\000\050\000a\000r\000t\000s\000.\000\040\0001\0006\0008\040\023\0001\0008\0006\000\051}{chapter.25}% 226
\BOOKMARK [2][-]{subsection.25.1.1}{\376\377\000C\000o\000n\000c\000e\000p\000t\000o\000\040\000y\000\040\000o\000b\000j\000e\000t\000o}{section.25.1}% 227
\BOOKMARK [2][-]{subsection.25.1.2}{\376\377\000D\000i\000f\000e\000r\000e\000n\000c\000i\000a\000\040\000f\000u\000n\000d\000a\000m\000e\000n\000t\000a\000l\000\040\000c\000o\000n\000\040\000l\000a\000s\000\040\000s\000o\000c\000i\000e\000d\000a\000d\000e\000s}{section.25.1}% 228
\BOOKMARK [2][-]{subsection.25.1.3}{\376\377\000C\000o\000n\000s\000t\000i\000t\000u\000c\000i\000\363\000n\000\040\000y\000\040\000c\000o\000n\000t\000e\000n\000i\000d\000o\000\040\000d\000e\000l\000\040\000e\000s\000t\000a\000t\000u\000t\000o\000\040\000\050\000a\000r\000t\000.\000\040\0001\0007\0000\000\051}{section.25.1}% 229
\BOOKMARK [1][-]{section.25.2}{\376\377\000\323\000r\000g\000a\000n\000o\000s\000\040\000d\000e\000\040\000g\000o\000b\000i\000e\000r\000n\000o}{chapter.25}% 230
\BOOKMARK [2][-]{subsection.25.2.1}{\376\377\000C\000o\000m\000i\000s\000i\000\363\000n\000\040\000D\000i\000r\000e\000c\000t\000i\000v\000a\000\040\000\050\000a\000r\000t\000.\000\040\0001\0007\0001\000\051}{section.25.2}% 231
\BOOKMARK [2][-]{subsection.25.2.2}{\376\377\000A\000s\000a\000m\000b\000l\000e\000a}{section.25.2}% 232
\BOOKMARK [2][-]{subsection.25.2.3}{\376\377\000\323\000r\000g\000a\000n\000o\000\040\000d\000e\000\040\000f\000i\000s\000c\000a\000l\000i\000z\000a\000c\000i\000\363\000n}{section.25.2}% 233
\BOOKMARK [1][-]{section.25.3}{\376\377\000P\000o\000d\000e\000r\000\040\000d\000i\000s\000c\000i\000p\000l\000i\000n\000a\000r\000i\000o}{chapter.25}% 234
\BOOKMARK [2][-]{subsection.25.3.1}{\376\377\000P\000r\000i\000n\000c\000i\000p\000i\000o\000s\000\040\000q\000u\000e\000\040\000r\000i\000g\000e\000n\000\040\000e\000l\000\040\000p\000o\000d\000e\000r\000\040\000d\000i\000s\000c\000i\000p\000l\000i\000n\000a\000r\000i\000o}{section.25.3}% 235
\BOOKMARK [2][-]{subsection.25.3.2}{\376\377\000L\000\355\000m\000i\000t\000e\000s\000\040\000d\000e\000\040\000l\000a\000\040\000r\000e\000v\000i\000s\000i\000\363\000n\000\040\000j\000u\000d\000i\000c\000i\000a\000l}{section.25.3}% 236
\BOOKMARK [1][-]{section.25.4}{\376\377\000S\000i\000m\000p\000l\000e\000s\000\040\000a\000s\000o\000c\000i\000a\000c\000i\000o\000n\000e\000s\000\040\000\050\000a\000r\000t\000s\000.\000\040\0001\0008\0007\040\023\0001\0009\0002\000\051}{chapter.25}% 237
\BOOKMARK [2][-]{subsection.25.4.1}{\376\377\000D\000i\000f\000e\000r\000e\000n\000c\000i\000a\000s\000\040\000c\000o\000n\000\040\000l\000a\000s\000\040\000a\000s\000o\000c\000i\000a\000c\000i\000o\000n\000e\000s\000\040\000c\000i\000v\000i\000l\000e\000s}{section.25.4}% 238
\BOOKMARK [2][-]{subsection.25.4.2}{\376\377\000R\000e\000s\000p\000o\000n\000s\000a\000b\000i\000l\000i\000d\000a\000d\000\040\000e\000n\000\040\000l\000a\000s\000\040\000s\000i\000m\000p\000l\000e\000s\000\040\000a\000s\000o\000c\000i\000a\000c\000i\000o\000n\000e\000s\000\040\000\050\000a\000r\000t\000.\000\040\0001\0009\0001\000\051}{section.25.4}% 239
\BOOKMARK [1][-]{section.25.5}{\376\377\000C\000u\000a\000d\000r\000o\000\040\000C\000o\000r\000n\000e\000l\000l\000\040\000d\000e\000\040\000r\000e\000p\000a\000s\000o\000\040\000g\000e\000n\000e\000r\000a\000l}{chapter.25}% 240
\BOOKMARK [-1][-]{part.4}{\376\377\000I\000V\000\040\000E\000l\000\040\000o\000b\000j\000e\000t\000o\000\040\000d\000e\000\040\000l\000a\000\040\000r\000e\000l\000a\000c\000i\000\363\000n\000\040\000j\000u\000r\000\355\000d\000i\000c\000a\000:\000\040\000p\000a\000t\000r\000i\000m\000o\000n\000i\000o\000,\000\040\000d\000e\000r\000e\000c\000h\000o\000s\000\040\000y\000\040\000b\000i\000e\000n\000e\000s}{}% 241
\BOOKMARK [0][-]{chapter.26}{\376\377\000E\000l\000\040\000p\000a\000t\000r\000i\000m\000o\000n\000i\000o}{part.4}% 242
\BOOKMARK [1][-]{section.26.1}{\376\377\000P\000l\000a\000n\000t\000e\000o\000\040\000g\000e\000n\000e\000r\000a\000l}{chapter.26}% 243
\BOOKMARK [1][-]{section.26.2}{\376\377\000E\000l\000\040\000p\000a\000t\000r\000i\000m\000o\000n\000i\000o\000\040\000c\000o\000m\000o\000\040\000a\000t\000r\000i\000b\000u\000t\000o\000\040\000d\000e\000\040\000l\000a\000\040\000p\000e\000r\000s\000o\000n\000a\000l\000i\000d\000a\000d}{chapter.26}% 244
\BOOKMARK [1][-]{section.26.3}{\376\377\000E\000l\000\040\000p\000a\000t\000r\000i\000m\000o\000n\000i\000o\000\040\000c\000o\000m\000o\000\040\000g\000a\000r\000a\000n\000t\000\355\000a\000\040\000c\000o\000m\000\372\000n\000\040\000d\000e\000\040\000l\000o\000s\000\040\000a\000c\000r\000e\000e\000d\000o\000r\000e\000s}{chapter.26}% 245
\BOOKMARK [1][-]{section.26.4}{\376\377\000E\000l\000\040\000p\000a\000t\000r\000i\000m\000o\000n\000i\000o\000\040\000c\000o\000m\000o\000\040\000u\000n\000i\000v\000e\000r\000s\000a\000l\000i\000d\000a\000d\000\040\000d\000e\000\040\000d\000e\000r\000e\000c\000h\000o}{chapter.26}% 246
\BOOKMARK [2][-]{subsection.26.4.1}{\376\377\000L\000o\000s\000\040\000p\000a\000t\000r\000i\000m\000o\000n\000i\000o\000s\000\040\000e\000s\000p\000e\000c\000i\000a\000l\000e\000s}{section.26.4}% 247
\BOOKMARK [1][-]{section.26.5}{\376\377\000C\000u\000a\000d\000r\000o\000\040\000C\000o\000r\000n\000e\000l\000l\000:\000\040\000E\000l\000\040\000p\000a\000t\000r\000i\000m\000o\000n\000i\000o}{chapter.26}% 248
\BOOKMARK [0][-]{chapter.27}{\376\377\000C\000l\000a\000s\000i\000f\000i\000c\000a\000c\000i\000\363\000n\000\040\000d\000e\000\040\000l\000o\000s\000\040\000d\000e\000r\000e\000c\000h\000o\000s}{part.4}% 249
\BOOKMARK [1][-]{section.27.1}{\376\377\000D\000e\000r\000e\000c\000h\000o\000s\000\040\000p\000a\000t\000r\000i\000m\000o\000n\000i\000a\000l\000e\000s\000\040\000y\000\040\000e\000x\000t\000r\000a\000p\000a\000t\000r\000i\000m\000o\000n\000i\000a\000l\000e\000s}{chapter.27}% 250
\BOOKMARK [1][-]{section.27.2}{\376\377\000L\000o\000s\000\040\000d\000e\000r\000e\000c\000h\000o\000s\000\040\000r\000e\000a\000l\000e\000s}{chapter.27}% 251
\BOOKMARK [1][-]{section.27.3}{\376\377\000L\000o\000s\000\040\000d\000e\000r\000e\000c\000h\000o\000s\000\040\000p\000e\000r\000s\000o\000n\000a\000l\000e\000s}{chapter.27}% 252
\BOOKMARK [1][-]{section.27.4}{\376\377\000L\000o\000s\000\040\000d\000e\000r\000e\000c\000h\000o\000s\000\040\000i\000n\000t\000e\000l\000e\000c\000t\000u\000a\000l\000e\000s}{chapter.27}% 253
\BOOKMARK [1][-]{section.27.5}{\376\377\000C\000u\000a\000d\000r\000o\000\040\000C\000o\000r\000n\000e\000l\000l\000:\000\040\000C\000l\000a\000s\000i\000f\000i\000c\000a\000c\000i\000\363\000n\000\040\000d\000e\000\040\000l\000o\000s\000\040\000d\000e\000r\000e\000c\000h\000o\000s}{chapter.27}% 254
\BOOKMARK [0][-]{chapter.28}{\376\377\000B\000i\000e\000n\000e\000s\000\040\000y\000\040\000c\000o\000s\000a\000s}{part.4}% 255
\BOOKMARK [1][-]{section.28.1}{\376\377\000D\000i\000s\000t\000i\000n\000c\000i\000\363\000n\000\040\000e\000n\000t\000r\000e\000\040\000b\000i\000e\000n\000e\000s\000\040\000y\000\040\000c\000o\000s\000a\000s}{chapter.28}% 256
\BOOKMARK [1][-]{section.28.2}{\376\377\000M\000u\000e\000b\000l\000e\000s\000\040\000e\000\040\000i\000n\000m\000u\000e\000b\000l\000e\000s}{chapter.28}% 257
\BOOKMARK [2][-]{subsection.28.2.1}{\376\377\000I\000n\000m\000u\000e\000b\000l\000e\000s}{section.28.2}% 258
\BOOKMARK [2][-]{subsection.28.2.2}{\376\377\000C\000o\000s\000a\000s\000\040\000m\000u\000e\000b\000l\000e\000s}{section.28.2}% 259
\BOOKMARK [2][-]{subsection.28.2.3}{\376\377\000I\000m\000p\000o\000r\000t\000a\000n\000c\000i\000a\000\040\000p\000r\000\341\000c\000t\000i\000c\000a\000\040\000d\000e\000\040\000l\000a\000\040\000d\000i\000s\000t\000i\000n\000c\000i\000\363\000n\000\040\000e\000n\000t\000r\000e\000\040\000m\000u\000e\000b\000l\000e\000s\000\040\000e\000\040\000i\000n\000m\000u\000e\000b\000l\000e\000s}{section.28.2}% 260
\BOOKMARK [1][-]{section.28.3}{\376\377\000C\000o\000s\000a\000s\000\040\000d\000i\000v\000i\000s\000i\000b\000l\000e\000s\000\040\000e\000\040\000i\000n\000d\000i\000v\000i\000s\000i\000b\000l\000e\000s}{chapter.28}% 261
\BOOKMARK [1][-]{section.28.4}{\376\377\000C\000o\000s\000a\000s\000\040\000p\000r\000i\000n\000c\000i\000p\000a\000l\000e\000s\000\040\000y\000\040\000a\000c\000c\000e\000s\000o\000r\000i\000a\000s}{chapter.28}% 262
\BOOKMARK [1][-]{section.28.5}{\376\377\000C\000o\000s\000a\000s\000\040\000c\000o\000n\000s\000u\000m\000i\000b\000l\000e\000s\000\040\000y\000\040\000n\000o\000\040\000c\000o\000n\000s\000u\000m\000i\000b\000l\000e\000s\000;\000\040\000f\000u\000n\000g\000i\000b\000l\000e\000s\000\040\000y\000\040\000n\000o\000\040\000f\000u\000n\000g\000i\000b\000l\000e\000s}{chapter.28}% 263
\BOOKMARK [1][-]{section.28.6}{\376\377\000F\000r\000u\000t\000o\000s\000\040\000y\000\040\000p\000r\000o\000d\000u\000c\000t\000o\000s}{chapter.28}% 264
\BOOKMARK [1][-]{section.28.7}{\376\377\000B\000i\000e\000n\000e\000s\000\040\000s\000e\000g\000\372\000n\000\040\000l\000a\000s\000\040\000p\000e\000r\000s\000o\000n\000a\000s}{chapter.28}% 265
\BOOKMARK [2][-]{subsection.28.7.1}{\376\377\000B\000i\000e\000n\000e\000s\000\040\000d\000e\000\040\000i\000n\000c\000i\000d\000e\000n\000c\000i\000a\000\040\000c\000o\000l\000e\000c\000t\000i\000v\000a}{section.28.7}% 266
\BOOKMARK [1][-]{section.28.8}{\376\377\000C\000u\000a\000d\000r\000o\000\040\000C\000o\000r\000n\000e\000l\000l\000:\000\040\000B\000i\000e\000n\000e\000s\000\040\000y\000\040\000c\000o\000s\000a\000s}{chapter.28}% 267
\BOOKMARK [0][-]{chapter.29}{\376\377\000G\000a\000r\000a\000n\000t\000\355\000a\000\040\000p\000a\000t\000r\000i\000m\000o\000n\000i\000a\000l\000,\000\040\000a\000c\000r\000e\000e\000d\000o\000r\000e\000s\000\040\000y\000\040\000a\000c\000c\000i\000o\000n\000e\000s}{part.4}% 268
\BOOKMARK [1][-]{section.29.1}{\376\377\000E\000l\000\040\000p\000a\000t\000r\000i\000m\000o\000n\000i\000o\000\040\000c\000o\000m\000o\000\040\000g\000a\000r\000a\000n\000t\000\355\000a\000:\000\040\000r\000e\000p\000a\000s\000o\000\040\000y\000\040\000p\000r\000o\000f\000u\000n\000d\000i\000z\000a\000c\000i\000\363\000n}{chapter.29}% 269
\BOOKMARK [1][-]{section.29.2}{\376\377\000T\000i\000p\000o\000s\000\040\000d\000e\000\040\000a\000c\000r\000e\000e\000d\000o\000r\000e\000s\000\040\000y\000\040\000p\000r\000e\000f\000e\000r\000e\000n\000c\000i\000a\000s\000\040\000d\000e\000\040\000c\000o\000b\000r\000o}{chapter.29}% 270
\BOOKMARK [1][-]{section.29.3}{\376\377\000B\000i\000e\000n\000e\000s\000\040\000i\000n\000e\000m\000b\000a\000r\000g\000a\000b\000l\000e\000s\000\040\000\050\000A\000r\000t\000.\000\040\0007\0004\0004\000\040\000C\000C\000C\000N\000\051}{chapter.29}% 271
\BOOKMARK [1][-]{section.29.4}{\376\377\000L\000a\000\040\000p\000r\000o\000t\000e\000c\000c\000i\000\363\000n\000\040\000d\000e\000\040\000l\000a\000\040\000v\000i\000v\000i\000e\000n\000d\000a\000\040\000\050\000A\000r\000t\000s\000.\000\040\0002\0004\0004\000\040\000y\000\040\000s\000s\000.\000\040\000C\000C\000C\000N\000\051}{chapter.29}% 272
\BOOKMARK [1][-]{section.29.5}{\376\377\000A\000c\000c\000i\000o\000n\000e\000s\000\040\000d\000e\000\040\000l\000o\000s\000\040\000a\000c\000r\000e\000e\000d\000o\000r\000e\000s}{chapter.29}% 273
\BOOKMARK [2][-]{subsection.29.5.1}{\376\377\000M\000e\000d\000i\000d\000a\000s\000\040\000p\000r\000e\000v\000e\000n\000t\000i\000v\000a\000s}{section.29.5}% 274
\BOOKMARK [2][-]{subsection.29.5.2}{\376\377\000A\000c\000c\000i\000\363\000n\000\040\000d\000i\000r\000e\000c\000t\000a\000\040\000\050\000A\000r\000t\000s\000.\000\040\0007\0003\0006\000\040\000y\000\040\0007\0003\0007\000\040\000C\000C\000C\000N\000\051}{section.29.5}% 275
\BOOKMARK [2][-]{subsection.29.5.3}{\376\377\000A\000c\000c\000i\000\363\000n\000\040\000s\000u\000b\000r\000o\000g\000a\000t\000o\000r\000i\000a\000\040\000\050\000A\000r\000t\000s\000.\000\040\0007\0003\0009\000\040\000y\000\040\0007\0004\0000\000\040\000C\000C\000C\000N\000\051}{section.29.5}% 276
\BOOKMARK [2][-]{subsection.29.5.4}{\376\377\000A\000c\000c\000i\000\363\000n\000\040\000d\000e\000\040\000s\000i\000m\000u\000l\000a\000c\000i\000\363\000n\000\040\000y\000\040\000a\000c\000c\000i\000\363\000n\000\040\000r\000e\000v\000o\000c\000a\000t\000o\000r\000i\000a\000\040\000\050\000i\000n\000o\000p\000o\000n\000i\000b\000i\000l\000i\000d\000a\000d\000\051}{section.29.5}% 277
\BOOKMARK [1][-]{section.29.6}{\376\377\000C\000u\000a\000d\000r\000o\000\040\000C\000o\000r\000n\000e\000l\000l\000:\000\040\000G\000a\000r\000a\000n\000t\000\355\000a\000,\000\040\000a\000c\000r\000e\000e\000d\000o\000r\000e\000s\000\040\000y\000\040\000a\000c\000c\000i\000o\000n\000e\000s}{chapter.29}% 278
\BOOKMARK [1][-]{section.29.7}{\376\377\000S\000\355\000n\000t\000e\000s\000i\000s\000\040\000d\000e\000\040\000l\000a\000\040\000p\000a\000r\000t\000e}{chapter.29}% 279
\BOOKMARK [2][-]{subsection.29.7.1}{\376\377\000R\000e\000c\000o\000r\000r\000i\000d\000o\000\040\000d\000e\000\040\000l\000a\000\040\000p\000a\000r\000t\000e}{section.29.7}% 280
\BOOKMARK [2][-]{subsection.29.7.2}{\376\377\000S\000\355\000n\000t\000e\000s\000i\000s\000\040\000f\000i\000n\000a\000l}{section.29.7}% 281
\BOOKMARK [-1][-]{part.5}{\376\377\000V\000\040\000L\000a\000\040\000c\000a\000u\000s\000a\000\040\000d\000e\000\040\000l\000a\000\040\000r\000e\000l\000a\000c\000i\000\363\000n\000\040\000j\000u\000r\000\355\000d\000i\000c\000a\000:\000\040\000h\000e\000c\000h\000o\000s\000\040\000y\000\040\000a\000c\000t\000o\000s\000\040\000j\000u\000r\000\355\000d\000i\000c\000o\000s}{}% 282
\BOOKMARK [0][-]{chapter.30}{\376\377\000F\000u\000n\000d\000a\000m\000e\000n\000t\000o\000s\000\040\000d\000e\000\040\000l\000o\000s\000\040\000H\000e\000c\000h\000o\000s\000\040\000y\000\040\000A\000c\000t\000o\000s\000\040\000J\000u\000r\000\355\000d\000i\000c\000o\000s}{part.5}% 283
\BOOKMARK [1][-]{section.30.1}{\376\377\000I\000n\000t\000r\000o\000d\000u\000c\000c\000i\000\363\000n\000:\000\040\000l\000a\000\040\000c\000a\000u\000s\000a\000\040\000c\000o\000m\000o\000\040\000t\000e\000r\000c\000e\000r\000\040\000e\000l\000e\000m\000e\000n\000t\000o\000\040\000d\000e\000\040\000l\000a\000\040\000r\000e\000l\000a\000c\000i\000\363\000n\000\040\000j\000u\000r\000\355\000d\000i\000c\000a}{chapter.30}% 284
\BOOKMARK [1][-]{section.30.2}{\376\377\000U\000b\000i\000c\000a\000c\000i\000\363\000n\000\040\000m\000e\000t\000o\000d\000o\000l\000\363\000g\000i\000c\000a\000\040\000e\000n\000\040\000e\000l\000\040\000C\000\363\000d\000i\000g\000o\000\040\000C\000i\000v\000i\000l\000\040\000y\000\040\000C\000o\000m\000e\000r\000c\000i\000a\000l}{chapter.30}% 285
\BOOKMARK [1][-]{section.30.3}{\376\377\000D\000e\000f\000i\000n\000i\000c\000i\000\363\000n\000\040\000d\000e\000\040\000h\000e\000c\000h\000o\000\040\000j\000u\000r\000\355\000d\000i\000c\000o\000\040\000e\000n\000\040\000e\000l\000\040\000C\000C\000C\000N}{chapter.30}% 286
\BOOKMARK [1][-]{section.30.4}{\376\377\000C\000l\000a\000s\000i\000f\000i\000c\000a\000c\000i\000\363\000n\000\040\000g\000e\000n\000e\000r\000a\000l\000\040\000d\000e\000\040\000l\000o\000s\000\040\000h\000e\000c\000h\000o\000s\000\040\000j\000u\000r\000\355\000d\000i\000c\000o\000s}{chapter.30}% 287
\BOOKMARK [1][-]{section.30.5}{\376\377\000H\000e\000c\000h\000o\000s\000\040\000v\000o\000l\000u\000n\000t\000a\000r\000i\000o\000s\000\040\000e\000\040\000i\000n\000v\000o\000l\000u\000n\000t\000a\000r\000i\000o\000s\000:\000\040\000i\000m\000p\000o\000r\000t\000a\000n\000c\000i\000a\000\040\000d\000e\000\040\000l\000a\000\040\000d\000i\000s\000t\000i\000n\000c\000i\000\363\000n}{chapter.30}% 288
\BOOKMARK [1][-]{section.30.6}{\376\377\000A\000c\000t\000o\000s\000\040\000i\000l\000\355\000c\000i\000t\000o\000s\000:\000\040\000d\000o\000l\000o\000\040\000y\000\040\000c\000u\000l\000p\000a}{chapter.30}% 289
\BOOKMARK [1][-]{section.30.7}{\376\377\000A\000c\000t\000o\000s\000\040\000l\000\355\000c\000i\000t\000o\000s\000:\000\040\000s\000i\000m\000p\000l\000e\000s\000\040\000a\000c\000t\000o\000s\000\040\000l\000\355\000c\000i\000t\000o\000s\000\040\000y\000\040\000a\000c\000t\000o\000s\000\040\000j\000u\000r\000\355\000d\000i\000c\000o\000s}{chapter.30}% 290
\BOOKMARK [0][-]{chapter.31}{\376\377\000T\000e\000o\000r\000\355\000a\000\040\000d\000e\000l\000\040\000A\000c\000t\000o\000\040\000V\000o\000l\000u\000n\000t\000a\000r\000i\000o}{part.5}% 291
\BOOKMARK [1][-]{section.31.1}{\376\377\000L\000a\000s\000\040\000c\000o\000n\000d\000i\000c\000i\000o\000n\000e\000s\000\040\000d\000e\000l\000\040\000a\000c\000t\000o\000\040\000v\000o\000l\000u\000n\000t\000a\000r\000i\000o}{chapter.31}% 292
\BOOKMARK [1][-]{section.31.2}{\376\377\000E\000l\000\040\000d\000i\000s\000c\000e\000r\000n\000i\000m\000i\000e\000n\000t\000o}{chapter.31}% 293
\BOOKMARK [1][-]{section.31.3}{\376\377\000L\000a\000\040\000i\000n\000t\000e\000n\000c\000i\000\363\000n\000\040\000y\000\040\000s\000u\000s\000\040\000v\000i\000c\000i\000o\000s\000:\000\040\000e\000r\000r\000o\000r\000\040\000y\000\040\000d\000o\000l\000o}{chapter.31}% 294
\BOOKMARK [1][-]{section.31.4}{\376\377\000L\000a\000\040\000l\000i\000b\000e\000r\000t\000a\000d\000\040\000y\000\040\000e\000l\000\040\000v\000i\000c\000i\000o\000\040\000d\000e\000\040\000v\000i\000o\000l\000e\000n\000c\000i\000a}{chapter.31}% 295
\BOOKMARK [1][-]{section.31.5}{\376\377\000L\000a\000\040\000e\000x\000t\000e\000r\000i\000o\000r\000i\000z\000a\000c\000i\000\363\000n\000\040\000d\000e\000\040\000l\000a\000\040\000v\000o\000l\000u\000n\000t\000a\000d}{chapter.31}% 296
\BOOKMARK [1][-]{section.31.6}{\376\377\000E\000l\000\040\000s\000i\000l\000e\000n\000c\000i\000o\000\040\000c\000o\000m\000o\000\040\000\050\000n\000o\000\051\000\040\000m\000a\000n\000i\000f\000e\000s\000t\000a\000c\000i\000\363\000n\000\040\000d\000e\000\040\000v\000o\000l\000u\000n\000t\000a\000d}{chapter.31}% 297
\BOOKMARK [0][-]{chapter.32}{\376\377\000I\000m\000p\000u\000t\000a\000b\000i\000l\000i\000d\000a\000d\000\040\000d\000e\000\040\000l\000o\000s\000\040\000A\000c\000t\000o\000s\000\040\000V\000o\000l\000u\000n\000t\000a\000r\000i\000o\000s}{part.5}% 298
\BOOKMARK [1][-]{section.32.1}{\376\377\000E\000l\000\040\000d\000e\000b\000e\000r\000\040\000d\000e\000\040\000r\000e\000p\000a\000r\000a\000r\000:\000\040\000f\000u\000n\000d\000a\000m\000e\000n\000t\000o\000\040\000y\000\040\000p\000r\000e\000s\000u\000p\000u\000e\000s\000t\000o\000s}{chapter.32}% 299
\BOOKMARK [1][-]{section.32.2}{\376\377\000T\000i\000p\000o\000s\000\040\000d\000e\000\040\000c\000o\000n\000s\000e\000c\000u\000e\000n\000c\000i\000a\000s\000:\000\040\000i\000n\000m\000e\000d\000i\000a\000t\000a\000s\000,\000\040\000m\000e\000d\000i\000a\000t\000a\000s\000\040\000y\000\040\000c\000a\000s\000u\000a\000l\000e\000s}{chapter.32}% 300
\BOOKMARK [1][-]{section.32.3}{\376\377\000E\000l\000\040\000c\000r\000i\000t\000e\000r\000i\000o\000\040\000d\000e\000\040\000p\000r\000e\000v\000i\000s\000i\000b\000i\000l\000i\000d\000a\000d\000\040\000y\000\040\000l\000a\000\040\000g\000r\000a\000d\000u\000a\000c\000i\000\363\000n\000\040\000d\000e\000\040\000l\000a\000\040\000r\000e\000s\000p\000o\000n\000s\000a\000b\000i\000l\000i\000d\000a\000d}{chapter.32}% 301
\BOOKMARK [1][-]{section.32.4}{\376\377\000E\000l\000\040\000c\000a\000s\000o\000\040\000f\000o\000r\000t\000u\000i\000t\000o\000\040\000y\000\040\000l\000a\000\040\000f\000u\000e\000r\000z\000a\000\040\000m\000a\000y\000o\000r\000\040\000c\000o\000m\000o\000\040\000e\000x\000i\000m\000e\000n\000t\000e\000s}{chapter.32}% 302
\BOOKMARK [0][-]{chapter.33}{\376\377\000R\000e\000s\000p\000o\000n\000s\000a\000b\000i\000l\000i\000d\000a\000d\000\040\000p\000o\000r\000\040\000A\000c\000t\000o\000s\000\040\000I\000n\000v\000o\000l\000u\000n\000t\000a\000r\000i\000o\000s}{part.5}% 303
\BOOKMARK [1][-]{section.33.1}{\376\377\000R\000e\000g\000l\000a\000\040\000g\000e\000n\000e\000r\000a\000l\000:\000\040\000n\000o\000\040\000r\000e\000s\000p\000o\000n\000s\000a\000b\000i\000l\000i\000d\000a\000d\000\040\000p\000o\000r\000\040\000a\000c\000t\000o\000s\000\040\000i\000n\000v\000o\000l\000u\000n\000t\000a\000r\000i\000o\000s}{chapter.33}% 304
\BOOKMARK [1][-]{section.33.2}{\376\377\000L\000a\000\040\000e\000v\000o\000l\000u\000c\000i\000\363\000n\000:\000\040\000e\000l\000\040\000p\000r\000i\000n\000c\000i\000p\000i\000o\000\040\000d\000e\000\040\000e\000q\000u\000i\000d\000a\000d}{chapter.33}% 305
\BOOKMARK [1][-]{section.33.3}{\376\377\000E\000l\000\040\000a\000r\000t\000\355\000c\000u\000l\000o\000\040\0001\0007\0005\0000\000\040\000d\000e\000l\000\040\000C\000C\000C\000N\000:\000\040\000r\000\351\000g\000i\000m\000e\000n\000\040\000v\000i\000g\000e\000n\000t\000e}{chapter.33}% 306
\BOOKMARK [1][-]{section.33.4}{\376\377\000C\000r\000i\000t\000e\000r\000i\000o\000s\000\040\000d\000e\000\040\000l\000a\000\040\000e\000q\000u\000i\000d\000a\000d\000\040\000p\000a\000r\000a\000\040\000l\000a\000\040\000a\000t\000e\000n\000u\000a\000c\000i\000\363\000n\000\040\000\050\000A\000r\000t\000.\000\040\0001\0007\0004\0002\000\040\000C\000C\000C\000N\000\051}{chapter.33}% 307
\BOOKMARK [1][-]{section.33.5}{\376\377\000C\000u\000a\000d\000r\000o\000\040\000C\000o\000r\000n\000e\000l\000l\000\040\000d\000e\000\040\000R\000e\000p\000a\000s\000o\000\040\000G\000e\000n\000e\000r\000a\000l}{chapter.33}% 308
\BOOKMARK [0][-]{chapter.34}{\376\377\000E\000l\000\040\000a\000c\000t\000o\000\040\000j\000u\000r\000\355\000d\000i\000c\000o}{part.5}% 309
\BOOKMARK [1][-]{section.34.1}{\376\377\000A\000c\000t\000o\000\040\000j\000u\000r\000\355\000d\000i\000c\000o\000\040\000y\000\040\000c\000o\000n\000t\000r\000a\000t\000o\000:\000\040\000a\000l\000c\000a\000n\000c\000e\000\040\000d\000e\000\040\000l\000a\000\040\000t\000e\000o\000r\000\355\000a\000\040\000g\000e\000n\000e\000r\000a\000l}{chapter.34}% 310
\BOOKMARK [1][-]{section.34.2}{\376\377\000D\000e\000f\000i\000n\000i\000c\000i\000\363\000n\000\040\000y\000\040\000c\000a\000r\000a\000c\000t\000e\000r\000\355\000s\000t\000i\000c\000a\000s\000\040\000d\000e\000l\000\040\000a\000c\000t\000o\000\040\000j\000u\000r\000\355\000d\000i\000c\000o}{chapter.34}% 311
\BOOKMARK [1][-]{section.34.3}{\376\377\000A\000c\000t\000o\000\040\000j\000u\000r\000\355\000d\000i\000c\000o\000\040\000f\000r\000e\000n\000t\000e\000\040\000a\000l\000\040\000s\000i\000m\000p\000l\000e\000\040\000a\000c\000t\000o\000\040\000l\000\355\000c\000i\000t\000o}{chapter.34}% 312
\BOOKMARK [1][-]{section.34.4}{\376\377\000L\000o\000s\000\040\000e\000l\000e\000m\000e\000n\000t\000o\000s\000\040\000d\000e\000l\000\040\000a\000c\000t\000o\000\040\000j\000u\000r\000\355\000d\000i\000c\000o}{chapter.34}% 313
\BOOKMARK [0][-]{chapter.35}{\376\377\000E\000l\000\040\000o\000b\000j\000e\000t\000o\000\040\000d\000e\000l\000\040\000a\000c\000t\000o\000\040\000j\000u\000r\000\355\000d\000i\000c\000o}{part.5}% 314
\BOOKMARK [1][-]{section.35.1}{\376\377\000F\000u\000n\000d\000a\000m\000e\000n\000t\000o\000\040\000n\000o\000r\000m\000a\000t\000i\000v\000o}{chapter.35}% 315
\BOOKMARK [1][-]{section.35.2}{\376\377\000C\000o\000n\000t\000e\000n\000i\000d\000o\000\040\000m\000o\000r\000a\000l\000\040\000y\000\040\000l\000\355\000m\000i\000t\000e\000\040\000d\000e\000\040\000l\000a\000\040\000a\000u\000t\000o\000n\000o\000m\000\355\000a\000\040\000d\000e\000\040\000l\000a\000\040\000v\000o\000l\000u\000n\000t\000a\000d}{chapter.35}% 316
\BOOKMARK [1][-]{section.35.3}{\376\377\000R\000e\000q\000u\000i\000s\000i\000t\000o\000s\000\040\000d\000e\000l\000\040\000o\000b\000j\000e\000t\000o}{chapter.35}% 317
\BOOKMARK [2][-]{subsection.35.3.1}{\376\377\000L\000o\000s\000\040\000h\000e\000c\000h\000o\000s\000\040\000c\000o\000m\000o\000\040\000o\000b\000j\000e\000t\000o\000\040\000d\000e\000l\000\040\000a\000c\000t\000o}{section.35.3}% 318
\BOOKMARK [2][-]{subsection.35.3.2}{\376\377\000L\000o\000s\000\040\000b\000i\000e\000n\000e\000s\000\040\000c\000o\000m\000o\000\040\000o\000b\000j\000e\000t\000o\000\040\000d\000e\000l\000\040\000a\000c\000t\000o}{section.35.3}% 319
\BOOKMARK [1][-]{section.35.4}{\376\377\000O\000b\000j\000e\000t\000o\000\040\000i\000l\000\355\000c\000i\000t\000o\000:\000\040\000e\000l\000\040\000c\000a\000s\000o\000\040\000d\000e\000\040\000l\000a\000\040\000v\000e\000n\000t\000a\000\040\000d\000e\000\040\000i\000n\000f\000l\000u\000e\000n\000c\000i\000a\000s}{chapter.35}% 320
\BOOKMARK [0][-]{chapter.36}{\376\377\000L\000a\000\040\000c\000a\000u\000s\000a\000\040\000d\000e\000l\000\040\000a\000c\000t\000o\000\040\000j\000u\000r\000\355\000d\000i\000c\000o}{part.5}% 321
\BOOKMARK [1][-]{section.36.1}{\376\377\000C\000a\000u\000s\000a\000\040\000f\000u\000e\000n\000t\000e\000\040\000y\000\040\000c\000a\000u\000s\000a\000\040\000f\000i\000n}{chapter.36}% 322
\BOOKMARK [1][-]{section.36.2}{\376\377\000E\000v\000o\000l\000u\000c\000i\000\363\000n\000\040\000h\000i\000s\000t\000\363\000r\000i\000c\000a\000\040\000d\000e\000\040\000l\000a\000\040\000t\000e\000o\000r\000\355\000a\000\040\000d\000e\000\040\000l\000a\000\040\000c\000a\000u\000s\000a}{chapter.36}% 323
\BOOKMARK [2][-]{subsection.36.2.1}{\376\377\000T\000e\000o\000r\000\355\000a\000\040\000c\000a\000u\000s\000a\000l\000i\000s\000t\000a}{section.36.2}% 324
\BOOKMARK [2][-]{subsection.36.2.2}{\376\377\000C\000r\000\355\000t\000i\000c\000a\000\040\000a\000n\000t\000i\000c\000a\000u\000s\000a\000l\000i\000s\000t\000a}{section.36.2}% 325
\BOOKMARK [2][-]{subsection.36.2.3}{\376\377\000T\000e\000o\000r\000\355\000a\000\040\000m\000o\000d\000e\000r\000n\000a\000\040\000d\000e\000\040\000l\000a\000\040\000c\000a\000u\000s\000a}{section.36.2}% 326
\BOOKMARK [1][-]{section.36.3}{\376\377\000L\000a\000\040\000c\000a\000u\000s\000a\000\040\000e\000n\000\040\000e\000l\000\040\000C\000\363\000d\000i\000g\000o\000\040\000d\000e\000\040\000V\000\351\000l\000e\000z}{chapter.36}% 327
\BOOKMARK [1][-]{section.36.4}{\376\377\000L\000a\000\040\000c\000a\000u\000s\000a\000\040\000e\000n\000\040\000e\000l\000\040\000C\000\363\000d\000i\000g\000o\000\040\000C\000i\000v\000i\000l\000\040\000y\000\040\000C\000o\000m\000e\000r\000c\000i\000a\000l}{chapter.36}% 328
\BOOKMARK [2][-]{subsection.36.4.1}{\376\377\000D\000i\000m\000e\000n\000s\000i\000o\000n\000e\000s\000\040\000o\000b\000j\000e\000t\000i\000v\000a\000\040\000y\000\040\000s\000u\000b\000j\000e\000t\000i\000v\000a\000\040\000d\000e\000\040\000l\000a\000\040\000c\000a\000u\000s\000a}{section.36.4}% 329
\BOOKMARK [2][-]{subsection.36.4.2}{\376\377\000S\000\355\000n\000t\000e\000s\000i\000s\000\040\000d\000e\000\040\000l\000a\000s\000\040\000c\000a\000r\000a\000c\000t\000e\000r\000\355\000s\000t\000i\000c\000a\000s\000\040\000d\000e\000\040\000l\000a\000\040\000c\000a\000u\000s\000a}{section.36.4}% 330
\BOOKMARK [1][-]{section.36.5}{\376\377\000R\000\351\000g\000i\000m\000e\000n\000\040\000d\000e\000\040\000l\000a\000\040\000c\000a\000u\000s\000a}{chapter.36}% 331
\BOOKMARK [1][-]{section.36.6}{\376\377\000A\000c\000t\000o\000s\000\040\000a\000b\000s\000t\000r\000a\000c\000t\000o\000s}{chapter.36}% 332
\BOOKMARK [1][-]{section.36.7}{\376\377\000R\000e\000p\000a\000s\000o\000\040\000m\000e\000d\000i\000a\000n\000t\000e\000\040\000e\000l\000\040\000m\000\351\000t\000o\000d\000o\000\040\000C\000o\000r\000n\000e\000l\000l}{chapter.36}% 333
\BOOKMARK [0][-]{chapter.37}{\376\377\000L\000a\000\040\000f\000o\000r\000m\000a\000\040\000d\000e\000l\000\040\000a\000c\000t\000o\000\040\000j\000u\000r\000\355\000d\000i\000c\000o}{part.5}% 334
\BOOKMARK [1][-]{section.37.1}{\376\377\000C\000o\000n\000c\000e\000p\000t\000o\000\040\000d\000e\000\040\000f\000o\000r\000m\000a}{chapter.37}% 335
\BOOKMARK [1][-]{section.37.2}{\376\377\000R\000e\000g\000u\000l\000a\000c\000i\000\363\000n\000\040\000e\000n\000\040\000e\000l\000\040\000C\000\363\000d\000i\000g\000o\000\040\000C\000i\000v\000i\000l\000\040\000y\000\040\000C\000o\000m\000e\000r\000c\000i\000a\000l}{chapter.37}% 336
\BOOKMARK [1][-]{section.37.3}{\376\377\000E\000l\000\040\000f\000o\000r\000m\000a\000l\000i\000s\000m\000o\000\040\000e\000n\000\040\000e\000l\000\040\000d\000e\000r\000e\000c\000h\000o\000:\000\040\000v\000e\000n\000t\000a\000j\000a\000s\000\040\000y\000\040\000d\000e\000s\000v\000e\000n\000t\000a\000j\000a\000s}{chapter.37}% 337
\BOOKMARK [2][-]{subsection.37.3.1}{\376\377\000V\000e\000n\000t\000a\000j\000a\000s\000\040\000d\000e\000l\000\040\000f\000o\000r\000m\000a\000l\000i\000s\000m\000o}{section.37.3}% 338
\BOOKMARK [2][-]{subsection.37.3.2}{\376\377\000D\000e\000s\000v\000e\000n\000t\000a\000j\000a\000s\000\040\000d\000e\000l\000\040\000f\000o\000r\000m\000a\000l\000i\000s\000m\000o}{section.37.3}% 339
\BOOKMARK [0][-]{chapter.38}{\376\377\000C\000l\000a\000s\000i\000f\000i\000c\000a\000c\000i\000\363\000n\000\040\000d\000e\000\040\000l\000o\000s\000\040\000A\000c\000t\000o\000s\000\040\000J\000u\000r\000\355\000d\000i\000c\000o\000s\000\040\000s\000e\000g\000\372\000n\000\040\000l\000a\000\040\000F\000o\000r\000m\000a}{part.5}% 340
\BOOKMARK [1][-]{section.38.1}{\376\377\000F\000o\000r\000m\000a\000\040\000e\000s\000e\000n\000c\000i\000a\000l\000\040\000y\000\040\000f\000o\000r\000m\000a\000\040\000i\000n\000s\000t\000r\000u\000m\000e\000n\000t\000a\000l}{chapter.38}% 341
\BOOKMARK [1][-]{section.38.2}{\376\377\000P\000r\000i\000m\000e\000r\000a\000\040\000c\000l\000a\000s\000i\000f\000i\000c\000a\000c\000i\000\363\000n\000:\000\040\000a\000c\000t\000o\000s\000\040\000f\000o\000r\000m\000a\000l\000e\000s\000\040\000y\000\040\000n\000o\000\040\000f\000o\000r\000m\000a\000l\000e\000s}{chapter.38}% 342
\BOOKMARK [1][-]{section.38.3}{\376\377\000S\000e\000g\000u\000n\000d\000a\000\040\000c\000l\000a\000s\000i\000f\000i\000c\000a\000c\000i\000\363\000n\000:\000\040\000a\000c\000t\000o\000s\000\040\000s\000o\000l\000e\000m\000n\000e\000s\000\040\000y\000\040\000n\000o\000\040\000s\000o\000l\000e\000m\000n\000e\000s}{chapter.38}% 343
\BOOKMARK [1][-]{section.38.4}{\376\377\000S\000o\000l\000e\000m\000n\000i\000d\000a\000d\000\040\000a\000b\000s\000o\000l\000u\000t\000a\000\040\000y\000\040\000s\000o\000l\000e\000m\000n\000i\000d\000a\000d\000\040\000r\000e\000l\000a\000t\000i\000v\000a}{chapter.38}% 344
\BOOKMARK [2][-]{subsection.38.4.1}{\376\377\000C\000o\000n\000v\000e\000r\000s\000i\000\363\000n\000\040\000d\000e\000l\000\040\000a\000c\000t\000o\000\040\000j\000u\000r\000\355\000d\000i\000c\000o}{section.38.4}% 345
\BOOKMARK [1][-]{section.38.5}{\376\377\000P\000r\000i\000n\000c\000i\000p\000i\000o\000\040\000d\000e\000\040\000L\000i\000b\000e\000r\000t\000a\000d\000\040\000d\000e\000\040\000F\000o\000r\000m\000a\000s}{chapter.38}% 346
\BOOKMARK [0][-]{chapter.39}{\376\377\000L\000o\000s\000\040\000I\000n\000s\000t\000r\000u\000m\000e\000n\000t\000o\000s\000\040\040\024\000\040\000C\000l\000a\000s\000i\000f\000i\000c\000a\000c\000i\000\363\000n\000\040\000G\000e\000n\000e\000r\000a\000l}{part.5}% 347
\BOOKMARK [1][-]{section.39.1}{\376\377\000C\000o\000n\000c\000e\000p\000t\000o\000\040\000d\000e\000\040\000i\000n\000s\000t\000r\000u\000m\000e\000n\000t\000o}{chapter.39}% 348
\BOOKMARK [1][-]{section.39.2}{\376\377\000C\000l\000a\000s\000i\000f\000i\000c\000a\000c\000i\000\363\000n\000\040\000d\000e\000\040\000l\000o\000s\000\040\000i\000n\000s\000t\000r\000u\000m\000e\000n\000t\000o\000s}{chapter.39}% 349
\BOOKMARK [1][-]{section.39.3}{\376\377\000L\000a\000\040\000f\000i\000r\000m\000a\000\040\000c\000o\000m\000o\000\040\000d\000i\000s\000p\000o\000s\000i\000c\000i\000\363\000n\000\040\000g\000e\000n\000e\000r\000a\000l}{chapter.39}% 350
\BOOKMARK [2][-]{subsection.39.3.1}{\376\377\000F\000i\000r\000m\000a\000\040\000d\000i\000g\000i\000t\000a\000l\000\040\000y\000\040\000f\000i\000r\000m\000a\000\040\000e\000l\000e\000c\000t\000r\000\363\000n\000i\000c\000a}{section.39.3}% 351
\BOOKMARK [0][-]{chapter.40}{\376\377\000I\000n\000s\000t\000r\000u\000m\000e\000n\000t\000o\000s\000\040\000P\000\372\000b\000l\000i\000c\000o\000s}{part.5}% 352
\BOOKMARK [1][-]{section.40.1}{\376\377\000C\000o\000n\000c\000e\000p\000t\000o\000\040\000y\000\040\000c\000a\000r\000a\000c\000t\000e\000r\000e\000s}{chapter.40}% 353
\BOOKMARK [1][-]{section.40.2}{\376\377\000E\000n\000u\000m\000e\000r\000a\000c\000i\000\363\000n\000\040\000l\000e\000g\000a\000l}{chapter.40}% 354
\BOOKMARK [1][-]{section.40.3}{\376\377\000R\000e\000q\000u\000i\000s\000i\000t\000o\000s\000\040\000d\000e\000\040\000v\000a\000l\000i\000d\000e\000z}{chapter.40}% 355
\BOOKMARK [1][-]{section.40.4}{\376\377\000D\000e\000f\000e\000c\000t\000o\000s\000\040\000d\000e\000\040\000f\000o\000r\000m\000a}{chapter.40}% 356
\BOOKMARK [1][-]{section.40.5}{\376\377\000E\000f\000i\000c\000a\000c\000i\000a\000\040\000p\000r\000o\000b\000a\000t\000o\000r\000i\000a\000\040\000d\000e\000l\000\040\000i\000n\000s\000t\000r\000u\000m\000e\000n\000t\000o\000\040\000p\000\372\000b\000l\000i\000c\000o}{chapter.40}% 357
\BOOKMARK [2][-]{subsection.40.5.1}{\376\377\000H\000e\000c\000h\000o\000s\000\040\000p\000e\000r\000c\000i\000b\000i\000d\000o\000s\000\040\000d\000i\000r\000e\000c\000t\000a\000m\000e\000n\000t\000e\000\040\000p\000o\000r\000\040\000e\000l\000\040\000o\000f\000i\000c\000i\000a\000l\000\040\000p\000\372\000b\000l\000i\000c\000o}{section.40.5}% 358
\BOOKMARK [2][-]{subsection.40.5.2}{\376\377\000D\000e\000c\000l\000a\000r\000a\000c\000i\000o\000n\000e\000s\000\040\000d\000e\000\040\000l\000a\000s\000\040\000p\000a\000r\000t\000e\000s}{section.40.5}% 359
\BOOKMARK [0][-]{chapter.41}{\376\377\000L\000a\000\040\000e\000s\000c\000r\000i\000t\000u\000r\000a\000\040\000p\000\372\000b\000l\000i\000c\000a\000\040\000y\000\040\000l\000a\000s\000\040\000a\000c\000t\000a\000s\000\040\000n\000o\000t\000a\000r\000i\000a\000l\000e\000s}{part.5}% 360
\BOOKMARK [1][-]{section.41.1}{\376\377\000C\000o\000n\000c\000e\000p\000t\000o\000\040\000y\000\040\000p\000r\000o\000t\000o\000c\000o\000l\000o\000\040\000n\000o\000t\000a\000r\000i\000a\000l}{chapter.41}% 361
\BOOKMARK [2][-]{subsection.41.1.1}{\376\377\000E\000l\000\040\000p\000r\000o\000t\000o\000c\000o\000l\000o\000\040\000n\000o\000t\000a\000r\000i\000a\000l}{section.41.1}% 362
\BOOKMARK [1][-]{section.41.2}{\376\377\000R\000e\000q\000u\000i\000s\000i\000t\000o\000s\000\040\000d\000e\000\040\000l\000a\000\040\000e\000s\000c\000r\000i\000t\000u\000r\000a\000\040\000p\000\372\000b\000l\000i\000c\000a}{chapter.41}% 363
\BOOKMARK [2][-]{subsection.41.2.1}{\376\377\000E\000s\000t\000r\000u\000c\000t\000u\000r\000a\000:\000\040\000e\000n\000c\000a\000b\000e\000z\000a\000d\000o\000,\000\040\000c\000u\000e\000r\000p\000o\000\040\000y\000\040\000p\000i\000e}{section.41.2}% 364
\BOOKMARK [2][-]{subsection.41.2.2}{\376\377\000E\000l\000\040\000`\000`\000c\000o\000r\000r\000e\000s\000p\000o\000n\000d\000e\000'\000'\000\040\000e\000n\000\040\000l\000a\000s\000\040\000t\000r\000a\000n\000s\000m\000i\000s\000i\000o\000n\000e\000s\000\040\000d\000e\000\040\000i\000n\000m\000u\000e\000b\000l\000e\000s}{section.41.2}% 365
\BOOKMARK [1][-]{section.41.3}{\376\377\000C\000o\000p\000i\000a\000s\000\040\000y\000\040\000t\000e\000s\000t\000i\000m\000o\000n\000i\000o\000s}{chapter.41}% 366
\BOOKMARK [1][-]{section.41.4}{\376\377\000A\000c\000t\000a\000s\000\040\000N\000o\000t\000a\000r\000i\000a\000l\000e\000s}{chapter.41}% 367
\BOOKMARK [0][-]{chapter.42}{\376\377\000I\000n\000s\000t\000r\000u\000m\000e\000n\000t\000o\000s\000\040\000p\000a\000r\000t\000i\000c\000u\000l\000a\000r\000e\000s\000\040\000y\000\040\000f\000e\000c\000h\000a\000\040\000c\000i\000e\000r\000t\000a}{part.5}% 368
\BOOKMARK [1][-]{section.42.1}{\376\377\000C\000l\000a\000s\000i\000f\000i\000c\000a\000c\000i\000\363\000n\000\040\000y\000\040\000j\000e\000r\000a\000r\000q\000u\000\355\000a}{chapter.42}% 369
\BOOKMARK [1][-]{section.42.2}{\376\377\000I\000n\000s\000t\000r\000u\000m\000e\000n\000t\000o\000s\000\040\000p\000r\000i\000v\000a\000d\000o\000s\000:\000\040\000e\000l\000\040\000r\000e\000q\000u\000i\000s\000i\000t\000o\000\040\000d\000e\000\040\000l\000a\000\040\000f\000i\000r\000m\000a}{chapter.42}% 370
\BOOKMARK [1][-]{section.42.3}{\376\377\000R\000e\000c\000o\000n\000o\000c\000i\000m\000i\000e\000n\000t\000o\000\040\000d\000e\000\040\000l\000a\000\040\000f\000i\000r\000m\000a}{chapter.42}% 371
\BOOKMARK [1][-]{section.42.4}{\376\377\000F\000i\000r\000m\000a\000\040\000a\000\040\000r\000u\000e\000g\000o\000\040\000e\000\040\000i\000m\000p\000r\000e\000s\000i\000\363\000n\000\040\000d\000i\000g\000i\000t\000a\000l}{chapter.42}% 372
\BOOKMARK [1][-]{section.42.5}{\376\377\000D\000o\000c\000u\000m\000e\000n\000t\000o\000\040\000f\000i\000r\000m\000a\000d\000o\000\040\000e\000n\000\040\000b\000l\000a\000n\000c\000o}{chapter.42}% 373
\BOOKMARK [1][-]{section.42.6}{\376\377\000E\000n\000m\000i\000e\000n\000d\000a\000s\000\040\000e\000n\000\040\000i\000n\000s\000t\000r\000u\000m\000e\000n\000t\000o\000s\000\040\000p\000r\000i\000v\000a\000d\000o\000s}{chapter.42}% 374
\BOOKMARK [1][-]{section.42.7}{\376\377\000F\000e\000c\000h\000a\000\040\000C\000i\000e\000r\000t\000a\000\040\000y\000\040\000O\000p\000o\000n\000i\000b\000i\000l\000i\000d\000a\000d\000\040\000a\000\040\000T\000e\000r\000c\000e\000r\000o\000s}{chapter.42}% 375
\BOOKMARK [2][-]{subsection.42.7.1}{\376\377\000E\000l\000\040\000i\000n\000s\000t\000r\000u\000m\000e\000n\000t\000o\000\040\000p\000r\000i\000v\000a\000d\000o\000\040\000f\000r\000e\000n\000t\000e\000\040\000a\000\040\000t\000e\000r\000c\000e\000r\000o\000s}{section.42.7}% 376
\BOOKMARK [2][-]{subsection.42.7.2}{\376\377\000M\000e\000d\000i\000o\000s\000\040\000p\000a\000r\000a\000\040\000a\000d\000q\000u\000i\000r\000i\000r\000\040\000f\000e\000c\000h\000a\000\040\000c\000i\000e\000r\000t\000a}{section.42.7}% 377
\BOOKMARK [0][-]{chapter.43}{\376\377\000I\000n\000s\000t\000r\000u\000m\000e\000n\000t\000o\000s\000\040\000P\000a\000r\000t\000i\000c\000u\000l\000a\000r\000e\000s\000\040\000n\000o\000\040\000F\000i\000r\000m\000a\000d\000o\000s\000\040\000y\000\040\000C\000o\000r\000r\000e\000s\000p\000o\000n\000d\000e\000n\000c\000i\000a}{part.5}% 378
\BOOKMARK [1][-]{section.43.1}{\376\377\000C\000o\000n\000c\000e\000p\000t\000o\000\040\000y\000\040\000a\000m\000p\000l\000i\000t\000u\000d}{chapter.43}% 379
\BOOKMARK [1][-]{section.43.2}{\376\377\000F\000u\000e\000r\000z\000a\000\040\000p\000r\000o\000b\000a\000t\000o\000r\000i\000a\000\040\040\024\000\040\000c\000r\000i\000t\000e\000r\000i\000o\000s\000\040\000d\000e\000l\000\040\000j\000u\000e\000z}{chapter.43}% 380
\BOOKMARK [1][-]{section.43.3}{\376\377\000L\000a\000\040\000c\000o\000r\000r\000e\000s\000p\000o\000n\000d\000e\000n\000c\000i\000a}{chapter.43}% 381
\BOOKMARK [1][-]{section.43.4}{\376\377\000C\000u\000a\000d\000r\000o\000\040\000C\000o\000r\000n\000e\000l\000l\000\040\040\024\000\040\000R\000e\000p\000a\000s\000o\000\040\000I\000n\000t\000e\000g\000r\000a\000l}{chapter.43}% 382
\BOOKMARK [0][-]{chapter.44}{\376\377\000C\000l\000a\000s\000i\000f\000i\000c\000a\000c\000i\000\363\000n\000\040\000d\000e\000\040\000l\000o\000s\000\040\000A\000c\000t\000o\000s\000\040\000J\000u\000r\000\355\000d\000i\000c\000o\000s}{part.5}% 383
\BOOKMARK [1][-]{section.44.1}{\376\377\000A\000c\000t\000o\000s\000\040\000U\000n\000i\000l\000a\000t\000e\000r\000a\000l\000e\000s\000\040\000y\000\040\000B\000i\000l\000a\000t\000e\000r\000a\000l\000e\000s}{chapter.44}% 384
\BOOKMARK [1][-]{section.44.2}{\376\377\000A\000c\000t\000o\000s\000\040\000e\000n\000t\000r\000e\000\040\000V\000i\000v\000o\000s\000\040\000y\000\040\000d\000e\000\040\000\332\000l\000t\000i\000m\000a\000\040\000V\000o\000l\000u\000n\000t\000a\000d}{chapter.44}% 385
\BOOKMARK [1][-]{section.44.3}{\376\377\000A\000c\000t\000o\000s\000\040\000a\000\040\000T\000\355\000t\000u\000l\000o\000\040\000O\000n\000e\000r\000o\000s\000o\000\040\000y\000\040\000a\000\040\000T\000\355\000t\000u\000l\000o\000\040\000G\000r\000a\000t\000u\000i\000t\000o}{chapter.44}% 386
\BOOKMARK [1][-]{section.44.4}{\376\377\000A\000c\000t\000o\000s\000\040\000P\000r\000i\000n\000c\000i\000p\000a\000l\000e\000s\000\040\000y\000\040\000A\000c\000c\000e\000s\000o\000r\000i\000o\000s}{chapter.44}% 387
\BOOKMARK [1][-]{section.44.5}{\376\377\000A\000c\000t\000o\000s\000\040\000F\000o\000r\000m\000a\000l\000e\000s\000\040\000y\000\040\000N\000o\000\040\000F\000o\000r\000m\000a\000l\000e\000s}{chapter.44}% 388
\BOOKMARK [1][-]{section.44.6}{\376\377\000A\000c\000t\000o\000s\000\040\000P\000a\000t\000r\000i\000m\000o\000n\000i\000a\000l\000e\000s\000\040\000y\000\040\000E\000x\000t\000r\000a\000p\000a\000t\000r\000i\000m\000o\000n\000i\000a\000l\000e\000s}{chapter.44}% 389
\BOOKMARK [1][-]{section.44.7}{\376\377\000A\000c\000t\000o\000s\000\040\000d\000e\000\040\000D\000i\000s\000p\000o\000s\000i\000c\000i\000\363\000n\000,\000\040\000d\000e\000\040\000A\000d\000m\000i\000n\000i\000s\000t\000r\000a\000c\000i\000\363\000n\000\040\000y\000\040\000d\000e\000\040\000C\000o\000n\000s\000e\000r\000v\000a\000c\000i\000\363\000n}{chapter.44}% 390
\BOOKMARK [1][-]{section.44.8}{\376\377\000A\000c\000t\000o\000s\000\040\000P\000u\000r\000o\000s\000\040\000y\000\040\000S\000i\000m\000p\000l\000e\000s\000,\000\040\000y\000\040\000A\000c\000t\000o\000s\000\040\000M\000o\000d\000a\000l\000e\000s}{chapter.44}% 391
\BOOKMARK [1][-]{section.44.9}{\376\377\000A\000c\000t\000o\000s\000\040\000C\000a\000u\000s\000a\000l\000e\000s\000\040\000y\000\040\000A\000b\000s\000t\000r\000a\000c\000t\000o\000s}{chapter.44}% 392
\BOOKMARK [1][-]{section.44.10}{\376\377\000A\000c\000t\000o\000s\000\040\000P\000o\000s\000i\000t\000i\000v\000o\000s\000\040\000y\000\040\000N\000e\000g\000a\000t\000i\000v\000o\000s}{chapter.44}% 393
\BOOKMARK [0][-]{chapter.45}{\376\377\000M\000o\000d\000a\000l\000i\000d\000a\000d\000e\000s\000\040\000d\000e\000l\000\040\000a\000c\000t\000o\000\040\000j\000u\000r\000\355\000d\000i\000c\000o}{part.5}% 394
\BOOKMARK [1][-]{section.45.1}{\376\377\000L\000a\000\040\000C\000o\000n\000d\000i\000c\000i\000\363\000n}{chapter.45}% 395
\BOOKMARK [2][-]{subsection.45.1.1}{\376\377\000L\000a\000\040\000C\000o\000n\000d\000i\000c\000i\000\363\000n\000\040\000I\000m\000p\000r\000o\000p\000i\000a\000\040\000o\000\040\000S\000u\000p\000o\000s\000i\000c\000i\000\363\000n}{section.45.1}% 396
\BOOKMARK [2][-]{subsection.45.1.2}{\376\377\000C\000l\000a\000s\000i\000f\000i\000c\000a\000c\000i\000\363\000n\000\040\000d\000e\000\040\000l\000a\000s\000\040\000C\000o\000n\000d\000i\000c\000i\000o\000n\000e\000s}{section.45.1}% 397
\BOOKMARK [2][-]{subsection.45.1.3}{\376\377\000C\000o\000n\000d\000i\000c\000i\000o\000n\000e\000s\000\040\000P\000r\000o\000h\000i\000b\000i\000d\000a\000s}{section.45.1}% 398
\BOOKMARK [1][-]{section.45.2}{\376\377\000E\000l\000\040\000P\000l\000a\000z\000o}{chapter.45}% 399
\BOOKMARK [1][-]{section.45.3}{\376\377\000E\000l\000\040\000C\000a\000r\000g\000o}{chapter.45}% 400
\BOOKMARK [2][-]{subsection.45.3.1}{\376\377\000C\000a\000r\000g\000o\000\040\000S\000i\000m\000p\000l\000e\000\040\000y\000\040\000C\000a\000r\000g\000o\000\040\000C\000o\000n\000d\000i\000c\000i\000o\000n\000a\000l}{section.45.3}% 401
\BOOKMARK [2][-]{subsection.45.3.2}{\376\377\000C\000a\000r\000g\000o\000s\000\040\000P\000r\000o\000h\000i\000b\000i\000d\000o\000s}{section.45.3}% 402
\BOOKMARK [1][-]{section.45.4}{\376\377\000C\000i\000e\000r\000r\000e\000\040\000y\000\040\000S\000\355\000n\000t\000e\000s\000i\000s}{chapter.45}% 403
\BOOKMARK [1][-]{section.45.5}{\376\377\000C\000u\000a\000d\000r\000o\000\040\000C\000o\000r\000n\000e\000l\000l\000\040\000d\000e\000\040\000R\000e\000p\000a\000s\000o}{chapter.45}% 404
\BOOKMARK [0][-]{chapter.46}{\376\377\000P\000r\000i\000n\000c\000i\000p\000i\000o\000s\000\040\000g\000e\000n\000e\000r\000a\000l\000e\000s}{part.5}% 405
\BOOKMARK [1][-]{section.46.1}{\376\377\000I\000n\000t\000r\000o\000d\000u\000c\000c\000i\000\363\000n\000:\000\040\000l\000o\000s\000\040\000e\000f\000e\000c\000t\000o\000s\000\040\000d\000e\000l\000\040\000a\000c\000t\000o\000\040\000j\000u\000r\000\355\000d\000i\000c\000o}{chapter.46}% 406
\BOOKMARK [2][-]{subsection.46.1.1}{\376\377\000I\000m\000p\000o\000r\000t\000a\000n\000c\000i\000a\000\040\000p\000r\000\341\000c\000t\000i\000c\000a}{section.46.1}% 407
\BOOKMARK [1][-]{section.46.2}{\376\377\000N\000e\000m\000o\000\040\000p\000l\000u\000s\000\040\000i\000u\000r\000i\000s\000\040\000\050\000A\000r\000t\000.\000\040\0003\0009\0009\000\040\000C\000C\000C\000N\000\051}{chapter.46}% 408
\BOOKMARK [2][-]{subsection.46.2.1}{\376\377\000L\000a\000\040\000t\000r\000a\000n\000s\000m\000i\000s\000i\000b\000i\000l\000i\000d\000a\000d\000\040\000d\000e\000\040\000l\000o\000s\000\040\000d\000e\000r\000e\000c\000h\000o\000s\000\040\000c\000o\000m\000o\000\040\000r\000e\000g\000l\000a\000\040\000g\000e\000n\000e\000r\000a\000l}{section.46.2}% 409
\BOOKMARK [2][-]{subsection.46.2.2}{\376\377\000C\000a\000s\000o\000\040\000p\000r\000\341\000c\000t\000i\000c\000o\000:\000\040\000J\000u\000a\000n\000,\000\040\000V\000e\000r\000\363\000n\000i\000c\000a\000\040\000y\000\040\000D\000a\000n\000i\000e\000l\000a}{section.46.2}% 410
\BOOKMARK [1][-]{section.46.3}{\376\377\000E\000x\000c\000e\000p\000c\000i\000o\000n\000e\000s\000\040\000a\000l\000\040\000n\000e\000m\000o\000\040\000p\000l\000u\000s\000\040\000i\000u\000r\000i\000s}{chapter.46}% 411
\BOOKMARK [2][-]{subsection.46.3.1}{\376\377\000A\000d\000q\000u\000i\000r\000e\000n\000t\000e\000\040\000d\000e\000\040\000b\000u\000e\000n\000a\000\040\000f\000e\000\040\000y\000\040\000a\000\040\000t\000\355\000t\000u\000l\000o\000\040\000o\000n\000e\000r\000o\000s\000o\000\040\000\050\000A\000r\000t\000.\000\040\0003\0009\0002\000\040\000C\000C\000C\000N\000\051}{section.46.3}% 412
\BOOKMARK [2][-]{subsection.46.3.2}{\376\377\000O\000t\000r\000o\000s\000\040\000s\000u\000p\000u\000e\000s\000t\000o\000s\000\040\000d\000e\000\040\000p\000r\000o\000t\000e\000c\000c\000i\000\363\000n\000\040\000d\000e\000\040\000t\000e\000r\000c\000e\000r\000o\000s}{section.46.3}% 413
\BOOKMARK [1][-]{section.46.4}{\376\377\000C\000u\000a\000d\000r\000o\000\040\000C\000o\000r\000n\000e\000l\000l\000:\000\040\000p\000r\000i\000n\000c\000i\000p\000i\000o\000s\000\040\000g\000e\000n\000e\000r\000a\000l\000e\000s}{chapter.46}% 414
\BOOKMARK [0][-]{chapter.47}{\376\377\000P\000a\000r\000t\000e\000s\000\040\000y\000\040\000e\000f\000e\000c\000t\000o\000\040\000r\000e\000l\000a\000t\000i\000v\000o}{part.5}% 415
\BOOKMARK [1][-]{section.47.1}{\376\377\000E\000f\000e\000c\000t\000o\000\040\000r\000e\000l\000a\000t\000i\000v\000o\000\040\000d\000e\000\040\000l\000o\000s\000\040\000a\000c\000t\000o\000s\000\040\000j\000u\000r\000\355\000d\000i\000c\000o\000s\000\040\000\050\000A\000r\000t\000.\000\040\0001\0000\0002\0001\000\040\000C\000C\000C\000N\000\051}{chapter.47}% 416
\BOOKMARK [1][-]{section.47.2}{\376\377\000D\000e\000f\000i\000n\000i\000c\000i\000\363\000n\000\040\000d\000e\000\040\000p\000a\000r\000t\000e\000\040\000\050\000A\000r\000t\000.\000\040\0001\0000\0002\0003\000\040\000C\000C\000C\000N\000\051}{chapter.47}% 417
\BOOKMARK [2][-]{subsection.47.2.1}{\376\377\000D\000i\000s\000t\000i\000n\000c\000i\000\363\000n\000\040\000e\000n\000t\000r\000e\000\040\000p\000a\000r\000t\000e\000\040\000y\000\040\000r\000e\000p\000r\000e\000s\000e\000n\000t\000a\000n\000t\000e}{section.47.2}% 418
\BOOKMARK [1][-]{section.47.3}{\376\377\000C\000u\000a\000d\000r\000o\000\040\000C\000o\000r\000n\000e\000l\000l\000:\000\040\000p\000a\000r\000t\000e\000s\000\040\000y\000\040\000e\000f\000e\000c\000t\000o\000\040\000r\000e\000l\000a\000t\000i\000v\000o}{chapter.47}% 419
\BOOKMARK [0][-]{chapter.48}{\376\377\000R\000e\000p\000r\000e\000s\000e\000n\000t\000a\000c\000i\000\363\000n}{part.5}% 420
\BOOKMARK [1][-]{section.48.1}{\376\377\000T\000i\000p\000o\000s\000\040\000d\000e\000\040\000r\000e\000p\000r\000e\000s\000e\000n\000t\000a\000c\000i\000\363\000n\000\040\000\050\000A\000r\000t\000.\000\040\0003\0005\0008\000\040\000C\000C\000C\000N\000\051}{chapter.48}% 421
\BOOKMARK [1][-]{section.48.2}{\376\377\000R\000e\000p\000r\000e\000s\000e\000n\000t\000a\000c\000i\000\363\000n\000\040\000v\000o\000l\000u\000n\000t\000a\000r\000i\000a\000\040\000\050\000A\000r\000t\000s\000.\000\040\0003\0006\0002\040\023\0003\0008\0001\000\040\000C\000C\000C\000N\000\051}{chapter.48}% 422
\BOOKMARK [1][-]{section.48.3}{\376\377\000F\000a\000c\000u\000l\000t\000a\000d\000e\000s\000\040\000e\000x\000p\000r\000e\000s\000a\000s\000\040\000\050\000A\000r\000t\000.\000\040\0003\0007\0005\000\040\000C\000C\000C\000N\000\051}{chapter.48}% 423
\BOOKMARK [1][-]{section.48.4}{\376\377\000C\000u\000a\000d\000r\000o\000\040\000C\000o\000r\000n\000e\000l\000l\000:\000\040\000r\000e\000p\000r\000e\000s\000e\000n\000t\000a\000c\000i\000\363\000n}{chapter.48}% 424
\BOOKMARK [0][-]{chapter.49}{\376\377\000S\000u\000c\000e\000s\000o\000r\000e\000s}{part.5}% 425
\BOOKMARK [1][-]{section.49.1}{\376\377\000S\000u\000c\000e\000s\000o\000r\000\040\000u\000n\000i\000v\000e\000r\000s\000a\000l}{chapter.49}% 426
\BOOKMARK [1][-]{section.49.2}{\376\377\000S\000u\000c\000e\000s\000o\000r\000\040\000s\000i\000n\000g\000u\000l\000a\000r}{chapter.49}% 427
\BOOKMARK [1][-]{section.49.3}{\376\377\000C\000u\000a\000d\000r\000o\000\040\000C\000o\000r\000n\000e\000l\000l\000:\000\040\000s\000u\000c\000e\000s\000o\000r\000e\000s}{chapter.49}% 428
\BOOKMARK [0][-]{chapter.50}{\376\377\000T\000e\000r\000c\000e\000r\000o\000s\000\040\000y\000\040\000a\000c\000c\000i\000o\000n\000e\000s}{part.5}% 429
\BOOKMARK [1][-]{section.50.1}{\376\377\000S\000i\000t\000u\000a\000c\000i\000\363\000n\000\040\000d\000e\000\040\000l\000o\000s\000\040\000t\000e\000r\000c\000e\000r\000o\000s}{chapter.50}% 430
\BOOKMARK [1][-]{section.50.2}{\376\377\000L\000a\000s\000\040\000a\000c\000c\000i\000o\000n\000e\000s\000\040\000d\000e\000\040\000l\000o\000s\000\040\000a\000c\000r\000e\000e\000d\000o\000r\000e\000s\000\040\000f\000r\000e\000n\000t\000e\000\040\000a\000\040\000t\000e\000r\000c\000e\000r\000o\000s}{chapter.50}% 431
\BOOKMARK [1][-]{section.50.3}{\376\377\000C\000u\000a\000d\000r\000o\000\040\000C\000o\000r\000n\000e\000l\000l\000:\000\040\000t\000e\000r\000c\000e\000r\000o\000s\000\040\000y\000\040\000a\000c\000c\000i\000o\000n\000e\000s}{chapter.50}% 432
\BOOKMARK [1][-]{section.50.4}{\376\377\000S\000\355\000n\000t\000e\000s\000i\000s\000\040\000g\000e\000n\000e\000r\000a\000l\000\040\000d\000e\000\040\000l\000o\000s\000\040\000e\000f\000e\000c\000t\000o\000s\000\040\000d\000e\000l\000\040\000a\000c\000t\000o\000\040\000j\000u\000r\000\355\000d\000i\000c\000o}{chapter.50}% 433
\BOOKMARK [-1][-]{part.6}{\376\377\000V\000I\000\040\000V\000i\000c\000i\000o\000s\000\040\000d\000e\000\040\000l\000o\000s\000\040\000a\000c\000t\000o\000s\000\040\000j\000u\000r\000\355\000d\000i\000c\000o\000s\000:\000\040\000v\000o\000l\000u\000n\000t\000a\000d\000,\000\040\000e\000q\000u\000i\000l\000i\000b\000r\000i\000o\000\040\000y\000\040\000s\000i\000n\000c\000e\000r\000i\000d\000a\000d}{}% 434
\BOOKMARK [0][-]{chapter.51}{\376\377\000F\000u\000n\000d\000a\000m\000e\000n\000t\000o\000s\000\040\000y\000\040\000m\000\351\000t\000o\000d\000o\000\040\000d\000e\000l\000\040\000C\000\363\000d\000i\000g\000o\000\040\000C\000i\000v\000i\000l\000\040\000y\000\040\000C\000o\000m\000e\000r\000c\000i\000a\000l}{part.6}% 435
\BOOKMARK [1][-]{section.51.1}{\376\377\000I\000n\000t\000r\000o\000d\000u\000c\000c\000i\000\363\000n\000:\000\040\000\277\000v\000i\000c\000i\000o\000s\000\040\000d\000e\000\040\000l\000a\000\040\000v\000o\000l\000u\000n\000t\000a\000d\000\040\000o\000\040\000d\000e\000l\000\040\000c\000o\000n\000s\000e\000n\000t\000i\000m\000i\000e\000n\000t\000o\000?}{chapter.51}% 436
\BOOKMARK [1][-]{section.51.2}{\376\377\000M\000\351\000t\000o\000d\000o\000\040\000d\000e\000l\000\040\000C\000\363\000d\000i\000g\000o\000\040\000C\000i\000v\000i\000l\000\040\000y\000\040\000C\000o\000m\000e\000r\000c\000i\000a\000l}{chapter.51}% 437
\BOOKMARK [0][-]{chapter.52}{\376\377\000E\000l\000\040\000e\000r\000r\000o\000r\000\040\000c\000o\000m\000o\000\040\000v\000i\000c\000i\000o\000\040\000d\000e\000\040\000l\000a\000\040\000v\000o\000l\000u\000n\000t\000a\000d\000\040\000\050\000A\000r\000t\000s\000.\000\040\0002\0006\0005\040\023\0002\0007\0000\000\051}{part.6}% 438
\BOOKMARK [1][-]{section.52.1}{\376\377\000C\000o\000n\000c\000e\000p\000t\000o\000\040\000y\000\040\000c\000l\000a\000s\000i\000f\000i\000c\000a\000c\000i\000\363\000n\000\040\000d\000e\000l\000\040\000e\000r\000r\000o\000r\000\040\000d\000e\000\040\000h\000e\000c\000h\000o}{chapter.52}% 439
\BOOKMARK [1][-]{section.52.2}{\376\377\000E\000l\000\040\000e\000r\000r\000o\000r\000\040\000r\000e\000c\000o\000n\000o\000c\000i\000b\000l\000e\000\040\040\024\000\040\000A\000r\000t\000.\000\040\0002\0006\0006}{chapter.52}% 440
\BOOKMARK [1][-]{section.52.3}{\376\377\000E\000l\000\040\000e\000r\000r\000o\000r\000\040\000e\000s\000e\000n\000c\000i\000a\000l\000\040\040\024\000\040\000s\000u\000p\000u\000e\000s\000t\000o\000s\000\040\000d\000e\000l\000\040\000A\000r\000t\000.\000\040\0002\0006\0007}{chapter.52}% 441
\BOOKMARK [2][-]{subsection.52.3.1}{\376\377\000I\000n\000c\000i\000s\000o\000\040\000a\000\051\000\040\040\024\000\040\000E\000r\000r\000o\000r\000\040\000s\000o\000b\000r\000e\000\040\000l\000a\000\040\000n\000a\000t\000u\000r\000a\000l\000e\000z\000a\000\040\000d\000e\000l\000\040\000a\000c\000t\000o}{section.52.3}% 442
\BOOKMARK [2][-]{subsection.52.3.2}{\376\377\000I\000n\000c\000i\000s\000o\000\040\000b\000\051\000\040\040\024\000\040\000E\000r\000r\000o\000r\000\040\000s\000o\000b\000r\000e\000\040\000e\000l\000\040\000o\000b\000j\000e\000t\000o}{section.52.3}% 443
\BOOKMARK [2][-]{subsection.52.3.3}{\376\377\000I\000n\000c\000i\000s\000o\000\040\000c\000\051\000\040\040\024\000\040\000E\000r\000r\000o\000r\000\040\000s\000o\000b\000r\000e\000\040\000l\000a\000\040\000c\000u\000a\000l\000i\000d\000a\000d\000\040\000s\000u\000s\000t\000a\000n\000c\000i\000a\000l\000\040\000d\000e\000l\000\040\000b\000i\000e\000n}{section.52.3}% 444
\BOOKMARK [2][-]{subsection.52.3.4}{\376\377\000I\000n\000c\000i\000s\000o\000\040\000d\000\051\000\040\040\024\000\040\000E\000r\000r\000o\000r\000\040\000s\000o\000b\000r\000e\000\040\000l\000o\000s\000\040\000m\000o\000t\000i\000v\000o\000s}{section.52.3}% 445
\BOOKMARK [2][-]{subsection.52.3.5}{\376\377\000I\000n\000c\000i\000s\000o\000\040\000e\000\051\000\040\040\024\000\040\000E\000r\000r\000o\000r\000\040\000s\000o\000b\000r\000e\000\040\000l\000a\000\040\000p\000e\000r\000s\000o\000n\000a}{section.52.3}% 446
\BOOKMARK [1][-]{section.52.4}{\376\377\000E\000r\000r\000o\000r\000\040\000d\000e\000\040\000c\000\341\000l\000c\000u\000l\000o\000\040\040\024\000\040\000A\000r\000t\000.\000\040\0002\0006\0008}{chapter.52}% 447
\BOOKMARK [1][-]{section.52.5}{\376\377\000S\000u\000b\000s\000i\000s\000t\000e\000n\000c\000i\000a\000\040\000d\000e\000l\000\040\000a\000c\000t\000o\000\040\000y\000\040\000n\000u\000l\000i\000d\000a\000d\000\040\000r\000e\000l\000a\000t\000i\000v\000a\000\040\040\024\000\040\000A\000r\000t\000.\000\040\0002\0006\0009}{chapter.52}% 448
\BOOKMARK [1][-]{section.52.6}{\376\377\000E\000r\000r\000o\000r\000\040\000e\000n\000\040\000l\000a\000\040\000d\000e\000c\000l\000a\000r\000a\000c\000i\000\363\000n\000\040\040\024\000\040\000A\000r\000t\000.\000\040\0002\0007\0000}{chapter.52}% 449
\BOOKMARK [1][-]{section.52.7}{\376\377\000C\000o\000n\000s\000e\000c\000u\000e\000n\000c\000i\000a\000s\000\040\000d\000e\000l\000\040\000e\000r\000r\000o\000r\000:\000\040\000n\000u\000l\000i\000d\000a\000d\000\040\000r\000e\000l\000a\000t\000i\000v\000a\000\040\000y\000\040\000p\000r\000e\000s\000c\000r\000i\000p\000c\000i\000\363\000n}{chapter.52}% 450
\BOOKMARK [0][-]{chapter.53}{\376\377\000E\000l\000\040\000d\000o\000l\000o\000\040\000c\000o\000m\000o\000\040\000v\000i\000c\000i\000o\000\040\000d\000e\000\040\000l\000a\000\040\000v\000o\000l\000u\000n\000t\000a\000d\000\040\000\050\000A\000r\000t\000s\000.\000\040\0002\0007\0001\040\023\0002\0007\0005\000\051}{part.6}% 451
\BOOKMARK [1][-]{section.53.1}{\376\377\000L\000a\000s\000\040\000a\000c\000e\000p\000c\000i\000o\000n\000e\000s\000\040\000d\000e\000l\000\040\000d\000o\000l\000o\000\040\000e\000n\000\040\000e\000l\000\040\000d\000e\000r\000e\000c\000h\000o\000\040\000c\000i\000v\000i\000l}{chapter.53}% 452
\BOOKMARK [1][-]{section.53.2}{\376\377\000C\000o\000n\000c\000e\000p\000t\000o\000:\000\040\000a\000c\000c\000i\000\363\000n\000\040\000y\000\040\000o\000m\000i\000s\000i\000\363\000n\000\040\000d\000o\000l\000o\000s\000a\000\040\040\024\000\040\000A\000r\000t\000.\000\040\0002\0007\0001}{chapter.53}% 453
\BOOKMARK [1][-]{section.53.3}{\376\377\000D\000o\000l\000o\000\040\000e\000s\000e\000n\000c\000i\000a\000l\000\040\040\024\000\040\000r\000e\000q\000u\000i\000s\000i\000t\000o\000s\000\040\000d\000e\000l\000\040\000A\000r\000t\000.\000\040\0002\0007\0002}{chapter.53}% 454
\BOOKMARK [1][-]{section.53.4}{\376\377\000D\000o\000l\000o\000\040\000i\000n\000c\000i\000d\000e\000n\000t\000a\000l\000\040\040\024\000\040\000A\000r\000t\000.\000\040\0002\0007\0003}{chapter.53}% 455
\BOOKMARK [1][-]{section.53.5}{\376\377\000D\000o\000l\000o\000\040\000d\000e\000\040\000t\000e\000r\000c\000e\000r\000o\000\040\040\024\000\040\000A\000r\000t\000.\000\040\0002\0007\0004}{chapter.53}% 456
\BOOKMARK [1][-]{section.53.6}{\376\377\000C\000o\000n\000s\000e\000c\000u\000e\000n\000c\000i\000a\000s\000\040\000d\000e\000l\000\040\000d\000o\000l\000o\000:\000\040\000n\000u\000l\000i\000d\000a\000d\000\040\000y\000\040\000d\000a\000\361\000o\000s\000\040\040\024\000\040\000A\000r\000t\000.\000\040\0002\0007\0005}{chapter.53}% 457
\BOOKMARK [0][-]{chapter.54}{\376\377\000L\000a\000\040\000v\000i\000o\000l\000e\000n\000c\000i\000a\000\040\000c\000o\000m\000o\000\040\000v\000i\000c\000i\000o\000\040\000d\000e\000\040\000l\000a\000\040\000v\000o\000l\000u\000n\000t\000a\000d\000\040\000\050\000A\000r\000t\000s\000.\000\040\0002\0007\0006\040\023\0002\0007\0008\000\051}{part.6}% 458
\BOOKMARK [1][-]{section.54.1}{\376\377\000C\000o\000n\000c\000e\000p\000t\000o\000\040\000d\000e\000\040\000v\000i\000o\000l\000e\000n\000c\000i\000a\000:\000\040\000f\000u\000e\000r\000z\000a\000\040\000e\000\040\000i\000n\000t\000i\000m\000i\000d\000a\000c\000i\000\363\000n}{chapter.54}% 459
\BOOKMARK [1][-]{section.54.2}{\376\377\000R\000e\000q\000u\000i\000s\000i\000t\000o\000s\000\040\000d\000e\000\040\000l\000a\000\040\000i\000n\000t\000i\000m\000i\000d\000a\000c\000i\000\363\000n\000\040\040\024\000\040\000A\000r\000t\000.\000\040\0002\0007\0006}{chapter.54}% 460
\BOOKMARK [1][-]{section.54.3}{\376\377\000V\000i\000o\000l\000e\000n\000c\000i\000a\000\040\000d\000e\000\040\000t\000e\000r\000c\000e\000r\000o\000\040\000y\000\040\000r\000e\000s\000p\000o\000n\000s\000a\000b\000i\000l\000i\000d\000a\000d\000\040\000s\000o\000l\000i\000d\000a\000r\000i\000a\000\040\040\024\000\040\000A\000r\000t\000.\000\040\0002\0007\0008}{chapter.54}% 461
\BOOKMARK [1][-]{section.54.4}{\376\377\000E\000l\000\040\000t\000e\000m\000o\000r\000\040\000r\000e\000v\000e\000r\000e\000n\000c\000i\000a\000l}{chapter.54}% 462
\BOOKMARK [1][-]{section.54.5}{\376\377\000C\000o\000n\000s\000e\000c\000u\000e\000n\000c\000i\000a\000s\000\040\000d\000e\000\040\000l\000a\000\040\000v\000i\000o\000l\000e\000n\000c\000i\000a\000:\000\040\000n\000u\000l\000i\000d\000a\000d\000\040\000y\000\040\000p\000r\000e\000s\000c\000r\000i\000p\000c\000i\000\363\000n}{chapter.54}% 463
\BOOKMARK [1][-]{section.54.6}{\376\377\000C\000u\000a\000d\000r\000o\000\040\000C\000o\000r\000n\000e\000l\000l\000\040\040\024\000\040\000V\000i\000c\000i\000o\000s\000\040\000d\000e\000\040\000l\000a\000\040\000V\000o\000l\000u\000n\000t\000a\000d}{chapter.54}% 464
\BOOKMARK [0][-]{chapter.55}{\376\377\000A\000n\000t\000e\000c\000e\000d\000e\000n\000t\000e\000s\000\040\000h\000i\000s\000t\000\363\000r\000i\000c\000o\000s\000\040\000y\000\040\000d\000e\000r\000e\000c\000h\000o\000\040\000c\000o\000m\000p\000a\000r\000a\000d\000o}{part.6}% 465
\BOOKMARK [1][-]{section.55.1}{\376\377\000L\000o\000s\000\040\000v\000i\000c\000i\000o\000s\000\040\000d\000e\000\040\000l\000o\000s\000\040\000a\000c\000t\000o\000s\000\040\000j\000u\000r\000\355\000d\000i\000c\000o\000s\000\040\000s\000e\000g\000\372\000n\000\040\000e\000l\000\040\000C\000\363\000d\000i\000g\000o\000\040\000C\000i\000v\000i\000l\000\040\000y\000\040\000C\000o\000m\000e\000r\000c\000i\000a\000l}{chapter.55}% 466
\BOOKMARK [1][-]{section.55.2}{\376\377\000C\000o\000n\000c\000e\000p\000t\000o\000\040\000d\000e\000\040\000l\000e\000s\000i\000\363\000n\000:\000\040\000u\000n\000a\000\040\000d\000i\000s\000t\000i\000n\000c\000i\000\363\000n\000\040\000n\000e\000c\000e\000s\000a\000r\000i\000a}{chapter.55}% 467
\BOOKMARK [1][-]{section.55.3}{\376\377\000E\000l\000\040\000d\000e\000r\000e\000c\000h\000o\000\040\000r\000o\000m\000a\000n\000o\000\040\000y\000\040\000e\000l\000\040\000C\000\363\000d\000i\000g\000o\000\040\000J\000u\000s\000t\000i\000n\000i\000a\000n\000e\000o}{chapter.55}% 468
\BOOKMARK [1][-]{section.55.4}{\376\377\000L\000a\000\040\000E\000d\000a\000d\000\040\000M\000e\000d\000i\000a\000\040\000y\000\040\000e\000l\000\040\000p\000r\000e\000c\000i\000o\000\040\000j\000u\000s\000t\000o}{chapter.55}% 469
\BOOKMARK [1][-]{section.55.5}{\376\377\000L\000a\000\040\000l\000e\000g\000i\000s\000l\000a\000c\000i\000\363\000n\000\040\000e\000s\000p\000a\000\361\000o\000l\000a\000\040\000c\000o\000m\000o\000\040\000a\000n\000t\000e\000c\000e\000d\000e\000n\000t\000e\000\040\000d\000e\000l\000\040\000d\000e\000r\000e\000c\000h\000o\000\040\000a\000r\000g\000e\000n\000t\000i\000n\000o}{chapter.55}% 470
\BOOKMARK [1][-]{section.55.6}{\376\377\000E\000l\000\040\000d\000e\000r\000e\000c\000h\000o\000\040\000c\000o\000m\000p\000a\000r\000a\000d\000o\000\040\000m\000o\000d\000e\000r\000n\000o}{chapter.55}% 471
\BOOKMARK [2][-]{subsection.55.6.1}{\376\377\000E\000l\000\040\000C\000\363\000d\000i\000g\000o\000\040\000C\000i\000v\000i\000l\000\040\000F\000r\000a\000n\000c\000\351\000s\000\040\000\050\0001\0008\0000\0004\000\051\000:\000\040\000l\000a\000\040\000l\000e\000s\000i\000\363\000n\000\040\000o\000b\000j\000e\000t\000i\000v\000a}{section.55.6}% 472
\BOOKMARK [2][-]{subsection.55.6.2}{\376\377\000E\000l\000\040\000C\000\363\000d\000i\000g\000o\000\040\000C\000i\000v\000i\000l\000\040\000A\000l\000e\000m\000\341\000n\000\040\040\024\000\040\000B\000G\000B\000\040\000\050\0001\0009\0000\0000\000\051\000:\000\040\000l\000a\000\040\000l\000e\000s\000i\000\363\000n\000\040\000s\000u\000b\000j\000e\000t\000i\000v\000a}{section.55.6}% 473
\BOOKMARK [2][-]{subsection.55.6.3}{\376\377\000E\000l\000\040\000C\000\363\000d\000i\000g\000o\000\040\000S\000u\000i\000z\000o\000\040\000\050\0001\0009\0001\0002\000\051\000\040\000y\000\040\000e\000l\000\040\000C\000\363\000d\000i\000g\000o\000\040\000I\000t\000a\000l\000i\000a\000n\000o\000\040\000\050\0001\0009\0004\0002\000\051}{section.55.6}% 474
\BOOKMARK [1][-]{section.55.7}{\376\377\000C\000u\000a\000d\000r\000o\000\040\000d\000e\000\040\000r\000e\000p\000a\000s\000o\000\040\040\024\000\040\000M\000\351\000t\000o\000d\000o\000\040\000C\000o\000r\000n\000e\000l\000l}{chapter.55}% 475
\BOOKMARK [0][-]{chapter.56}{\376\377\000L\000a\000\040\000l\000e\000s\000i\000\363\000n\000\040\000e\000n\000\040\000e\000l\000\040\000d\000e\000r\000e\000c\000h\000o\000\040\000a\000r\000g\000e\000n\000t\000i\000n\000o}{part.6}% 476
\BOOKMARK [1][-]{section.56.1}{\376\377\000E\000l\000\040\000C\000\363\000d\000i\000g\000o\000\040\000d\000e\000\040\000V\000\351\000l\000e\000z\000\040\000\050\0001\0008\0006\0009\000\051\000:\000\040\000l\000a\000\040\000e\000x\000c\000l\000u\000s\000i\000\363\000n\000\040\000d\000e\000\040\000l\000a\000\040\000l\000e\000s\000i\000\363\000n}{chapter.56}% 477
\BOOKMARK [1][-]{section.56.2}{\376\377\000L\000a\000\040\000j\000u\000r\000i\000s\000p\000r\000u\000d\000e\000n\000c\000i\000a\000\040\000a\000n\000t\000e\000r\000i\000o\000r\000\040\000a\000\040\000l\000a\000\040\000l\000e\000y\000\040\0001\0007\000.\0007\0001\0001}{chapter.56}% 478
\BOOKMARK [1][-]{section.56.3}{\376\377\000L\000a\000\040\000l\000e\000y\000\040\0001\0007\000.\0007\0001\0001\000\040\000y\000\040\000l\000a\000\040\000r\000e\000f\000o\000r\000m\000a\000\040\000a\000l\000\040\000a\000r\000t\000.\000\040\0009\0005\0004\000\040\000\050\0001\0009\0006\0008\000\051}{chapter.56}% 479
\BOOKMARK [1][-]{section.56.4}{\376\377\000E\000l\000\040\000a\000r\000t\000.\000\040\0003\0003\0002\000\040\000d\000e\000l\000\040\000C\000C\000C\000:\000\040\000t\000e\000x\000t\000o\000\040\000y\000\040\000d\000i\000f\000e\000r\000e\000n\000c\000i\000a\000s\000\040\000c\000o\000n\000\040\000e\000l\000\040\000a\000r\000t\000.\000\040\0009\0005\0004}{chapter.56}% 480
\BOOKMARK [1][-]{section.56.5}{\376\377\000\301\000m\000b\000i\000t\000o\000\040\000d\000e\000\040\000a\000p\000l\000i\000c\000a\000c\000i\000\363\000n\000\040\000d\000e\000l\000\040\000a\000r\000t\000.\000\040\0003\0003\0002}{chapter.56}% 481
\BOOKMARK [1][-]{section.56.6}{\376\377\000E\000l\000\040\000e\000l\000e\000m\000e\000n\000t\000o\000\040\000o\000b\000j\000e\000t\000i\000v\000o\000:\000\040\000l\000a\000\040\000d\000e\000s\000p\000r\000o\000p\000o\000r\000c\000i\000\363\000n\000\040\000d\000e\000\040\000l\000a\000s\000\040\000p\000r\000e\000s\000t\000a\000c\000i\000o\000n\000e\000s}{chapter.56}% 482
\BOOKMARK [1][-]{section.56.7}{\376\377\000L\000o\000s\000\040\000e\000l\000e\000m\000e\000n\000t\000o\000s\000\040\000s\000u\000b\000j\000e\000t\000i\000v\000o\000s}{chapter.56}% 483
\BOOKMARK [1][-]{section.56.8}{\376\377\000L\000a\000\040\000p\000r\000e\000s\000u\000n\000c\000i\000\363\000n\000\040\000l\000e\000g\000a\000l\000\040\000d\000e\000l\000\040\000a\000r\000t\000.\000\040\0003\0003\0002}{chapter.56}% 484
\BOOKMARK [1][-]{section.56.9}{\376\377\000L\000a\000s\000\040\000a\000c\000c\000i\000o\000n\000e\000s\000,\000\040\000l\000a\000\040\000l\000e\000g\000i\000t\000i\000m\000a\000c\000i\000\363\000n\000\040\000y\000\040\000l\000a\000\040\000p\000r\000e\000s\000c\000r\000i\000p\000c\000i\000\363\000n}{chapter.56}% 485
\BOOKMARK [1][-]{section.56.10}{\376\377\000F\000i\000g\000u\000r\000a\000s\000\040\000a\000f\000i\000n\000e\000s\000:\000\040\000c\000l\000\341\000u\000s\000u\000l\000a\000\040\000p\000e\000n\000a\000l\000\040\000y\000\040\000u\000s\000u\000r\000a}{chapter.56}% 486
\BOOKMARK [1][-]{section.56.11}{\376\377\000D\000e\000b\000a\000t\000e\000\040\000d\000o\000c\000t\000r\000i\000n\000a\000r\000i\000o\000:\000\040\000l\000a\000\040\000e\000s\000e\000n\000c\000i\000a\000\040\000d\000e\000\040\000l\000a\000\040\000l\000e\000s\000i\000\363\000n}{chapter.56}% 487
\BOOKMARK [1][-]{section.56.12}{\376\377\000C\000u\000a\000d\000r\000o\000\040\000d\000e\000\040\000r\000e\000p\000a\000s\000o\000\040\040\024\000\040\000M\000\351\000t\000o\000d\000o\000\040\000C\000o\000r\000n\000e\000l\000l}{chapter.56}% 488
\BOOKMARK [0][-]{chapter.57}{\376\377\000L\000a\000\040\000s\000i\000m\000u\000l\000a\000c\000i\000\363\000n}{part.6}% 489
\BOOKMARK [1][-]{section.57.1}{\376\377\000C\000o\000n\000c\000e\000p\000t\000o\000\040\000y\000\040\000n\000o\000c\000i\000\363\000n\000\040\000g\000e\000n\000e\000r\000a\000l}{chapter.57}% 490
\BOOKMARK [1][-]{section.57.2}{\376\377\000D\000e\000f\000i\000n\000i\000c\000i\000\363\000n\000\040\000d\000o\000c\000t\000r\000i\000n\000a\000r\000i\000a\000\040\000y\000\040\000u\000b\000i\000c\000a\000c\000i\000\363\000n\000\040\000m\000e\000t\000o\000d\000o\000l\000\363\000g\000i\000c\000a}{chapter.57}% 491
\BOOKMARK [1][-]{section.57.3}{\376\377\000D\000e\000f\000i\000n\000i\000c\000i\000\363\000n\000\040\000l\000e\000g\000a\000l\000\040\000d\000e\000\040\000l\000a\000\040\000s\000i\000m\000u\000l\000a\000c\000i\000\363\000n}{chapter.57}% 492
\BOOKMARK [1][-]{section.57.4}{\376\377\000S\000i\000m\000u\000l\000a\000c\000i\000\363\000n\000\040\000a\000b\000s\000o\000l\000u\000t\000a\000\040\000y\000\040\000s\000i\000m\000u\000l\000a\000c\000i\000\363\000n\000\040\000r\000e\000l\000a\000t\000i\000v\000a}{chapter.57}% 493
\BOOKMARK [2][-]{subsection.57.4.1}{\376\377\000S\000i\000m\000u\000l\000a\000c\000i\000\363\000n\000\040\000a\000b\000s\000o\000l\000u\000t\000a}{section.57.4}% 494
\BOOKMARK [2][-]{subsection.57.4.2}{\376\377\000S\000i\000m\000u\000l\000a\000c\000i\000\363\000n\000\040\000r\000e\000l\000a\000t\000i\000v\000a}{section.57.4}% 495
\BOOKMARK [1][-]{section.57.5}{\376\377\000S\000i\000m\000u\000l\000a\000c\000i\000\363\000n\000\040\000l\000\355\000c\000i\000t\000a\000\040\000e\000\040\000i\000l\000\355\000c\000i\000t\000a}{chapter.57}% 496
\BOOKMARK [1][-]{section.57.6}{\376\377\000N\000a\000t\000u\000r\000a\000l\000e\000z\000a\000\040\000d\000e\000\040\000l\000a\000\040\000s\000a\000n\000c\000i\000\363\000n\000:\000\040\000n\000u\000l\000i\000d\000a\000d\000\040\000r\000e\000l\000a\000t\000i\000v\000a}{chapter.57}% 497
\BOOKMARK [1][-]{section.57.7}{\376\377\000L\000a\000\040\000a\000c\000c\000i\000\363\000n\000\040\000d\000e\000\040\000s\000i\000m\000u\000l\000a\000c\000i\000\363\000n\000\040\000e\000n\000t\000r\000e\000\040\000l\000a\000s\000\040\000p\000a\000r\000t\000e\000s}{chapter.57}% 498
\BOOKMARK [2][-]{subsection.57.7.1}{\376\377\000P\000r\000o\000c\000e\000d\000e\000n\000c\000i\000a\000\040\000d\000e\000\040\000l\000a\000\040\000a\000c\000c\000i\000\363\000n\000\040\000e\000n\000t\000r\000e\000\040\000p\000a\000r\000t\000e\000s}{section.57.7}% 499
\BOOKMARK [2][-]{subsection.57.7.2}{\376\377\000L\000a\000\040\000p\000r\000u\000e\000b\000a\000\040\000e\000n\000t\000r\000e\000\040\000l\000a\000s\000\040\000p\000a\000r\000t\000e\000s\000:\000\040\000e\000l\000\040\000c\000o\000n\000t\000r\000a\000d\000o\000c\000u\000m\000e\000n\000t\000o}{section.57.7}% 500
\BOOKMARK [1][-]{section.57.8}{\376\377\000L\000a\000\040\000a\000c\000c\000i\000\363\000n\000\040\000d\000e\000\040\000s\000i\000m\000u\000l\000a\000c\000i\000\363\000n\000\040\000e\000j\000e\000r\000c\000i\000d\000a\000\040\000p\000o\000r\000\040\000t\000e\000r\000c\000e\000r\000o\000s}{chapter.57}% 501
\BOOKMARK [2][-]{subsection.57.8.1}{\376\377\000P\000r\000o\000c\000e\000d\000e\000n\000c\000i\000a}{section.57.8}% 502
\BOOKMARK [2][-]{subsection.57.8.2}{\376\377\000L\000a\000\040\000p\000r\000u\000e\000b\000a\000\040\000p\000o\000r\000\040\000i\000n\000d\000i\000c\000i\000o\000s}{section.57.8}% 503
\BOOKMARK [1][-]{section.57.9}{\376\377\000E\000f\000e\000c\000t\000o\000s\000\040\000d\000e\000\040\000l\000a\000\040\000s\000i\000m\000u\000l\000a\000c\000i\000\363\000n\000\040\000f\000r\000e\000n\000t\000e\000\040\000a\000\040\000t\000e\000r\000c\000e\000r\000o\000s}{chapter.57}% 504
\BOOKMARK [1][-]{section.57.10}{\376\377\000P\000r\000e\000s\000c\000r\000i\000p\000c\000i\000\363\000n\000\040\000d\000e\000\040\000l\000a\000\040\000a\000c\000c\000i\000\363\000n\000\040\000d\000e\000\040\000s\000i\000m\000u\000l\000a\000c\000i\000\363\000n}{chapter.57}% 505
\BOOKMARK [1][-]{section.57.11}{\376\377\000R\000e\000p\000a\000s\000o\000\040\000C\000o\000r\000n\000e\000l\000l\000:\000\040\000l\000a\000\040\000s\000i\000m\000u\000l\000a\000c\000i\000\363\000n}{chapter.57}% 506
\BOOKMARK [0][-]{chapter.58}{\376\377\000E\000l\000\040\000f\000r\000a\000u\000d\000e}{part.6}% 507
\BOOKMARK [1][-]{section.58.1}{\376\377\000I\000n\000t\000r\000o\000d\000u\000c\000c\000i\000\363\000n\000\040\000y\000\040\000d\000i\000s\000t\000i\000n\000c\000i\000\363\000n\000\040\000c\000o\000n\000\040\000e\000l\000\040\000f\000r\000a\000u\000d\000e\000\040\000p\000e\000n\000a\000l}{chapter.58}% 508
\BOOKMARK [1][-]{section.58.2}{\376\377\000D\000e\000f\000i\000n\000i\000c\000i\000\363\000n\000\040\000d\000o\000c\000t\000r\000i\000n\000a\000r\000i\000a}{chapter.58}% 509
\BOOKMARK [1][-]{section.58.3}{\376\377\000L\000a\000\040\000i\000n\000o\000p\000o\000n\000i\000b\000i\000l\000i\000d\000a\000d\000\040\000c\000o\000m\000o\000\040\000c\000o\000n\000s\000e\000c\000u\000e\000n\000c\000i\000a\000\040\000d\000e\000l\000\040\000f\000r\000a\000u\000d\000e}{chapter.58}% 510
\BOOKMARK [1][-]{section.58.4}{\376\377\000L\000a\000\040\000a\000c\000c\000i\000\363\000n\000\040\000d\000e\000\040\000i\000n\000o\000p\000o\000n\000i\000b\000i\000l\000i\000d\000a\000d}{chapter.58}% 511
\BOOKMARK [1][-]{section.58.5}{\376\377\000R\000e\000q\000u\000i\000s\000i\000t\000o\000s\000\040\000d\000e\000\040\000p\000r\000o\000c\000e\000d\000e\000n\000c\000i\000a\000\040\000d\000e\000\040\000l\000a\000\040\000a\000c\000c\000i\000\363\000n}{chapter.58}% 512
\BOOKMARK [2][-]{subsection.58.5.1}{\376\377\000C\000r\000\351\000d\000i\000t\000o\000\040\000d\000e\000\040\000c\000a\000u\000s\000a\000\040\000a\000n\000t\000e\000r\000i\000o\000r\000\040\000a\000l\000\040\000a\000c\000t\000o\000\040\000i\000m\000p\000u\000g\000n\000a\000d\000o}{section.58.5}% 513
\BOOKMARK [2][-]{subsection.58.5.2}{\376\377\000Q\000u\000e\000\040\000e\000l\000\040\000a\000c\000t\000o\000\040\000h\000a\000y\000a\000\040\000c\000a\000u\000s\000a\000d\000o\000\040\000o\000\040\000a\000g\000r\000a\000v\000a\000d\000o\000\040\000l\000a\000\040\000i\000n\000s\000o\000l\000v\000e\000n\000c\000i\000a}{section.58.5}% 514
\BOOKMARK [2][-]{subsection.58.5.3}{\376\377\000L\000a\000\040\000c\000o\000m\000p\000l\000i\000c\000i\000d\000a\000d\000\040\000d\000e\000l\000\040\000a\000d\000q\000u\000i\000r\000e\000n\000t\000e\000\040\000a\000\040\000t\000\355\000t\000u\000l\000o\000\040\000o\000n\000e\000r\000o\000s\000o}{section.58.5}% 515
\BOOKMARK [1][-]{section.58.6}{\376\377\000E\000f\000e\000c\000t\000o\000s\000\040\000d\000e\000\040\000l\000a\000\040\000a\000c\000c\000i\000\363\000n\000\040\000d\000e\000\040\000i\000n\000o\000p\000o\000n\000i\000b\000i\000l\000i\000d\000a\000d}{chapter.58}% 516
\BOOKMARK [1][-]{section.58.7}{\376\377\000E\000l\000\040\000d\000e\000s\000i\000n\000t\000e\000r\000\351\000s\000\040\000d\000e\000l\000\040\000a\000d\000q\000u\000i\000r\000e\000n\000t\000e}{chapter.58}% 517
\BOOKMARK [1][-]{section.58.8}{\376\377\000E\000x\000t\000e\000n\000s\000i\000\363\000n\000\040\000d\000e\000\040\000l\000a\000\040\000i\000n\000o\000p\000o\000n\000i\000b\000i\000l\000i\000d\000a\000d}{chapter.58}% 518
\BOOKMARK [1][-]{section.58.9}{\376\377\000E\000f\000e\000c\000t\000o\000s\000\040\000f\000r\000e\000n\000t\000e\000\040\000a\000\040\000s\000u\000b\000a\000d\000q\000u\000i\000r\000e\000n\000t\000e\000s}{chapter.58}% 519
\BOOKMARK [1][-]{section.58.10}{\376\377\000P\000r\000e\000s\000c\000r\000i\000p\000c\000i\000\363\000n\000\040\000d\000e\000\040\000l\000a\000\040\000a\000c\000c\000i\000\363\000n\000\040\000d\000e\000\040\000i\000n\000o\000p\000o\000n\000i\000b\000i\000l\000i\000d\000a\000d}{chapter.58}% 520
\BOOKMARK [1][-]{section.58.11}{\376\377\000R\000e\000p\000a\000s\000o\000\040\000C\000o\000r\000n\000e\000l\000l\000:\000\040\000e\000l\000\040\000f\000r\000a\000u\000d\000e}{chapter.58}% 521
\BOOKMARK [1][-]{section.58.12}{\376\377\000S\000\355\000n\000t\000e\000s\000i\000s\000\040\000c\000o\000m\000p\000a\000r\000a\000t\000i\000v\000a}{chapter.58}% 522
\BOOKMARK [-1][-]{part.7}{\376\377\000V\000I\000I\000\040\000L\000a\000\040\000e\000x\000t\000i\000n\000c\000i\000\363\000n\000\040\000d\000e\000\040\000l\000a\000s\000\040\000r\000e\000l\000a\000c\000i\000o\000n\000e\000s\000\040\000j\000u\000r\000\355\000d\000i\000c\000a\000s}{}% 523
\BOOKMARK [0][-]{chapter.59}{\376\377\000I\000n\000t\000r\000o\000d\000u\000c\000c\000i\000\363\000n\000\040\000a\000\040\000l\000a\000\040\000e\000x\000t\000i\000n\000c\000i\000\363\000n\000\040\000d\000e\000\040\000l\000a\000s\000\040\000r\000e\000l\000a\000c\000i\000o\000n\000e\000s\000\040\000j\000u\000r\000\355\000d\000i\000c\000a\000s}{part.7}% 524
\BOOKMARK [1][-]{section.59.1}{\376\377\000O\000b\000j\000e\000t\000o\000\040\000d\000e\000l\000\040\000t\000e\000m\000a}{chapter.59}% 525
\BOOKMARK [1][-]{section.59.2}{\376\377\000R\000e\000l\000e\000v\000a\000n\000c\000i\000a\000\040\000p\000r\000\341\000c\000t\000i\000c\000a}{chapter.59}% 526
\BOOKMARK [1][-]{section.59.3}{\376\377\000L\000a\000s\000\040\000t\000r\000e\000s\000\040\000v\000\355\000a\000s\000\040\000d\000e\000\040\000e\000x\000t\000i\000n\000c\000i\000\363\000n}{chapter.59}% 527
\BOOKMARK [1][-]{section.59.4}{\376\377\000E\000n\000u\000m\000e\000r\000a\000c\000i\000\363\000n\000\040\000d\000e\000\040\000l\000a\000\040\000d\000o\000c\000t\000r\000i\000n\000a\000\040\000s\000e\000g\000u\000i\000d\000a}{chapter.59}% 528
\BOOKMARK [0][-]{chapter.60}{\376\377\000H\000e\000c\000h\000o\000s\000\040\000j\000u\000r\000\355\000d\000i\000c\000o\000s\000\040\000e\000x\000t\000i\000n\000t\000i\000v\000o\000s}{part.7}% 529
\BOOKMARK [1][-]{section.60.1}{\376\377\000L\000a\000\040\000m\000u\000e\000r\000t\000e\000\040\000c\000o\000m\000o\000\040\000h\000e\000c\000h\000o\000\040\000e\000x\000t\000i\000n\000t\000i\000v\000o}{chapter.60}% 530
\BOOKMARK [1][-]{section.60.2}{\376\377\000L\000a\000\040\000i\000m\000p\000o\000s\000i\000b\000i\000l\000i\000d\000a\000d\000\040\000s\000o\000b\000r\000e\000v\000e\000n\000i\000d\000a}{chapter.60}% 531
\BOOKMARK [1][-]{section.60.3}{\376\377\000L\000a\000\040\000c\000o\000n\000f\000u\000s\000i\000\363\000n}{chapter.60}% 532
\BOOKMARK [1][-]{section.60.4}{\376\377\000L\000a\000\040\000c\000o\000m\000p\000e\000n\000s\000a\000c\000i\000\363\000n}{chapter.60}% 533
\BOOKMARK [1][-]{section.60.5}{\376\377\000L\000a\000\040\000c\000a\000d\000u\000c\000i\000d\000a\000d\000\040\000\050\000i\000n\000t\000r\000o\000d\000u\000c\000c\000i\000\363\000n\000\051}{chapter.60}% 534
\BOOKMARK [1][-]{section.60.6}{\376\377\000C\000u\000a\000d\000r\000o\000\040\000C\000o\000r\000n\000e\000l\000l\000:\000\040\000h\000e\000c\000h\000o\000s\000\040\000j\000u\000r\000\355\000d\000i\000c\000o\000s\000\040\000e\000x\000t\000i\000n\000t\000i\000v\000o\000s}{chapter.60}% 535
\BOOKMARK [0][-]{chapter.61}{\376\377\000A\000c\000t\000o\000s\000\040\000j\000u\000r\000\355\000d\000i\000c\000o\000s\000\040\000e\000x\000t\000i\000n\000t\000i\000v\000o\000s}{part.7}% 536
\BOOKMARK [1][-]{section.61.1}{\376\377\000E\000l\000\040\000p\000a\000g\000o}{chapter.61}% 537
\BOOKMARK [1][-]{section.61.2}{\376\377\000L\000a\000\040\000d\000a\000c\000i\000\363\000n\000\040\000e\000n\000\040\000p\000a\000g\000o}{chapter.61}% 538
\BOOKMARK [1][-]{section.61.3}{\376\377\000L\000a\000\040\000n\000o\000v\000a\000c\000i\000\363\000n}{chapter.61}% 539
\BOOKMARK [1][-]{section.61.4}{\376\377\000L\000a\000\040\000t\000r\000a\000n\000s\000a\000c\000c\000i\000\363\000n}{chapter.61}% 540
\BOOKMARK [1][-]{section.61.5}{\376\377\000L\000a\000\040\000r\000e\000n\000u\000n\000c\000i\000a}{chapter.61}% 541
\BOOKMARK [1][-]{section.61.6}{\376\377\000L\000a\000\040\000r\000e\000m\000i\000s\000i\000\363\000n\000\040\000d\000e\000\040\000d\000e\000u\000d\000a}{chapter.61}% 542
\BOOKMARK [1][-]{section.61.7}{\376\377\000L\000a\000\040\000r\000e\000s\000o\000l\000u\000c\000i\000\363\000n}{chapter.61}% 543
\BOOKMARK [2][-]{subsection.61.7.1}{\376\377\000L\000a\000\040\000c\000l\000\341\000u\000s\000u\000l\000a\000\040\000r\000e\000s\000o\000l\000u\000t\000o\000r\000i\000a\000\040\000\050\000o\000\040\000p\000a\000c\000t\000o\000\040\000c\000o\000m\000i\000s\000o\000r\000i\000o\000\051}{section.61.7}% 544
\BOOKMARK [2][-]{subsection.61.7.2}{\376\377\000L\000a\000\040\000s\000e\000\361\000a\000l\000\040\000o\000\040\000a\000r\000r\000a\000s}{section.61.7}% 545
\BOOKMARK [2][-]{subsection.61.7.3}{\376\377\000L\000a\000\040\000c\000o\000n\000d\000i\000c\000i\000\363\000n\000\040\000r\000e\000s\000o\000l\000u\000t\000o\000r\000i\000a}{section.61.7}% 546
\BOOKMARK [2][-]{subsection.61.7.4}{\376\377\000L\000a\000\040\000f\000r\000u\000s\000t\000r\000a\000c\000i\000\363\000n\000\040\000d\000e\000\040\000l\000a\000\040\000f\000i\000n\000a\000l\000i\000d\000a\000d}{section.61.7}% 547
\BOOKMARK [2][-]{subsection.61.7.5}{\376\377\000L\000a\000\040\000t\000e\000o\000r\000\355\000a\000\040\000d\000e\000\040\000l\000a\000\040\000i\000m\000p\000r\000e\000v\000i\000s\000i\000\363\000n}{section.61.7}% 548
\BOOKMARK [2][-]{subsection.61.7.6}{\376\377\000E\000f\000e\000c\000t\000o\000s\000\040\000g\000e\000n\000e\000r\000a\000l\000e\000s\000\040\000d\000e\000\040\000l\000a\000\040\000r\000e\000s\000o\000l\000u\000c\000i\000\363\000n}{section.61.7}% 549
\BOOKMARK [1][-]{section.61.8}{\376\377\000L\000a\000\040\000r\000e\000s\000c\000i\000s\000i\000\363\000n}{chapter.61}% 550
\BOOKMARK [1][-]{section.61.9}{\376\377\000L\000a\000\040\000r\000e\000v\000o\000c\000a\000c\000i\000\363\000n}{chapter.61}% 551
\BOOKMARK [2][-]{subsection.61.9.1}{\376\377\000C\000u\000a\000d\000r\000o\000\040\000c\000o\000m\000p\000a\000r\000a\000t\000i\000v\000o\000:\000\040\000r\000e\000s\000o\000l\000u\000c\000i\000\363\000n\000,\000\040\000r\000e\000s\000c\000i\000s\000i\000\363\000n\000\040\000y\000\040\000r\000e\000v\000o\000c\000a\000c\000i\000\363\000n}{section.61.9}% 552
\BOOKMARK [1][-]{section.61.10}{\376\377\000C\000u\000a\000d\000r\000o\000\040\000C\000o\000r\000n\000e\000l\000l\000:\000\040\000a\000c\000t\000o\000s\000\040\000j\000u\000r\000\355\000d\000i\000c\000o\000s\000\040\000e\000x\000t\000i\000n\000t\000i\000v\000o\000s}{chapter.61}% 553
\BOOKMARK [0][-]{chapter.62}{\376\377\000P\000r\000e\000s\000c\000r\000i\000p\000c\000i\000\363\000n\000\040\000y\000\040\000c\000a\000d\000u\000c\000i\000d\000a\000d}{part.7}% 554
\BOOKMARK [1][-]{section.62.1}{\376\377\000I\000m\000p\000o\000r\000t\000a\000n\000c\000i\000a\000\040\000d\000e\000\040\000l\000a\000\040\000p\000r\000e\000s\000c\000r\000i\000p\000c\000i\000\363\000n\000\040\000e\000n\000\040\000l\000a\000\040\000p\000r\000\341\000c\000t\000i\000c\000a}{chapter.62}% 555
\BOOKMARK [1][-]{section.62.2}{\376\377\000P\000r\000e\000s\000c\000r\000i\000p\000c\000i\000\363\000n\000\040\000a\000d\000q\000u\000i\000s\000i\000t\000i\000v\000a\000\040\000y\000\040\000p\000r\000e\000s\000c\000r\000i\000p\000c\000i\000\363\000n\000\040\000e\000x\000t\000i\000n\000t\000i\000v\000a}{chapter.62}% 556
\BOOKMARK [2][-]{subsection.62.2.1}{\376\377\000L\000a\000\040\000p\000r\000e\000s\000c\000r\000i\000p\000c\000i\000\363\000n\000\040\000a\000d\000q\000u\000i\000s\000i\000t\000i\000v\000a\000\040\000\050\000u\000s\000u\000c\000a\000p\000i\000\363\000n\000\051}{section.62.2}% 557
\BOOKMARK [2][-]{subsection.62.2.2}{\376\377\000L\000a\000\040\000p\000r\000e\000s\000c\000r\000i\000p\000c\000i\000\363\000n\000\040\000e\000x\000t\000i\000n\000t\000i\000v\000a\000\040\000o\000\040\000l\000i\000b\000e\000r\000a\000t\000o\000r\000i\000a}{section.62.2}% 558
\BOOKMARK [2][-]{subsection.62.2.3}{\376\377\000R\000e\000g\000l\000a\000s\000\040\000g\000e\000n\000e\000r\000a\000l\000e\000s\000\040\000s\000o\000b\000r\000e\000\040\000l\000a\000\040\000p\000r\000e\000s\000c\000r\000i\000p\000c\000i\000\363\000n}{section.62.2}% 559
\BOOKMARK [1][-]{section.62.3}{\376\377\000S\000u\000s\000p\000e\000n\000s\000i\000\363\000n\000\040\000e\000\040\000i\000n\000t\000e\000r\000r\000u\000p\000c\000i\000\363\000n\000\040\000d\000e\000l\000\040\000c\000\363\000m\000p\000u\000t\000o\000\040\000d\000e\000\040\000l\000a\000\040\000p\000r\000e\000s\000c\000r\000i\000p\000c\000i\000\363\000n}{chapter.62}% 560
\BOOKMARK [2][-]{subsection.62.3.1}{\376\377\000L\000a\000\040\000s\000u\000s\000p\000e\000n\000s\000i\000\363\000n}{section.62.3}% 561
\BOOKMARK [2][-]{subsection.62.3.2}{\376\377\000L\000a\000\040\000i\000n\000t\000e\000r\000r\000u\000p\000c\000i\000\363\000n}{section.62.3}% 562
\BOOKMARK [2][-]{subsection.62.3.3}{\376\377\000C\000u\000a\000d\000r\000o\000\040\000c\000o\000m\000p\000a\000r\000a\000t\000i\000v\000o\000:\000\040\000s\000u\000s\000p\000e\000n\000s\000i\000\363\000n\000\040\000e\000\040\000i\000n\000t\000e\000r\000r\000u\000p\000c\000i\000\363\000n}{section.62.3}% 563
\BOOKMARK [1][-]{section.62.4}{\376\377\000L\000a\000\040\000d\000i\000s\000p\000e\000n\000s\000a\000\040\000y\000\040\000l\000o\000s\000\040\000p\000l\000a\000z\000o\000s\000\040\000d\000e\000\040\000p\000r\000e\000s\000c\000r\000i\000p\000c\000i\000\363\000n}{chapter.62}% 564
\BOOKMARK [2][-]{subsection.62.4.1}{\376\377\000L\000a\000\040\000d\000i\000s\000p\000e\000n\000s\000a}{section.62.4}% 565
\BOOKMARK [2][-]{subsection.62.4.2}{\376\377\000L\000o\000s\000\040\000p\000l\000a\000z\000o\000s\000\040\000d\000e\000\040\000p\000r\000e\000s\000c\000r\000i\000p\000c\000i\000\363\000n}{section.62.4}% 566
\BOOKMARK [1][-]{section.62.5}{\376\377\000L\000a\000\040\000c\000a\000d\000u\000c\000i\000d\000a\000d\000\040\000e\000n\000\040\000p\000r\000o\000f\000u\000n\000d\000i\000d\000a\000d}{chapter.62}% 567
\BOOKMARK [1][-]{section.62.6}{\376\377\000C\000u\000a\000d\000r\000o\000\040\000C\000o\000r\000n\000e\000l\000l\000:\000\040\000p\000r\000e\000s\000c\000r\000i\000p\000c\000i\000\363\000n\000\040\000y\000\040\000c\000a\000d\000u\000c\000i\000d\000a\000d}{chapter.62}% 568
\BOOKMARK [1][-]{section.62.7}{\376\377\000S\000\355\000n\000t\000e\000s\000i\000s\000\040\000d\000e\000\040\000l\000a\000\040\000e\000x\000t\000i\000n\000c\000i\000\363\000n\000\040\000d\000e\000\040\000l\000a\000s\000\040\000r\000e\000l\000a\000c\000i\000o\000n\000e\000s\000\040\000j\000u\000r\000\355\000d\000i\000c\000a\000s}{chapter.62}% 569
