\BOOKMARK [0][-]{chapter*.2}{\376\377\000I\000n\000t\000r\000o\000d\000u\000c\000c\000i\000\363\000n\000\040\000g\000e\000n\000e\000r\000a\000l}{}% 1
\BOOKMARK [-1][-]{part.1}{\376\377\000I\000\040\000F\000u\000n\000d\000a\000m\000e\000n\000t\000o\000s\000:\000\040\000l\000a\000s\000\040\000f\000u\000e\000n\000t\000e\000s\000\040\000d\000e\000l\000\040\000d\000e\000r\000e\000c\000h\000o\000\040\000y\000\040\000e\000l\000\040\000e\000j\000e\000r\000c\000i\000c\000i\000o\000\040\000d\000e\000\040\000l\000o\000s\000\040\000d\000e\000r\000e\000c\000h\000o\000s}{}% 2
\BOOKMARK [0][-]{chapter.1}{\376\377\000C\000o\000n\000c\000e\000p\000t\000o\000\040\000y\000\040\000c\000l\000a\000s\000i\000f\000i\000c\000a\000c\000i\000\363\000n\000\040\000d\000e\000\040\000l\000a\000s\000\040\000f\000u\000e\000n\000t\000e\000s}{part.1}% 3
\BOOKMARK [1][-]{section.1.1}{\376\377\000C\000o\000n\000c\000e\000p\000t\000o\000\040\000d\000e\000\040\000f\000u\000e\000n\000t\000e\000s\000\040\000d\000e\000l\000\040\000d\000e\000r\000e\000c\000h\000o}{chapter.1}% 4
\BOOKMARK [1][-]{section.1.2}{\376\377\000F\000u\000e\000n\000t\000e\000s\000\040\000f\000o\000r\000m\000a\000l\000e\000s\000\040\000y\000\040\000f\000u\000e\000n\000t\000e\000s\000\040\000m\000a\000t\000e\000r\000i\000a\000l\000e\000s}{chapter.1}% 5
\BOOKMARK [2][-]{subsection.1.2.1}{\376\377\000F\000u\000e\000n\000t\000e\000s\000\040\000f\000o\000r\000m\000a\000l\000e\000s\000\040\000e\000n\000\040\000e\000l\000\040\000d\000e\000r\000e\000c\000h\000o\000\040\000a\000r\000g\000e\000n\000t\000i\000n\000o}{section.1.2}% 6
\BOOKMARK [2][-]{subsection.1.2.2}{\376\377\000F\000u\000e\000n\000t\000e\000s\000\040\000m\000a\000t\000e\000r\000i\000a\000l\000e\000s\000\040\000e\000n\000\040\000e\000l\000\040\000d\000e\000r\000e\000c\000h\000o\000\040\000a\000r\000g\000e\000n\000t\000i\000n\000o}{section.1.2}% 7
\BOOKMARK [1][-]{section.1.3}{\376\377\000E\000l\000\040\000d\000e\000s\000b\000o\000r\000d\000e\000\040\000d\000e\000\040\000l\000a\000s\000\040\000f\000u\000e\000n\000t\000e\000s}{chapter.1}% 8
\BOOKMARK [1][-]{section.1.4}{\376\377\000C\000u\000a\000d\000r\000o\000\040\000C\000o\000r\000n\000e\000l\000l\000:\000\040\000c\000o\000n\000c\000e\000p\000t\000o\000\040\000y\000\040\000c\000l\000a\000s\000i\000f\000i\000c\000a\000c\000i\000\363\000n\000\040\000d\000e\000\040\000l\000a\000s\000\040\000f\000u\000e\000n\000t\000e\000s}{chapter.1}% 9
\BOOKMARK [0][-]{chapter.2}{\376\377\000A\000r\000t\000s\000.\000\040\0001\000\040\000y\000\040\0002\000\040\000d\000e\000l\000\040\000C\000\363\000d\000i\000g\000o\000\040\000C\000i\000v\000i\000l\000\040\000y\000\040\000C\000o\000m\000e\000r\000c\000i\000a\000l}{part.1}% 10
\BOOKMARK [1][-]{section.2.1}{\376\377\000A\000r\000t\000\355\000c\000u\000l\000o\000\040\0001\000:\000\040\000f\000u\000e\000n\000t\000e\000s\000\040\000y\000\040\000a\000p\000l\000i\000c\000a\000c\000i\000\363\000n}{chapter.2}% 11
\BOOKMARK [2][-]{subsection.2.1.1}{\376\377\000T\000r\000a\000t\000a\000d\000o\000s\000\040\000q\000u\000e\000\040\000n\000o\000\040\000s\000o\000n\000\040\000d\000e\000\040\000d\000e\000r\000e\000c\000h\000o\000s\000\040\000h\000u\000m\000a\000n\000o\000s}{section.2.1}% 12
\BOOKMARK [1][-]{section.2.2}{\376\377\000L\000a\000\040\000j\000u\000r\000i\000s\000p\000r\000u\000d\000e\000n\000c\000i\000a\000\040\000e\000n\000\040\000e\000l\000\040\000a\000r\000t\000\355\000c\000u\000l\000o\000\040\0001\000:\000\040\000e\000l\000\040\000d\000e\000b\000a\000t\000e\000\040\000l\000e\000g\000i\000s\000l\000a\000t\000i\000v\000o}{chapter.2}% 13
\BOOKMARK [1][-]{section.2.3}{\376\377\000A\000r\000t\000\355\000c\000u\000l\000o\000\040\0002\000:\000\040\000i\000n\000t\000e\000r\000p\000r\000e\000t\000a\000c\000i\000\363\000n\000\040\000d\000e\000\040\000l\000a\000\040\000l\000e\000y}{chapter.2}% 14
\BOOKMARK [1][-]{section.2.4}{\376\377\000C\000u\000a\000d\000r\000o\000\040\000C\000o\000r\000n\000e\000l\000l\000:\000\040\000a\000r\000t\000\355\000c\000u\000l\000o\000s\000\040\0001\000\040\000y\000\040\0002\000\040\000d\000e\000l\000\040\000C\000\363\000d\000i\000g\000o}{chapter.2}% 15
\BOOKMARK [0][-]{chapter.3}{\376\377\000L\000a\000\040\000l\000e\000y\000\040\000c\000o\000m\000o\000\040\000f\000u\000e\000n\000t\000e\000\040\000f\000o\000r\000m\000a\000l}{part.1}% 16
\BOOKMARK [1][-]{section.3.1}{\376\377\000C\000o\000n\000c\000e\000p\000t\000o\000\040\000d\000e\000\040\000l\000e\000y\000:\000\040\000d\000e\000f\000i\000n\000i\000c\000i\000\363\000n\000\040\000i\000u\000s\000n\000a\000t\000u\000r\000a\000l\000i\000s\000t\000a}{chapter.3}% 17
\BOOKMARK [1][-]{section.3.2}{\376\377\000L\000e\000y\000\040\000e\000n\000\040\000s\000e\000n\000t\000i\000d\000o\000\040\000f\000o\000r\000m\000a\000l\000\040\000y\000\040\000l\000e\000y\000\040\000e\000n\000\040\000s\000e\000n\000t\000i\000d\000o\000\040\000m\000a\000t\000e\000r\000i\000a\000l}{chapter.3}% 18
\BOOKMARK [1][-]{section.3.3}{\376\377\000C\000a\000r\000a\000c\000t\000e\000r\000e\000s\000\040\000d\000e\000\040\000l\000a\000\040\000l\000e\000y\000\040\000c\000o\000m\000o\000\040\000f\000u\000e\000n\000t\000e\000\040\000f\000o\000r\000m\000a\000l}{chapter.3}% 19
\BOOKMARK [1][-]{section.3.4}{\376\377\000P\000r\000o\000c\000e\000d\000i\000m\000i\000e\000n\000t\000o\000\040\000d\000e\000\040\000f\000o\000r\000m\000a\000c\000i\000\363\000n\000\040\000d\000e\000\040\000l\000a\000s\000\040\000l\000e\000y\000e\000s}{chapter.3}% 20
\BOOKMARK [1][-]{section.3.5}{\376\377\000C\000l\000a\000s\000i\000f\000i\000c\000a\000c\000i\000\363\000n\000\040\000d\000e\000\040\000l\000a\000s\000\040\000l\000e\000y\000e\000s}{chapter.3}% 21
\BOOKMARK [2][-]{subsection.3.5.1}{\376\377\000E\000j\000e\000m\000p\000l\000o\000\040\000p\000r\000o\000b\000l\000e\000m\000\341\000t\000i\000c\000o\000:\000\040\000e\000l\000\040\000a\000r\000t\000\355\000c\000u\000l\000o\000\040\0007\0006\0005\000\040\000C\000C\000y\000C}{section.3.5}% 22
\BOOKMARK [1][-]{section.3.6}{\376\377\000O\000r\000d\000e\000n\000\040\000j\000e\000r\000\341\000r\000q\000u\000i\000c\000o\000\040\000d\000e\000\040\000l\000a\000s\000\040\000l\000e\000y\000e\000s\000\040\000e\000n\000\040\000e\000l\000\040\000d\000e\000r\000e\000c\000h\000o\000\040\000a\000r\000g\000e\000n\000t\000i\000n\000o}{chapter.3}% 23
\BOOKMARK [1][-]{section.3.7}{\376\377\000C\000u\000a\000d\000r\000o\000\040\000C\000o\000r\000n\000e\000l\000l\000:\000\040\000l\000a\000\040\000l\000e\000y\000\040\000c\000o\000m\000o\000\040\000f\000u\000e\000n\000t\000e\000\040\000f\000o\000r\000m\000a\000l}{chapter.3}% 24
\BOOKMARK [0][-]{chapter.4}{\376\377\000V\000i\000g\000e\000n\000c\000i\000a\000\040\000d\000e\000\040\000l\000a\000\040\000l\000e\000y\000\040\000y\000\040\000c\000\363\000m\000p\000u\000t\000o\000\040\000d\000e\000\040\000p\000l\000a\000z\000o\000s}{part.1}% 25
\BOOKMARK [1][-]{section.4.1}{\376\377\000V\000i\000g\000e\000n\000c\000i\000a\000\040\000t\000e\000m\000p\000o\000r\000a\000l\000\040\000d\000e\000\040\000l\000a\000\040\000l\000e\000y}{chapter.4}% 26
\BOOKMARK [2][-]{subsection.4.1.1}{\376\377\000M\000o\000d\000o\000s\000\040\000d\000e\000\040\000d\000e\000r\000o\000g\000a\000c\000i\000\363\000n}{section.4.1}% 27
\BOOKMARK [1][-]{section.4.2}{\376\377\000M\000o\000d\000o\000\040\000d\000e\000\040\000c\000o\000n\000t\000a\000r\000\040\000l\000o\000s\000\040\000i\000n\000t\000e\000r\000v\000a\000l\000o\000s\000\040\000d\000e\000l\000\040\000d\000e\000r\000e\000c\000h\000o\000\040\000\050\000a\000r\000t\000.\000\040\0006\000\040\000C\000C\000y\000C\000\051}{chapter.4}% 28
\BOOKMARK [1][-]{section.4.3}{\376\377\000C\000u\000a\000d\000r\000o\000\040\000C\000o\000r\000n\000e\000l\000l\000:\000\040\000v\000i\000g\000e\000n\000c\000i\000a\000\040\000d\000e\000\040\000l\000a\000\040\000l\000e\000y\000\040\000y\000\040\000c\000\363\000m\000p\000u\000t\000o\000\040\000d\000e\000\040\000p\000l\000a\000z\000o\000s}{chapter.4}% 29
\BOOKMARK [0][-]{chapter.5}{\376\377\000L\000a\000\040\000c\000o\000s\000t\000u\000m\000b\000r\000e\000\040\000j\000u\000r\000\355\000d\000i\000c\000a}{part.1}% 30
\BOOKMARK [1][-]{section.5.1}{\376\377\000C\000o\000n\000c\000e\000p\000t\000o\000\040\000y\000\040\000e\000l\000e\000m\000e\000n\000t\000o\000s}{chapter.5}% 31
\BOOKMARK [1][-]{section.5.2}{\376\377\000I\000m\000p\000o\000r\000t\000a\000n\000c\000i\000a\000\040\000h\000i\000s\000t\000\363\000r\000i\000c\000a\000\040\000d\000e\000\040\000l\000a\000\040\000c\000o\000s\000t\000u\000m\000b\000r\000e}{chapter.5}% 32
\BOOKMARK [1][-]{section.5.3}{\376\377\000T\000i\000p\000o\000s\000\040\000d\000e\000\040\000c\000o\000s\000t\000u\000m\000b\000r\000e}{chapter.5}% 33
\BOOKMARK [1][-]{section.5.4}{\376\377\000L\000a\000\040\000c\000o\000s\000t\000u\000m\000b\000r\000e\000\040\000e\000n\000\040\000e\000l\000\040\000C\000\363\000d\000i\000g\000o\000\040\000C\000i\000v\000i\000l\000\040\000y\000\040\000C\000o\000m\000e\000r\000c\000i\000a\000l}{chapter.5}% 34
\BOOKMARK [2][-]{subsection.5.4.1}{\376\377\000P\000r\000e\000s\000e\000n\000c\000i\000a\000\040\000d\000e\000\040\000l\000a\000\040\000c\000o\000s\000t\000u\000m\000b\000r\000e\000\040\000e\000n\000\040\000m\000a\000t\000e\000r\000i\000a\000\040\000d\000e\000\040\000c\000o\000n\000t\000r\000a\000t\000o\000s}{section.5.4}% 35
\BOOKMARK [1][-]{section.5.5}{\376\377\000C\000u\000a\000d\000r\000o\000\040\000C\000o\000r\000n\000e\000l\000l\000:\000\040\000l\000a\000\040\000c\000o\000s\000t\000u\000m\000b\000r\000e\000\040\000j\000u\000r\000\355\000d\000i\000c\000a}{chapter.5}% 36
\BOOKMARK [0][-]{chapter.6}{\376\377\000J\000u\000r\000i\000s\000p\000r\000u\000d\000e\000n\000c\000i\000a\000,\000\040\000p\000l\000e\000n\000a\000r\000i\000o\000s\000\040\000y\000\040\000d\000o\000c\000t\000r\000i\000n\000a}{part.1}% 37
\BOOKMARK [1][-]{section.6.1}{\376\377\000L\000a\000\040\000j\000u\000r\000i\000s\000p\000r\000u\000d\000e\000n\000c\000i\000a\000\040\000c\000o\000m\000o\000\040\000f\000u\000e\000n\000t\000e\000\040\000m\000a\000t\000e\000r\000i\000a\000l}{chapter.6}% 38
\BOOKMARK [1][-]{section.6.2}{\376\377\000L\000o\000s\000\040\000f\000a\000l\000l\000o\000s\000\040\000p\000l\000e\000n\000a\000r\000i\000o\000s\000\040\000c\000o\000m\000o\000\040\000f\000u\000e\000n\000t\000e\000\040\000f\000o\000r\000m\000a\000l}{chapter.6}% 39
\BOOKMARK [1][-]{section.6.3}{\376\377\000D\000i\000f\000u\000s\000i\000\363\000n\000\040\000d\000e\000\040\000l\000a\000\040\000j\000u\000r\000i\000s\000p\000r\000u\000d\000e\000n\000c\000i\000a}{chapter.6}% 40
\BOOKMARK [1][-]{section.6.4}{\376\377\000L\000a\000\040\000d\000o\000c\000t\000r\000i\000n\000a\000\040\000c\000o\000m\000o\000\040\000f\000u\000e\000n\000t\000e\000\040\000m\000a\000t\000e\000r\000i\000a\000l}{chapter.6}% 41
\BOOKMARK [1][-]{section.6.5}{\376\377\000O\000t\000r\000a\000s\000\040\000f\000u\000e\000n\000t\000e\000s\000\040\000m\000a\000t\000e\000r\000i\000a\000l\000e\000s\000:\000\040\000d\000e\000r\000e\000c\000h\000o\000\040\000c\000o\000m\000p\000a\000r\000a\000d\000o\000\040\000y\000\040\000p\000r\000i\000n\000c\000i\000p\000i\000o\000s\000\040\000j\000u\000r\000\355\000d\000i\000c\000o\000s}{chapter.6}% 42
\BOOKMARK [1][-]{section.6.6}{\376\377\000C\000u\000a\000d\000r\000o\000\040\000C\000o\000r\000n\000e\000l\000l\000:\000\040\000j\000u\000r\000i\000s\000p\000r\000u\000d\000e\000n\000c\000i\000a\000,\000\040\000p\000l\000e\000n\000a\000r\000i\000o\000s\000\040\000y\000\040\000d\000o\000c\000t\000r\000i\000n\000a}{chapter.6}% 43
\BOOKMARK [1][-]{section.6.7}{\376\377\000S\000\355\000n\000t\000e\000s\000i\000s\000\040\000d\000e\000\040\000l\000a\000s\000\040\000f\000u\000e\000n\000t\000e\000s\000\040\000d\000e\000l\000\040\000d\000e\000r\000e\000c\000h\000o}{chapter.6}% 44
\BOOKMARK [0][-]{chapter.7}{\376\377\000E\000l\000\040\000p\000r\000o\000b\000l\000e\000m\000a\000\040\000c\000o\000n\000c\000e\000p\000t\000u\000a\000l\000\040\000d\000e\000l\000\040\000a\000b\000u\000s\000o\000\040\000d\000e\000l\000\040\000d\000e\000r\000e\000c\000h\000o}{part.1}% 45
\BOOKMARK [1][-]{section.7.1}{\376\377\000I\000n\000t\000r\000o\000d\000u\000c\000c\000i\000\363\000n}{chapter.7}% 46
\BOOKMARK [1][-]{section.7.2}{\376\377\000E\000l\000\040\000d\000i\000l\000e\000m\000a\000\040\000d\000e\000l\000\040\000a\000b\000u\000s\000o\000\040\000d\000e\000l\000\040\000d\000e\000r\000e\000c\000h\000o}{chapter.7}% 47
\BOOKMARK [2][-]{subsection.7.2.1}{\376\377\000L\000a\000\040\000n\000o\000c\000i\000\363\000n\000\040\000d\000e\000\040\000d\000e\000r\000e\000c\000h\000o\000\040\000s\000u\000b\000j\000e\000t\000i\000v\000o\000\040\000c\000o\000m\000o\000\040\000p\000u\000n\000t\000o\000\040\000d\000e\000\040\000p\000a\000r\000t\000i\000d\000a}{section.7.2}% 48
\BOOKMARK [1][-]{section.7.3}{\376\377\000C\000a\000s\000o\000\040\000p\000r\000\341\000c\000t\000i\000c\000o\000:\000\040\000p\000r\000o\000p\000i\000e\000d\000a\000d\000\040\000h\000o\000r\000i\000z\000o\000n\000t\000a\000l}{chapter.7}% 49
\BOOKMARK [1][-]{section.7.4}{\376\377\000C\000r\000\355\000t\000i\000c\000a\000s\000\040\000a\000\040\000l\000a\000\040\000n\000o\000c\000i\000\363\000n\000\040\000d\000e\000\040\000a\000b\000u\000s\000o\000\040\000d\000e\000l\000\040\000d\000e\000r\000e\000c\000h\000o}{chapter.7}% 50
\BOOKMARK [1][-]{section.7.5}{\376\377\000T\000e\000r\000m\000i\000n\000o\000l\000o\000g\000\355\000a\000\040\000t\000\351\000c\000n\000i\000c\000a\000\040\000c\000o\000r\000r\000e\000c\000t\000a}{chapter.7}% 51
\BOOKMARK [1][-]{section.7.6}{\376\377\000C\000u\000a\000d\000r\000o\000\040\000C\000o\000r\000n\000e\000l\000l\000:\000\040\000e\000l\000\040\000p\000r\000o\000b\000l\000e\000m\000a\000\040\000c\000o\000n\000c\000e\000p\000t\000u\000a\000l\000\040\000d\000e\000l\000\040\000a\000b\000u\000s\000o}{chapter.7}% 52
\BOOKMARK [0][-]{chapter.8}{\376\377\000C\000r\000i\000t\000e\000r\000i\000o\000s\000\040\000t\000e\000\363\000r\000i\000c\000o\000s\000\040\000p\000a\000r\000a\000\040\000d\000e\000t\000e\000r\000m\000i\000n\000a\000r\000\040\000e\000l\000\040\000a\000b\000u\000s\000o}{part.1}% 53
\BOOKMARK [1][-]{section.8.1}{\376\377\000C\000r\000i\000t\000e\000r\000i\000o\000s\000\040\000s\000u\000b\000j\000e\000t\000i\000v\000o\000s}{chapter.8}% 54
\BOOKMARK [1][-]{section.8.2}{\376\377\000C\000r\000i\000t\000e\000r\000i\000o\000s\000\040\000o\000b\000j\000e\000t\000i\000v\000o\000s}{chapter.8}% 55
\BOOKMARK [1][-]{section.8.3}{\376\377\000C\000r\000i\000t\000e\000r\000i\000o\000\040\000m\000i\000x\000t\000o}{chapter.8}% 56
\BOOKMARK [1][-]{section.8.4}{\376\377\000C\000u\000a\000d\000r\000o\000\040\000C\000o\000r\000n\000e\000l\000l\000:\000\040\000c\000r\000i\000t\000e\000r\000i\000o\000s\000\040\000p\000a\000r\000a\000\040\000d\000e\000t\000e\000r\000m\000i\000n\000a\000r\000\040\000e\000l\000\040\000a\000b\000u\000s\000o}{chapter.8}% 57
\BOOKMARK [0][-]{chapter.9}{\376\377\000E\000l\000\040\000a\000b\000u\000s\000o\000\040\000d\000e\000l\000\040\000d\000e\000r\000e\000c\000h\000o\000\040\000e\000n\000\040\000e\000l\000\040\000d\000e\000r\000e\000c\000h\000o\000\040\000a\000r\000g\000e\000n\000t\000i\000n\000o}{part.1}% 58
\BOOKMARK [1][-]{section.9.1}{\376\377\000E\000l\000\040\000C\000\363\000d\000i\000g\000o\000\040\000C\000i\000v\000i\000l\000\040\000d\000e\000\040\000V\000\351\000l\000e\000z\000\040\000S\000\341\000r\000s\000f\000i\000e\000l\000d\000\040\000\050\0001\0008\0007\0001\000\051}{chapter.9}% 59
\BOOKMARK [1][-]{section.9.2}{\376\377\000L\000a\000\040\000j\000u\000r\000i\000s\000p\000r\000u\000d\000e\000n\000c\000i\000a\000\040\000a\000n\000t\000e\000r\000i\000o\000r\000\040\000a\000\040\000l\000a\000\040\000r\000e\000f\000o\000r\000m\000a\000\040\000d\000e\000\040\0001\0009\0006\0008}{chapter.9}% 60
\BOOKMARK [1][-]{section.9.3}{\376\377\000L\000a\000\040\000C\000o\000n\000s\000t\000i\000t\000u\000c\000i\000\363\000n\000\040\000d\000e\000\040\0001\0009\0004\0009}{chapter.9}% 61
\BOOKMARK [1][-]{section.9.4}{\376\377\000E\000l\000\040\000f\000a\000l\000l\000o\000\040\000R\000e\000i\000n\000a\000\040\000\050\000C\000o\000r\000t\000e\000\040\000S\000u\000p\000r\000e\000m\000a\000,\000\040\0001\0009\0005\0006\000\051}{chapter.9}% 62
\BOOKMARK [1][-]{section.9.5}{\376\377\000L\000a\000\040\000L\000e\000y\000\040\0001\0007\000.\0007\0001\0001\000\040\000\050\0001\0009\0006\0008\000\051\000:\000\040\000r\000e\000f\000o\000r\000m\000a\000\040\000d\000e\000l\000\040\000a\000r\000t\000\355\000c\000u\000l\000o\000\040\0001\0000\0007\0001}{chapter.9}% 63
\BOOKMARK [2][-]{subsection.9.5.1}{\376\377\000T\000r\000e\000s\000\040\000c\000a\000m\000b\000i\000o\000s\000\040\000f\000u\000n\000d\000a\000m\000e\000n\000t\000a\000l\000e\000s}{section.9.5}% 64
\BOOKMARK [1][-]{section.9.6}{\376\377\000E\000l\000\040\000C\000\363\000d\000i\000g\000o\000\040\000C\000i\000v\000i\000l\000\040\000y\000\040\000C\000o\000m\000e\000r\000c\000i\000a\000l\000\040\000d\000e\000\040\000l\000a\000\040\000N\000a\000c\000i\000\363\000n\000\040\000\050\0002\0000\0001\0005\000\051}{chapter.9}% 65
\BOOKMARK [2][-]{subsection.9.6.1}{\376\377\000T\000r\000e\000s\000\040\000c\000a\000m\000b\000i\000o\000s\000\040\000r\000e\000s\000p\000e\000c\000t\000o\000\040\000d\000e\000\040\000l\000a\000\040\000L\000e\000y\000\040\0001\0007\000.\0007\0001\0001}{section.9.6}% 66
\BOOKMARK [1][-]{section.9.7}{\376\377\000O\000t\000r\000o\000s\000\040\000a\000r\000t\000\355\000c\000u\000l\000o\000s\000\040\000r\000e\000l\000a\000c\000i\000o\000n\000a\000d\000o\000s\000\040\000d\000e\000l\000\040\000C\000\363\000d\000i\000g\000o\000\040\000C\000i\000v\000i\000l\000\040\000y\000\040\000C\000o\000m\000e\000r\000c\000i\000a\000l}{chapter.9}% 67
\BOOKMARK [1][-]{section.9.8}{\376\377\000C\000u\000a\000d\000r\000o\000\040\000C\000o\000r\000n\000e\000l\000l\000:\000\040\000e\000l\000\040\000a\000b\000u\000s\000o\000\040\000d\000e\000l\000\040\000d\000e\000r\000e\000c\000h\000o\000\040\000e\000n\000\040\000e\000l\000\040\000d\000e\000r\000e\000c\000h\000o\000\040\000a\000r\000g\000e\000n\000t\000i\000n\000o}{chapter.9}% 68
\BOOKMARK [-1][-]{part.2}{\376\377\000I\000I\000\040\000E\000l\000\040\000s\000u\000j\000e\000t\000o\000\040\000d\000e\000\040\000l\000a\000\040\000r\000e\000l\000a\000c\000i\000\363\000n\000\040\000j\000u\000r\000\355\000d\000i\000c\000a\000:\000\040\000l\000a\000\040\000p\000e\000r\000s\000o\000n\000a\000\040\000h\000u\000m\000a\000n\000a}{}% 69
\BOOKMARK [0][-]{chapter.10}{\376\377\000M\000a\000r\000c\000o\000\040\000c\000o\000n\000v\000e\000n\000c\000i\000o\000n\000a\000l\000\040\000y\000\040\000a\000n\000t\000e\000c\000e\000d\000e\000n\000t\000e\000s}{part.2}% 70
\BOOKMARK [1][-]{section.10.1}{\376\377\000P\000r\000e\000s\000e\000n\000t\000a\000c\000i\000\363\000n\000\040\000d\000e\000l\000\040\000t\000e\000m\000a}{chapter.10}% 71
\BOOKMARK [1][-]{section.10.2}{\376\377\000L\000a\000\040\000C\000o\000n\000v\000e\000n\000c\000i\000\363\000n\000\040\000s\000o\000b\000r\000e\000\040\000l\000o\000s\000\040\000D\000e\000r\000e\000c\000h\000o\000s\000\040\000d\000e\000\040\000l\000a\000s\000\040\000P\000e\000r\000s\000o\000n\000a\000s\000\040\000c\000o\000n\000\040\000D\000i\000s\000c\000a\000p\000a\000c\000i\000d\000a\000d\000\040\000\050\000C\000D\000P\000D\000\051}{chapter.10}% 72
\BOOKMARK [2][-]{subsection.10.2.1}{\376\377\000E\000l\000\040\000a\000r\000t\000\355\000c\000u\000l\000o\000\040\0001\0002\000\040\000d\000e\000\040\000l\000a\000\040\000C\000D\000P\000D\000:\000\040\000i\000g\000u\000a\000l\000\040\000r\000e\000c\000o\000n\000o\000c\000i\000m\000i\000e\000n\000t\000o\000\040\000c\000o\000m\000o\000\040\000p\000e\000r\000s\000o\000n\000a\000\040\000a\000n\000t\000e\000\040\000l\000a\000\040\000l\000e\000y}{section.10.2}% 73
\BOOKMARK [2][-]{subsection.10.2.2}{\376\377\000E\000l\000\040\000C\000o\000m\000i\000t\000\351\000\040\000d\000e\000\040\000l\000a\000\040\000C\000D\000P\000D\000\040\000y\000\040\000e\000l\000\040\000m\000o\000d\000e\000l\000o\000\040\000d\000e\000\040\000a\000p\000o\000y\000o\000\040\000a\000\040\000l\000a\000\040\000d\000e\000c\000i\000s\000i\000\363\000n}{section.10.2}% 74
\BOOKMARK [1][-]{section.10.3}{\376\377\000E\000l\000\040\000r\000\351\000g\000i\000m\000e\000n\000\040\000d\000e\000l\000\040\000C\000\363\000d\000i\000g\000o\000\040\000C\000i\000v\000i\000l\000\040\000d\000e\000r\000o\000g\000a\000d\000o\000:\000\040\000i\000n\000c\000a\000p\000a\000c\000e\000s\000\040\000e\000\040\000i\000n\000h\000a\000b\000i\000l\000i\000t\000a\000d\000o\000s}{chapter.10}% 75
\BOOKMARK [2][-]{subsection.10.3.1}{\376\377\000F\000i\000g\000u\000r\000a\000\040\0001\000:\000\040\000l\000o\000s\000\040\000i\000n\000c\000a\000p\000a\000c\000e\000s\000\040\000d\000e\000\040\000h\000e\000c\000h\000o\000\040\000d\000e\000c\000l\000a\000r\000a\000d\000o\000s\000\040\000j\000u\000d\000i\000c\000i\000a\000l\000m\000e\000n\000t\000e}{section.10.3}% 76
\BOOKMARK [2][-]{subsection.10.3.2}{\376\377\000F\000i\000g\000u\000r\000a\000\040\0002\000:\000\040\000l\000o\000s\000\040\000i\000n\000h\000a\000b\000i\000l\000i\000t\000a\000d\000o\000s\000\040\000\050\000a\000r\000t\000\355\000c\000u\000l\000o\000\040\0001\0005\0002\000\040\000b\000i\000s\000\051}{section.10.3}% 77
\BOOKMARK [1][-]{section.10.4}{\376\377\000L\000a\000\040\000L\000e\000y\000\040\000d\000e\000\040\000S\000a\000l\000u\000d\000\040\000M\000e\000n\000t\000a\000l\000\040\0002\0006\000.\0006\0005\0007\000\040\000y\000\040\000e\000l\000\040\000a\000r\000t\000\355\000c\000u\000l\000o\000\040\0001\0005\0002\000\040\000t\000e\000r}{chapter.10}% 78
\BOOKMARK [1][-]{section.10.5}{\376\377\000C\000u\000a\000d\000r\000o\000\040\000C\000o\000r\000n\000e\000l\000l\000\040\040\024\000\040\000B\000l\000o\000q\000u\000e\000\040\0001}{chapter.10}% 79
\BOOKMARK [0][-]{chapter.11}{\376\377\000T\000i\000p\000o\000s\000\040\000d\000e\000\040\000r\000e\000s\000t\000r\000i\000c\000c\000i\000o\000n\000e\000s\000\040\000a\000\040\000l\000a\000\040\000c\000a\000p\000a\000c\000i\000d\000a\000d\000\040\000e\000n\000\040\000e\000l\000\040\000C\000\363\000d\000i\000g\000o\000\040\000C\000i\000v\000i\000l\000\040\000y\000\040\000C\000o\000m\000e\000r\000c\000i\000a\000l}{part.2}% 80
\BOOKMARK [1][-]{section.11.1}{\376\377\000R\000e\000g\000l\000a\000s\000\040\000g\000e\000n\000e\000r\000a\000l\000e\000s\000\040\000d\000e\000l\000\040\000a\000r\000t\000\355\000c\000u\000l\000o\000\040\0003\0001}{chapter.11}% 81
\BOOKMARK [1][-]{section.11.2}{\376\377\000P\000e\000r\000s\000o\000n\000a\000s\000\040\000c\000o\000n\000\040\000c\000a\000p\000a\000c\000i\000d\000a\000d\000\040\000r\000e\000s\000t\000r\000i\000n\000g\000i\000d\000a\000\040\000\050\000a\000r\000t\000\355\000c\000u\000l\000o\000\040\0003\0002\000,\000\040\000p\000r\000i\000m\000e\000r\000\040\000p\000\341\000r\000r\000a\000f\000o\000\051}{chapter.11}% 82
\BOOKMARK [2][-]{subsection.11.2.1}{\376\377\000R\000e\000q\000u\000i\000s\000i\000t\000o\000s\000\040\000d\000e\000l\000\040\000a\000r\000t\000\355\000c\000u\000l\000o\000\040\0003\0002}{section.11.2}% 83
\BOOKMARK [2][-]{subsection.11.2.2}{\376\377\000R\000\351\000g\000i\000m\000e\000n\000\040\000d\000e\000\040\000l\000a\000s\000\040\000p\000e\000r\000s\000o\000n\000a\000s\000\040\000c\000o\000n\000\040\000c\000a\000p\000a\000c\000i\000d\000a\000d\000\040\000r\000e\000s\000t\000r\000i\000n\000g\000i\000d\000a}{section.11.2}% 84
\BOOKMARK [1][-]{section.11.3}{\376\377\000P\000e\000r\000s\000o\000n\000a\000s\000\040\000i\000n\000c\000a\000p\000a\000c\000e\000s\000\040\000\050\000a\000r\000t\000\355\000c\000u\000l\000o\000\040\0003\0002\000,\000\040\000\372\000l\000t\000i\000m\000o\000\040\000p\000\341\000r\000r\000a\000f\000o\000\051}{chapter.11}% 85
\BOOKMARK [2][-]{subsection.11.3.1}{\376\377\000R\000\351\000g\000i\000m\000e\000n\000\040\000d\000e\000\040\000l\000a\000s\000\040\000p\000e\000r\000s\000o\000n\000a\000s\000\040\000i\000n\000c\000a\000p\000a\000c\000e\000s}{section.11.3}% 86
\BOOKMARK [1][-]{section.11.4}{\376\377\000I\000n\000h\000a\000b\000i\000l\000i\000t\000a\000d\000o\000s\000\040\000p\000o\000r\000\040\000p\000r\000o\000d\000i\000g\000a\000l\000i\000d\000a\000d\000\040\000\050\000a\000r\000t\000\355\000c\000u\000l\000o\000\040\0004\0008\000\051}{chapter.11}% 87
\BOOKMARK [2][-]{subsection.11.4.1}{\376\377\000R\000\351\000g\000i\000m\000e\000n\000\040\000d\000e\000\040\000l\000o\000s\000\040\000i\000n\000h\000a\000b\000i\000l\000i\000t\000a\000d\000o\000s}{section.11.4}% 88
\BOOKMARK [1][-]{section.11.5}{\376\377\000C\000u\000a\000d\000r\000o\000\040\000C\000o\000r\000n\000e\000l\000l\000\040\040\024\000\040\000B\000l\000o\000q\000u\000e\000\040\0002}{chapter.11}% 89
\BOOKMARK [0][-]{chapter.12}{\376\377\000A\000s\000p\000e\000c\000t\000o\000s\000\040\000p\000r\000o\000c\000e\000s\000a\000l\000e\000s}{part.2}% 90
\BOOKMARK [1][-]{section.12.1}{\376\377\000J\000u\000e\000z\000\040\000c\000o\000m\000p\000e\000t\000e\000n\000t\000e\000\040\000y\000\040\000l\000e\000g\000i\000t\000i\000m\000a\000d\000o\000s\000\040\000a\000c\000t\000i\000v\000o\000s}{chapter.12}% 91
\BOOKMARK [2][-]{subsection.12.1.1}{\376\377\000J\000u\000e\000z\000\040\000c\000o\000m\000p\000e\000t\000e\000n\000t\000e\000\040\000\050\000a\000r\000t\000\355\000c\000u\000l\000o\000\040\0003\0006\000\051}{section.12.1}% 92
\BOOKMARK [2][-]{subsection.12.1.2}{\376\377\000L\000e\000g\000i\000t\000i\000m\000a\000d\000o\000s\000\040\000a\000c\000t\000i\000v\000o\000s\000\040\000\050\000a\000r\000t\000\355\000c\000u\000l\000o\000\040\0003\0003\000\051}{section.12.1}% 93
\BOOKMARK [1][-]{section.12.2}{\376\377\000M\000e\000d\000i\000d\000a\000s\000\040\000c\000a\000u\000t\000e\000l\000a\000r\000e\000s\000\040\000y\000\040\000e\000n\000t\000r\000e\000v\000i\000s\000t\000a\000\040\000p\000e\000r\000s\000o\000n\000a\000l}{chapter.12}% 94
\BOOKMARK [2][-]{subsection.12.2.1}{\376\377\000M\000e\000d\000i\000d\000a\000s\000\040\000c\000a\000u\000t\000e\000l\000a\000r\000e\000s\000\040\000\050\000a\000r\000t\000\355\000c\000u\000l\000o\000\040\0003\0004\000\051}{section.12.2}% 95
\BOOKMARK [2][-]{subsection.12.2.2}{\376\377\000E\000n\000t\000r\000e\000v\000i\000s\000t\000a\000\040\000p\000e\000r\000s\000o\000n\000a\000l\000\040\000\050\000a\000r\000t\000\355\000c\000u\000l\000o\000\040\0003\0005\000\051}{section.12.2}% 96
\BOOKMARK [1][-]{section.12.3}{\376\377\000L\000a\000\040\000p\000e\000r\000s\000o\000n\000a\000\040\000c\000o\000m\000o\000\040\000p\000a\000r\000t\000e\000\040\000y\000\040\000a\000s\000i\000s\000t\000e\000n\000c\000i\000a\000\040\000l\000e\000t\000r\000a\000d\000a}{chapter.12}% 97
\BOOKMARK [1][-]{section.12.4}{\376\377\000D\000i\000c\000t\000a\000m\000e\000n\000\040\000i\000n\000t\000e\000r\000d\000i\000s\000c\000i\000p\000l\000i\000n\000a\000r\000i\000o\000\040\000y\000\040\000c\000o\000n\000t\000e\000n\000i\000d\000o\000\040\000d\000e\000\040\000l\000a\000\040\000s\000e\000n\000t\000e\000n\000c\000i\000a}{chapter.12}% 98
\BOOKMARK [2][-]{subsection.12.4.1}{\376\377\000A\000r\000t\000\355\000c\000u\000l\000o\000\040\0003\0007\000:\000\040\000e\000l\000\040\000d\000i\000c\000t\000a\000m\000e\000n\000\040\000i\000n\000t\000e\000r\000d\000i\000s\000c\000i\000p\000l\000i\000n\000a\000r\000i\000o}{section.12.4}% 99
\BOOKMARK [2][-]{subsection.12.4.2}{\376\377\000A\000r\000t\000\355\000c\000u\000l\000o\000\040\0003\0008\000:\000\040\000e\000l\000\040\000c\000o\000n\000t\000e\000n\000i\000d\000o\000\040\000d\000e\000\040\000l\000a\000\040\000s\000e\000n\000t\000e\000n\000c\000i\000a}{section.12.4}% 100
\BOOKMARK [1][-]{section.12.5}{\376\377\000R\000e\000g\000i\000s\000t\000r\000o\000,\000\040\000r\000e\000v\000i\000s\000i\000\363\000n\000,\000\040\000i\000n\000t\000e\000r\000n\000a\000c\000i\000\363\000n\000\040\000y\000\040\000t\000r\000a\000s\000l\000a\000d\000o\000s}{chapter.12}% 101
\BOOKMARK [2][-]{subsection.12.5.1}{\376\377\000R\000e\000g\000i\000s\000t\000r\000o\000\040\000\050\000a\000r\000t\000\355\000c\000u\000l\000o\000\040\0003\0009\000\051}{section.12.5}% 102
\BOOKMARK [2][-]{subsection.12.5.2}{\376\377\000R\000e\000v\000i\000s\000i\000\363\000n\000\040\000\050\000a\000r\000t\000\355\000c\000u\000l\000o\000\040\0004\0000\000\051}{section.12.5}% 103
\BOOKMARK [2][-]{subsection.12.5.3}{\376\377\000I\000n\000t\000e\000r\000n\000a\000c\000i\000\363\000n\000\040\000\050\000a\000r\000t\000\355\000c\000u\000l\000o\000\040\0004\0001\000\051\000\040\000y\000\040\000t\000r\000a\000s\000l\000a\000d\000o\000s\000\040\000\050\000a\000r\000t\000\355\000c\000u\000l\000o\000\040\0004\0002\000\051}{section.12.5}% 104
\BOOKMARK [1][-]{section.12.6}{\376\377\000C\000u\000a\000d\000r\000o\000\040\000C\000o\000r\000n\000e\000l\000l\000\040\040\024\000\040\000B\000l\000o\000q\000u\000e\000\040\0003}{chapter.12}% 105
\BOOKMARK [0][-]{chapter.13}{\376\377\000V\000a\000l\000i\000d\000e\000z\000\040\000d\000e\000\040\000l\000o\000s\000\040\000a\000c\000t\000o\000s\000\040\000y\000\040\000s\000i\000s\000t\000e\000m\000a\000\040\000d\000e\000\040\000a\000p\000o\000y\000o\000s}{part.2}% 106
\BOOKMARK [1][-]{section.13.1}{\376\377\000N\000u\000l\000i\000d\000a\000d\000\040\000d\000e\000\040\000l\000o\000s\000\040\000a\000c\000t\000o\000s\000\040\000p\000o\000s\000t\000e\000r\000i\000o\000r\000e\000s\000\040\000y\000\040\000a\000n\000t\000e\000r\000i\000o\000r\000e\000s\000\040\000a\000\040\000l\000a\000\040\000s\000e\000n\000t\000e\000n\000c\000i\000a}{chapter.13}% 107
\BOOKMARK [2][-]{subsection.13.1.1}{\376\377\000A\000c\000t\000o\000s\000\040\000p\000o\000s\000t\000e\000r\000i\000o\000r\000e\000s\000\040\000a\000\040\000l\000a\000\040\000i\000n\000s\000c\000r\000i\000p\000c\000i\000\363\000n\000\040\000\050\000a\000r\000t\000\355\000c\000u\000l\000o\000\040\0004\0004\000\051}{section.13.1}% 108
\BOOKMARK [2][-]{subsection.13.1.2}{\376\377\000A\000c\000t\000o\000s\000\040\000a\000n\000t\000e\000r\000i\000o\000r\000e\000s\000\040\000a\000\040\000l\000a\000\040\000s\000e\000n\000t\000e\000n\000c\000i\000a\000\040\000\050\000a\000r\000t\000\355\000c\000u\000l\000o\000\040\0004\0005\000\051}{section.13.1}% 109
\BOOKMARK [1][-]{section.13.2}{\376\377\000C\000e\000s\000e\000\040\000d\000e\000\040\000l\000a\000s\000\040\000r\000e\000s\000t\000r\000i\000c\000c\000i\000o\000n\000e\000s\000\040\000\050\000a\000r\000t\000\355\000c\000u\000l\000o\000\040\0004\0007\000\051}{chapter.13}% 110
\BOOKMARK [1][-]{section.13.3}{\376\377\000E\000l\000\040\000s\000i\000s\000t\000e\000m\000a\000\040\000d\000e\000\040\000a\000p\000o\000y\000o\000s\000\040\000\050\000a\000r\000t\000\355\000c\000u\000l\000o\000\040\0004\0003\000\051\000\040\000y\000\040\000c\000o\000n\000c\000l\000u\000s\000i\000o\000n\000e\000s}{chapter.13}% 111
\BOOKMARK [2][-]{subsection.13.3.1}{\376\377\000S\000a\000l\000v\000a\000g\000u\000a\000r\000d\000i\000a\000s\000:\000\040\000c\000o\000n\000f\000l\000i\000c\000t\000o\000\040\000d\000e\000\040\000i\000n\000t\000e\000r\000e\000s\000e\000s\000\040\000e\000\040\000i\000n\000f\000l\000u\000e\000n\000c\000i\000a\000\040\000i\000n\000d\000e\000b\000i\000d\000a}{section.13.3}% 112
\BOOKMARK [2][-]{subsection.13.3.2}{\376\377\000C\000r\000i\000t\000e\000r\000i\000o\000\040\000d\000e\000\040\000a\000c\000t\000u\000a\000c\000i\000\363\000n\000\040\000d\000e\000\040\000l\000o\000s\000\040\000a\000p\000o\000y\000o\000s}{section.13.3}% 113
\BOOKMARK [2][-]{subsection.13.3.3}{\376\377\000C\000o\000n\000c\000l\000u\000s\000i\000o\000n\000e\000s\000\040\000g\000e\000n\000e\000r\000a\000l\000e\000s}{section.13.3}% 114
\BOOKMARK [1][-]{section.13.4}{\376\377\000C\000u\000a\000d\000r\000o\000\040\000c\000o\000m\000p\000a\000r\000a\000t\000i\000v\000o\000:\000\040\000r\000\351\000g\000i\000m\000e\000n\000\040\000a\000n\000t\000e\000r\000i\000o\000r\000\040\000y\000\040\000r\000\351\000g\000i\000m\000e\000n\000\040\000v\000i\000g\000e\000n\000t\000e}{chapter.13}% 115
\BOOKMARK [1][-]{section.13.5}{\376\377\000C\000u\000a\000d\000r\000o\000\040\000C\000o\000r\000n\000e\000l\000l\000\040\000d\000e\000\040\000r\000e\000p\000a\000s\000o\000\040\000g\000e\000n\000e\000r\000a\000l}{chapter.13}% 116
\BOOKMARK [0][-]{chapter.14}{\376\377\000D\000e\000r\000e\000c\000h\000o\000s\000\040\000p\000e\000r\000s\000o\000n\000a\000l\000\355\000s\000i\000m\000o\000s}{part.2}% 117
\BOOKMARK [1][-]{section.14.1}{\376\377\000I\000n\000t\000r\000o\000d\000u\000c\000c\000i\000\363\000n}{chapter.14}% 118
\BOOKMARK [1][-]{section.14.2}{\376\377\000A\000l\000c\000a\000n\000c\000e\000\040\000y\000\040\000o\000r\000d\000e\000n\000\040\000d\000e\000\040\000e\000x\000p\000o\000s\000i\000c\000i\000\363\000n}{chapter.14}% 119
\BOOKMARK [1][-]{section.14.3}{\376\377\000N\000o\000c\000i\000\363\000n\000\040\000d\000e\000\040\000d\000e\000r\000e\000c\000h\000o\000s\000\040\000p\000e\000r\000s\000o\000n\000a\000l\000\355\000s\000i\000m\000o\000s}{chapter.14}% 120
\BOOKMARK [1][-]{section.14.4}{\376\377\000I\000m\000p\000o\000r\000t\000a\000n\000c\000i\000a\000\040\000y\000\040\000c\000o\000n\000t\000e\000x\000t\000o\000\040\000a\000c\000t\000u\000a\000l}{chapter.14}% 121
\BOOKMARK [2][-]{subsection.14.4.1}{\376\377\000D\000a\000t\000o\000s\000\040\000p\000e\000r\000s\000o\000n\000a\000l\000e\000s\000\040\000y\000\040\000p\000r\000i\000v\000a\000c\000i\000d\000a\000d\000\040\000d\000i\000g\000i\000t\000a\000l}{section.14.4}% 122
\BOOKMARK [1][-]{section.14.5}{\376\377\000A\000n\000t\000e\000c\000e\000d\000e\000n\000t\000e\000s\000\040\000e\000n\000\040\000A\000r\000g\000e\000n\000t\000i\000n\000a}{chapter.14}% 123
\BOOKMARK [2][-]{subsection.14.5.1}{\376\377\000E\000l\000\040\000C\000\363\000d\000i\000g\000o\000\040\000d\000e\000\040\000V\000\351\000l\000e\000z}{section.14.5}% 124
\BOOKMARK [2][-]{subsection.14.5.2}{\376\377\000E\000v\000o\000l\000u\000c\000i\000\363\000n\000\040\000l\000e\000g\000i\000s\000l\000a\000t\000i\000v\000a\000\040\000e\000n\000\040\000A\000r\000g\000e\000n\000t\000i\000n\000a}{section.14.5}% 125
\BOOKMARK [2][-]{subsection.14.5.3}{\376\377\000L\000a\000\040\000C\000o\000n\000s\000t\000i\000t\000u\000c\000i\000\363\000n\000\040\000N\000a\000c\000i\000o\000n\000a\000l\000\040\000d\000e\000\040\0001\0009\0009\0004}{section.14.5}% 126
\BOOKMARK [1][-]{section.14.6}{\376\377\000C\000a\000r\000a\000c\000t\000e\000r\000e\000s\000\040\000d\000e\000\040\000l\000o\000s\000\040\000d\000e\000r\000e\000c\000h\000o\000s\000\040\000p\000e\000r\000s\000o\000n\000a\000l\000\355\000s\000i\000m\000o\000s}{chapter.14}% 127
\BOOKMARK [1][-]{section.14.7}{\376\377\000C\000l\000a\000s\000i\000f\000i\000c\000a\000c\000i\000\363\000n\000\040\000t\000r\000i\000p\000a\000r\000t\000i\000t\000a}{chapter.14}% 128
\BOOKMARK [1][-]{section.14.8}{\376\377\000R\000e\000g\000u\000l\000a\000c\000i\000\363\000n\000\040\000e\000n\000\040\000e\000l\000\040\000C\000\363\000d\000i\000g\000o\000\040\000C\000i\000v\000i\000l\000\040\000y\000\040\000C\000o\000m\000e\000r\000c\000i\000a\000l}{chapter.14}% 129
\BOOKMARK [2][-]{subsection.14.8.1}{\376\377\000D\000i\000s\000p\000o\000s\000i\000c\000i\000o\000n\000e\000s\000\040\000g\000e\000n\000e\000r\000a\000l\000e\000s\000:\000\040\000a\000r\000t\000\355\000c\000u\000l\000o\000\040\0005\0001}{section.14.8}% 130
\BOOKMARK [2][-]{subsection.14.8.2}{\376\377\000M\000e\000d\000i\000o\000s\000\040\000d\000e\000\040\000p\000r\000o\000t\000e\000c\000c\000i\000\363\000n\000:\000\040\000p\000r\000e\000v\000e\000n\000c\000i\000\363\000n\000\040\000y\000\040\000r\000e\000p\000a\000r\000a\000c\000i\000\363\000n}{section.14.8}% 131
\BOOKMARK [2][-]{subsection.14.8.3}{\376\377\000D\000i\000s\000p\000o\000n\000i\000b\000i\000l\000i\000d\000a\000d\000\040\000r\000e\000l\000a\000t\000i\000v\000a\000:\000\040\000a\000r\000t\000\355\000c\000u\000l\000o\000\040\0005\0005}{section.14.8}% 132
\BOOKMARK [1][-]{section.14.9}{\376\377\000D\000e\000r\000e\000c\000h\000o\000\040\000a\000\040\000l\000a\000\040\000l\000i\000b\000e\000r\000t\000a\000d}{chapter.14}% 133
\BOOKMARK [1][-]{section.14.10}{\376\377\000C\000u\000a\000d\000r\000o\000\040\000C\000o\000r\000n\000e\000l\000l\000\040\000d\000e\000\040\000r\000e\000p\000a\000s\000o}{chapter.14}% 134
\BOOKMARK [0][-]{chapter.15}{\376\377\000L\000a\000\040\000m\000u\000e\000r\000t\000e\000:\000\040\000f\000i\000n\000\040\000d\000e\000\040\000l\000a\000\040\000e\000x\000i\000s\000t\000e\000n\000c\000i\000a\000\040\000d\000e\000\040\000l\000a\000\040\000p\000e\000r\000s\000o\000n\000a\000\040\000h\000u\000m\000a\000n\000a}{part.2}% 135
\BOOKMARK [1][-]{section.15.1}{\376\377\000U\000b\000i\000c\000a\000c\000i\000\363\000n\000\040\000t\000e\000m\000\341\000t\000i\000c\000a\000\040\000y\000\040\000r\000e\000l\000e\000v\000a\000n\000c\000i\000a\000\040\000p\000r\000\341\000c\000t\000i\000c\000a}{chapter.15}% 136
\BOOKMARK [1][-]{section.15.2}{\376\377\000L\000a\000\040\000m\000u\000e\000r\000t\000e\000:\000\040\000c\000o\000n\000c\000e\000p\000t\000o\000,\000\040\000c\000o\000m\000p\000r\000o\000b\000a\000c\000i\000\363\000n\000\040\000y\000\040\000n\000o\000r\000m\000a\000t\000i\000v\000a}{chapter.15}% 137
\BOOKMARK [2][-]{subsection.15.2.1}{\376\377\000P\000r\000i\000n\000c\000i\000p\000i\000o\000\040\000g\000e\000n\000e\000r\000a\000l}{section.15.2}% 138
\BOOKMARK [2][-]{subsection.15.2.2}{\376\377\000\277\000Q\000u\000\351\000\040\000e\000s\000\040\000l\000a\000\040\000m\000u\000e\000r\000t\000e\000?}{section.15.2}% 139
\BOOKMARK [2][-]{subsection.15.2.3}{\376\377\000C\000o\000m\000p\000r\000o\000b\000a\000c\000i\000\363\000n\000\040\000d\000e\000\040\000l\000a\000\040\000m\000u\000e\000r\000t\000e}{section.15.2}% 140
\BOOKMARK [2][-]{subsection.15.2.4}{\376\377\000I\000n\000s\000t\000r\000u\000m\000e\000n\000t\000o\000s\000\040\000p\000a\000r\000a\000\040\000a\000c\000r\000e\000d\000i\000t\000a\000r\000\040\000l\000a\000\040\000m\000u\000e\000r\000t\000e}{section.15.2}% 141
\BOOKMARK [1][-]{section.15.3}{\376\377\000D\000o\000n\000a\000c\000i\000\363\000n\000\040\000d\000e\000\040\000\363\000r\000g\000a\000n\000o\000s\000\040\000y\000\040\000c\000r\000i\000t\000e\000r\000i\000o\000s\000\040\000d\000e\000\040\000m\000u\000e\000r\000t\000e\000\040\000e\000n\000c\000e\000f\000\341\000l\000i\000c\000a}{chapter.15}% 142
\BOOKMARK [2][-]{subsection.15.3.1}{\376\377\000C\000o\000n\000s\000e\000n\000t\000i\000m\000i\000e\000n\000t\000o\000\040\000p\000r\000e\000s\000u\000n\000t\000o}{section.15.3}% 143
\BOOKMARK [2][-]{subsection.15.3.2}{\376\377\000A\000n\000t\000e\000c\000e\000d\000e\000n\000t\000e\000s\000\040\000l\000e\000g\000i\000s\000l\000a\000t\000i\000v\000o\000s}{section.15.3}% 144
\BOOKMARK [2][-]{subsection.15.3.3}{\376\377\000C\000r\000i\000t\000e\000r\000i\000o\000s\000\040\000a\000c\000t\000u\000a\000l\000e\000s\000\040\000y\000\040\000P\000r\000o\000t\000o\000c\000o\000l\000o\000\040\0002\0000\0001\0009}{section.15.3}% 145
\BOOKMARK [2][-]{subsection.15.3.4}{\376\377\000G\000a\000r\000a\000n\000t\000\355\000a\000s\000\040\000y\000\040\000c\000r\000\355\000t\000i\000c\000a\000s\000\040\000a\000l\000\040\000r\000\351\000g\000i\000m\000e\000n\000\040\000v\000i\000g\000e\000n\000t\000e}{section.15.3}% 146
\BOOKMARK [1][-]{section.15.4}{\376\377\000C\000o\000n\000m\000o\000r\000i\000e\000n\000c\000i\000a\000\040\000y\000\040\000p\000r\000u\000e\000b\000a\000\040\000s\000u\000p\000l\000e\000t\000o\000r\000i\000a\000\040\000d\000e\000l\000\040\000f\000a\000l\000l\000e\000c\000i\000m\000i\000e\000n\000t\000o}{chapter.15}% 147
\BOOKMARK [2][-]{subsection.15.4.1}{\376\377\000C\000o\000n\000m\000o\000r\000i\000e\000n\000c\000i\000a}{section.15.4}% 148
\BOOKMARK [2][-]{subsection.15.4.2}{\376\377\000P\000r\000u\000e\000b\000a\000\040\000s\000u\000p\000l\000e\000t\000o\000r\000i\000a\000\040\000d\000e\000l\000\040\000f\000a\000l\000l\000e\000c\000i\000m\000i\000e\000n\000t\000o}{section.15.4}% 149
\BOOKMARK [2][-]{subsection.15.4.3}{\376\377\000E\000j\000e\000m\000p\000l\000o\000s\000\040\000d\000e\000s\000a\000r\000r\000o\000l\000l\000a\000d\000o\000s}{section.15.4}% 150
\BOOKMARK [1][-]{section.15.5}{\376\377\000E\000f\000e\000c\000t\000o\000s\000\040\000j\000u\000r\000\355\000d\000i\000c\000o\000s\000\040\000d\000e\000\040\000l\000a\000\040\000m\000u\000e\000r\000t\000e}{chapter.15}% 151
\BOOKMARK [2][-]{subsection.15.5.1}{\376\377\000E\000f\000e\000c\000t\000o\000s\000\040\000e\000x\000t\000r\000a\000p\000a\000t\000r\000i\000m\000o\000n\000i\000a\000l\000e\000s}{section.15.5}% 152
\BOOKMARK [2][-]{subsection.15.5.2}{\376\377\000P\000r\000o\000t\000e\000c\000c\000i\000\363\000n\000\040\000j\000u\000r\000\355\000d\000i\000c\000a\000\040\000p\000o\000s\000t\000\040\000m\000o\000r\000t\000e\000m}{section.15.5}% 153
\BOOKMARK [2][-]{subsection.15.5.3}{\376\377\000E\000f\000e\000c\000t\000o\000s\000\040\000p\000a\000t\000r\000i\000m\000o\000n\000i\000a\000l\000e\000s}{section.15.5}% 154
\BOOKMARK [2][-]{subsection.15.5.4}{\376\377\000D\000e\000r\000e\000c\000h\000o\000s\000\040\000n\000o\000\040\000t\000r\000a\000n\000s\000m\000i\000s\000i\000b\000l\000e\000s}{section.15.5}% 155
\BOOKMARK [1][-]{section.15.6}{\376\377\000S\000\355\000n\000t\000e\000s\000i\000s\000\040\000d\000e\000l\000\040\000c\000a\000p\000\355\000t\000u\000l\000o}{chapter.15}% 156
\BOOKMARK [1][-]{section.15.7}{\376\377\000C\000u\000a\000d\000r\000o\000\040\000C\000o\000r\000n\000e\000l\000l\000\040\040\024\000\040\000R\000e\000p\000a\000s\000o\000\040\000d\000e\000\040\000l\000a\000\040\000u\000n\000i\000d\000a\000d}{chapter.15}% 157
\BOOKMARK [0][-]{chapter.16}{\376\377\000M\000a\000r\000c\000o\000\040\000c\000o\000n\000c\000e\000p\000t\000u\000a\000l\000\040\000e\000\040\000h\000i\000s\000t\000\363\000r\000i\000c\000o}{part.2}% 158
\BOOKMARK [1][-]{section.16.1}{\376\377\000I\000n\000t\000r\000o\000d\000u\000c\000c\000i\000\363\000n\000:\000\040\000a\000u\000s\000e\000n\000c\000i\000a\000\040\000y\000\040\000p\000r\000e\000s\000u\000n\000c\000i\000\363\000n\000\040\000d\000e\000\040\000f\000a\000l\000l\000e\000c\000i\000m\000i\000e\000n\000t\000o}{chapter.16}% 159
\BOOKMARK [1][-]{section.16.2}{\376\377\000E\000l\000\040\000p\000r\000o\000b\000l\000e\000m\000a\000\040\000j\000u\000r\000\355\000d\000i\000c\000o\000\040\000d\000e\000\040\000f\000o\000n\000d\000o}{chapter.16}% 160
\BOOKMARK [1][-]{section.16.3}{\376\377\000A\000n\000t\000e\000c\000e\000d\000e\000n\000t\000e\000s\000\040\000h\000i\000s\000t\000\363\000r\000i\000c\000o\000s}{chapter.16}% 161
\BOOKMARK [0][-]{chapter.17}{\376\377\000A\000u\000s\000e\000n\000c\000i\000a\000\040\000\050\000A\000r\000t\000s\000.\000\040\0007\0009\000-\0008\0004\000\040\000C\000C\000C\000N\000\051}{part.2}% 162
\BOOKMARK [1][-]{section.17.1}{\376\377\000C\000o\000n\000c\000e\000p\000t\000o\000\040\000d\000e\000\040\000a\000u\000s\000e\000n\000c\000i\000a}{chapter.17}% 163
\BOOKMARK [1][-]{section.17.2}{\376\377\000L\000e\000g\000i\000t\000i\000m\000a\000c\000i\000\363\000n\000\040\000y\000\040\000j\000u\000e\000z\000\040\000c\000o\000m\000p\000e\000t\000e\000n\000t\000e}{chapter.17}% 164
\BOOKMARK [1][-]{section.17.3}{\376\377\000P\000r\000o\000c\000e\000d\000i\000m\000i\000e\000n\000t\000o\000\040\000y\000\040\000c\000u\000r\000a\000t\000e\000l\000a}{chapter.17}% 165
\BOOKMARK [1][-]{section.17.4}{\376\377\000C\000o\000n\000c\000l\000u\000s\000i\000\363\000n\000\040\000d\000e\000\040\000l\000a\000\040\000c\000u\000r\000a\000t\000e\000l\000a}{chapter.17}% 166
\BOOKMARK [0][-]{chapter.18}{\376\377\000P\000r\000e\000s\000u\000n\000c\000i\000\363\000n\000\040\000d\000e\000\040\000f\000a\000l\000l\000e\000c\000i\000m\000i\000e\000n\000t\000o\000\040\000\050\000A\000r\000t\000s\000.\000\040\0008\0005\000-\0009\0002\000\040\000C\000C\000C\000N\000\051}{part.2}% 167
\BOOKMARK [1][-]{section.18.1}{\376\377\000C\000a\000s\000o\000\040\000o\000r\000d\000i\000n\000a\000r\000i\000o\000\040\000\050\000A\000r\000t\000.\000\040\0008\0005\000\040\000C\000C\000C\000N\000\051}{chapter.18}% 168
\BOOKMARK [1][-]{section.18.2}{\376\377\000C\000a\000s\000o\000\040\000e\000x\000t\000r\000a\000o\000r\000d\000i\000n\000a\000r\000i\000o\000\040\000g\000e\000n\000\351\000r\000i\000c\000o\000\040\000\050\000A\000r\000t\000.\000\040\0008\0006\000,\000\040\0001\000.\000e\000r\000\040\000p\000\341\000r\000r\000.\000\051}{chapter.18}% 169
\BOOKMARK [1][-]{section.18.3}{\376\377\000C\000a\000s\000o\000\040\000e\000x\000t\000r\000a\000o\000r\000d\000i\000n\000a\000r\000i\000o\000\040\000e\000s\000p\000e\000c\000\355\000f\000i\000c\000o\000\040\000\050\000A\000r\000t\000.\000\040\0008\0006\000,\000\040\0002\000.\000d\000o\000\040\000p\000\341\000r\000r\000.\000\051}{chapter.18}% 170
\BOOKMARK [1][-]{section.18.4}{\376\377\000T\000a\000b\000l\000a\000\040\000c\000o\000m\000p\000a\000r\000a\000t\000i\000v\000a\000\040\000d\000e\000\040\000l\000o\000s\000\040\000t\000r\000e\000s\000\040\000c\000a\000s\000o\000s}{chapter.18}% 171
\BOOKMARK [1][-]{section.18.5}{\376\377\000C\000a\000s\000o\000s\000\040\000r\000e\000a\000l\000e\000s\000\040\000i\000l\000u\000s\000t\000r\000a\000t\000i\000v\000o\000s}{chapter.18}% 172
\BOOKMARK [0][-]{chapter.19}{\376\377\000P\000r\000o\000c\000e\000d\000i\000m\000i\000e\000n\000t\000o\000\040\000y\000\040\000s\000e\000n\000t\000e\000n\000c\000i\000a}{part.2}% 173
\BOOKMARK [1][-]{section.19.1}{\376\377\000L\000e\000g\000i\000t\000i\000m\000a\000c\000i\000\363\000n\000\040\000y\000\040\000j\000u\000e\000z\000\040\000c\000o\000m\000p\000e\000t\000e\000n\000t\000e}{chapter.19}% 174
\BOOKMARK [1][-]{section.19.2}{\376\377\000D\000i\000l\000i\000g\000e\000n\000c\000i\000a\000s\000\040\000p\000r\000o\000b\000a\000t\000o\000r\000i\000a\000s}{chapter.19}% 175
\BOOKMARK [1][-]{section.19.3}{\376\377\000S\000e\000n\000t\000e\000n\000c\000i\000a\000\040\000y\000\040\000d\000\355\000a\000\040\000p\000r\000e\000s\000u\000n\000t\000i\000v\000o\000\040\000d\000e\000\040\000f\000a\000l\000l\000e\000c\000i\000m\000i\000e\000n\000t\000o}{chapter.19}% 176
\BOOKMARK [0][-]{chapter.20}{\376\377\000G\000a\000r\000a\000n\000t\000\355\000a\000s\000\040\000y\000\040\000e\000f\000e\000c\000t\000o\000s\000\040\000d\000e\000\040\000l\000a\000\040\000r\000e\000a\000p\000a\000r\000i\000c\000i\000\363\000n}{part.2}% 177
\BOOKMARK [1][-]{section.20.1}{\376\377\000L\000a\000s\000\040\000t\000r\000e\000s\000\040\000g\000a\000r\000a\000n\000t\000\355\000a\000s\000\040\000a\000d\000o\000p\000t\000a\000d\000a\000s}{chapter.20}% 178
\BOOKMARK [1][-]{section.20.2}{\376\377\000D\000u\000r\000a\000c\000i\000\363\000n\000\040\000d\000e\000\040\000l\000a\000\040\000p\000r\000e\000n\000o\000t\000a\000c\000i\000\363\000n\000\040\000\050\000A\000r\000t\000.\000\040\0009\0001\000\040\000C\000C\000C\000N\000\051}{chapter.20}% 179
\BOOKMARK [1][-]{section.20.3}{\376\377\000E\000f\000e\000c\000t\000o\000s\000\040\000d\000e\000\040\000l\000a\000\040\000r\000e\000a\000p\000a\000r\000i\000c\000i\000\363\000n\000\040\000\050\000A\000r\000t\000.\000\040\0009\0001\000\040\000C\000C\000C\000N\000\051}{chapter.20}% 180
\BOOKMARK [1][-]{section.20.4}{\376\377\000C\000u\000a\000d\000r\000o\000\040\000d\000e\000\040\000r\000e\000p\000a\000s\000o\000\040\000C\000o\000r\000n\000e\000l\000l}{chapter.20}% 181
\BOOKMARK [-1][-]{part.3}{\376\377\000I\000I\000I\000\040\000E\000l\000\040\000s\000u\000j\000e\000t\000o\000\040\000d\000e\000\040\000l\000a\000\040\000r\000e\000l\000a\000c\000i\000\363\000n\000\040\000j\000u\000r\000\355\000d\000i\000c\000a\000:\000\040\000l\000a\000s\000\040\000p\000e\000r\000s\000o\000n\000a\000s\000\040\000j\000u\000r\000\355\000d\000i\000c\000a\000s}{}% 182
\BOOKMARK [0][-]{chapter.21}{\376\377\000I\000n\000t\000r\000o\000d\000u\000c\000c\000i\000\363\000n\000\040\000a\000\040\000l\000a\000s\000\040\000p\000e\000r\000s\000o\000n\000a\000s\000\040\000j\000u\000r\000\355\000d\000i\000c\000a\000s}{part.3}% 183
\BOOKMARK [1][-]{section.21.1}{\376\377\000P\000r\000e\000s\000e\000n\000t\000a\000c\000i\000\363\000n\000\040\000d\000e\000l\000\040\000t\000e\000m\000a}{chapter.21}% 184
\BOOKMARK [1][-]{section.21.2}{\376\377\000E\000l\000\040\000p\000r\000o\000b\000l\000e\000m\000a\000\040\000d\000e\000\040\000f\000o\000n\000d\000o\000:\000\040\000l\000a\000\040\000a\000s\000o\000c\000i\000a\000t\000i\000v\000i\000d\000a\000d\000\040\000h\000u\000m\000a\000n\000a}{chapter.21}% 185
\BOOKMARK [1][-]{section.21.3}{\376\377\000R\000e\000g\000u\000l\000a\000c\000i\000\363\000n\000\040\000e\000n\000\040\000e\000l\000\040\000C\000\363\000d\000i\000g\000o\000\040\000d\000e\000\040\000V\000\351\000l\000e\000z\000\040\000\050\000L\000e\000y\000\040\0003\0004\0000\000,\000\040\0001\0008\0007\0001\000\051}{chapter.21}% 186
\BOOKMARK [1][-]{section.21.4}{\376\377\000E\000l\000\040\000n\000u\000e\000v\000o\000\040\000C\000\363\000d\000i\000g\000o\000\040\000C\000i\000v\000i\000l\000\040\000y\000\040\000C\000o\000m\000e\000r\000c\000i\000a\000l\000:\000\040\000m\000e\000t\000o\000d\000o\000l\000o\000g\000\355\000a}{chapter.21}% 187
\BOOKMARK [1][-]{section.21.5}{\376\377\000D\000e\000f\000i\000n\000i\000c\000i\000\363\000n\000\040\000d\000e\000l\000\040\000a\000r\000t\000\355\000c\000u\000l\000o\000\040\0001\0004\0001\000\040\000d\000e\000l\000\040\000C\000C\000y\000C\000N}{chapter.21}% 188
\BOOKMARK [1][-]{section.21.6}{\376\377\000P\000r\000i\000n\000c\000i\000p\000i\000o\000\040\000d\000e\000\040\000e\000s\000p\000e\000c\000i\000a\000l\000i\000d\000a\000d}{chapter.21}% 189
\BOOKMARK [1][-]{section.21.7}{\376\377\000T\000e\000o\000r\000\355\000a\000s\000\040\000s\000o\000b\000r\000e\000\040\000l\000a\000\040\000n\000a\000t\000u\000r\000a\000l\000e\000z\000a\000\040\000j\000u\000r\000\355\000d\000i\000c\000a}{chapter.21}% 190
\BOOKMARK [2][-]{subsection.21.7.1}{\376\377\000T\000e\000o\000r\000\355\000a\000\040\000d\000e\000\040\000l\000a\000\040\000f\000i\000c\000c\000i\000\363\000n\000\040\000\050\000S\000a\000v\000i\000g\000n\000y\000\051}{section.21.7}% 191
\BOOKMARK [2][-]{subsection.21.7.2}{\376\377\000T\000e\000o\000r\000\355\000a\000s\000\040\000n\000e\000g\000a\000t\000o\000r\000i\000a\000s\000\040\000d\000e\000\040\000l\000a\000\040\000p\000e\000r\000s\000o\000n\000a\000l\000i\000d\000a\000d}{section.21.7}% 192
\BOOKMARK [2][-]{subsection.21.7.3}{\376\377\000T\000e\000o\000r\000\355\000a\000s\000\040\000d\000e\000\040\000l\000a\000\040\000r\000e\000a\000l\000i\000d\000a\000d}{section.21.7}% 193
\BOOKMARK [2][-]{subsection.21.7.4}{\376\377\000T\000e\000o\000r\000\355\000a\000s\000\040\000n\000o\000r\000m\000a\000t\000i\000v\000i\000s\000t\000a\000s\000\040\000\050\000K\000e\000l\000s\000e\000n\000\051}{section.21.7}% 194
\BOOKMARK [1][-]{section.21.8}{\376\377\000C\000l\000a\000s\000i\000f\000i\000c\000a\000c\000i\000\363\000n\000:\000\040\000p\000e\000r\000s\000o\000n\000a\000s\000\040\000j\000u\000r\000\355\000d\000i\000c\000a\000s\000\040\000p\000\372\000b\000l\000i\000c\000a\000s\000\040\000y\000\040\000p\000r\000i\000v\000a\000d\000a\000s}{chapter.21}% 195
\BOOKMARK [2][-]{subsection.21.8.1}{\376\377\000P\000e\000r\000s\000o\000n\000a\000s\000\040\000j\000u\000r\000\355\000d\000i\000c\000a\000s\000\040\000p\000\372\000b\000l\000i\000c\000a\000s\000\040\000\050\000a\000r\000t\000s\000.\000\040\0001\0004\0006\000\040\000y\000\040\0001\0004\0007\000\051}{section.21.8}% 196
\BOOKMARK [2][-]{subsection.21.8.2}{\376\377\000P\000e\000r\000s\000o\000n\000a\000s\000\040\000j\000u\000r\000\355\000d\000i\000c\000a\000s\000\040\000p\000r\000i\000v\000a\000d\000a\000s\000\040\000\050\000a\000r\000t\000.\000\040\0001\0004\0008\000\051}{section.21.8}% 197
\BOOKMARK [1][-]{section.21.9}{\376\377\000L\000e\000y\000\040\000a\000p\000l\000i\000c\000a\000b\000l\000e\000\040\000\050\000a\000r\000t\000.\000\040\0001\0005\0000\000\051}{chapter.21}% 198
\BOOKMARK [1][-]{section.21.10}{\376\377\000P\000e\000r\000s\000o\000n\000a\000l\000i\000d\000a\000d\000\040\000d\000i\000f\000e\000r\000e\000n\000c\000i\000a\000d\000a\000\040\000e\000\040\000i\000n\000o\000p\000o\000n\000i\000b\000i\000l\000i\000d\000a\000d\000\040\000\050\000a\000r\000t\000.\000\040\0001\0004\0004\000\051}{chapter.21}% 199
\BOOKMARK [0][-]{chapter.22}{\376\377\000R\000\351\000g\000i\000m\000e\000n\000\040\000d\000e\000\040\000l\000a\000s\000\040\000p\000e\000r\000s\000o\000n\000a\000s\000\040\000j\000u\000r\000\355\000d\000i\000c\000a\000s\000\040\000p\000r\000i\000v\000a\000d\000a\000s}{part.3}% 200
\BOOKMARK [1][-]{section.22.1}{\376\377\000N\000o\000m\000b\000r\000e\000\040\000\050\000a\000r\000t\000.\000\040\0001\0005\0001\000\051}{chapter.22}% 201
\BOOKMARK [1][-]{section.22.2}{\376\377\000D\000o\000m\000i\000c\000i\000l\000i\000o\000\040\000y\000\040\000s\000e\000d\000e\000\040\000s\000o\000c\000i\000a\000l\000\040\000\050\000a\000r\000t\000s\000.\000\040\0001\0005\0002\000\040\000y\000\040\0001\0005\0003\000\051}{chapter.22}% 202
\BOOKMARK [1][-]{section.22.3}{\376\377\000C\000a\000p\000a\000c\000i\000d\000a\000d\000\040\000y\000\040\000p\000r\000i\000n\000c\000i\000p\000i\000o\000\040\000d\000e\000\040\000e\000s\000p\000e\000c\000i\000a\000l\000i\000d\000a\000d\000\040\000\050\000a\000r\000t\000s\000.\000\040\0001\0004\0001\000,\000\040\0001\0005\0006\000\051}{chapter.22}% 203
\BOOKMARK [1][-]{section.22.4}{\376\377\000P\000a\000t\000r\000i\000m\000o\000n\000i\000o\000\040\000\050\000a\000r\000t\000s\000.\000\040\0001\0004\0003\000\040\000y\000\040\0001\0005\0004\000\051}{chapter.22}% 204
\BOOKMARK [1][-]{section.22.5}{\376\377\000C\000o\000m\000i\000e\000n\000z\000o\000\040\000d\000e\000\040\000l\000a\000\040\000e\000x\000i\000s\000t\000e\000n\000c\000i\000a\000\040\000\050\000a\000r\000t\000.\000\040\0001\0004\0002\000\051}{chapter.22}% 205
\BOOKMARK [1][-]{section.22.6}{\376\377\000E\000s\000t\000a\000t\000u\000t\000o\000s\000\040\000y\000\040\000g\000o\000b\000i\000e\000r\000n\000o\000\040\000\050\000a\000r\000t\000s\000.\000\040\0001\0005\0000\000,\000\040\0001\0005\0008\000,\000\040\0001\0005\0009\000,\000\040\0001\0006\0000\000\051}{chapter.22}% 206
\BOOKMARK [2][-]{subsection.22.6.1}{\376\377\000C\000o\000n\000t\000e\000n\000i\000d\000o\000\040\000d\000e\000l\000\040\000e\000s\000t\000a\000t\000u\000t\000o}{section.22.6}% 207
\BOOKMARK [2][-]{subsection.22.6.2}{\376\377\000D\000e\000b\000e\000r\000\040\000d\000e\000\040\000l\000e\000a\000l\000t\000a\000d\000\040\000y\000\040\000d\000i\000l\000i\000g\000e\000n\000c\000i\000a\000\040\000d\000e\000\040\000l\000o\000s\000\040\000a\000d\000m\000i\000n\000i\000s\000t\000r\000a\000d\000o\000r\000e\000s\000\040\000\050\000a\000r\000t\000.\000\040\0001\0005\0009\000\051}{section.22.6}% 208
\BOOKMARK [0][-]{chapter.23}{\376\377\000R\000e\000s\000p\000o\000n\000s\000a\000b\000i\000l\000i\000d\000a\000d\000\040\000c\000i\000v\000i\000l\000\040\000d\000e\000\040\000l\000a\000s\000\040\000p\000e\000r\000s\000o\000n\000a\000s\000\040\000j\000u\000r\000\355\000d\000i\000c\000a\000s}{part.3}% 209
\BOOKMARK [1][-]{section.23.1}{\376\377\000E\000v\000o\000l\000u\000c\000i\000\363\000n\000\040\000h\000i\000s\000t\000\363\000r\000i\000c\000a\000:\000\040\000d\000e\000l\000\040\000a\000r\000t\000\355\000c\000u\000l\000o\000\040\0004\0003\000\040\000d\000e\000\040\000V\000\351\000l\000e\000z\000\040\000a\000l\000\040\000n\000u\000e\000v\000o\000\040\000C\000\363\000d\000i\000g\000o}{chapter.23}% 210
\BOOKMARK [1][-]{section.23.2}{\376\377\000T\000r\000e\000s\000\040\000s\000u\000p\000u\000e\000s\000t\000o\000s\000\040\000d\000e\000\040\000r\000e\000s\000p\000o\000n\000s\000a\000b\000i\000l\000i\000d\000a\000d}{chapter.23}% 211
\BOOKMARK [2][-]{subsection.23.2.1}{\376\377\000R\000e\000s\000p\000o\000n\000s\000a\000b\000i\000l\000i\000d\000a\000d\000\040\000p\000o\000r\000\040\000a\000c\000t\000o\000s\000\040\000d\000e\000\040\000d\000i\000r\000e\000c\000t\000i\000v\000o\000s\000\040\000y\000\040\000a\000d\000m\000i\000n\000i\000s\000t\000r\000a\000d\000o\000r\000e\000s\000\040\000\050\000a\000r\000t\000.\000\040\0001\0007\0006\0003\000\051}{section.23.2}% 212
\BOOKMARK [2][-]{subsection.23.2.2}{\376\377\000R\000e\000s\000p\000o\000n\000s\000a\000b\000i\000l\000i\000d\000a\000d\000\040\000p\000o\000r\000\040\000c\000o\000s\000a\000s\000\040\000y\000\040\000a\000c\000t\000i\000v\000i\000d\000a\000d\000e\000s\000\040\000r\000i\000e\000s\000g\000o\000s\000a\000s\000\040\000\050\000a\000r\000t\000.\000\040\0001\0007\0005\0007\000\051}{section.23.2}% 213
\BOOKMARK [2][-]{subsection.23.2.3}{\376\377\000R\000e\000s\000p\000o\000n\000s\000a\000b\000i\000l\000i\000d\000a\000d\000\040\000p\000o\000r\000\040\000l\000o\000s\000\040\000d\000e\000p\000e\000n\000d\000i\000e\000n\000t\000e\000s\000\040\000\050\000a\000r\000t\000.\000\040\0001\0007\0005\0003\000\051}{section.23.2}% 214
\BOOKMARK [1][-]{section.23.3}{\376\377\000R\000e\000s\000p\000o\000n\000s\000a\000b\000i\000l\000i\000d\000a\000d\000\040\000d\000e\000\040\000l\000o\000s\000\040\000a\000d\000m\000i\000n\000i\000s\000t\000r\000a\000d\000o\000r\000e\000s\000\040\000\050\000a\000r\000t\000.\000\040\0001\0006\0000\000\051}{chapter.23}% 215
\BOOKMARK [0][-]{chapter.24}{\376\377\000F\000i\000n\000\040\000d\000e\000\040\000l\000a\000\040\000e\000x\000i\000s\000t\000e\000n\000c\000i\000a\000\040\000y\000\040\000f\000u\000n\000d\000a\000c\000i\000o\000n\000e\000s}{part.3}% 216
\BOOKMARK [1][-]{section.24.1}{\376\377\000C\000a\000u\000s\000a\000l\000e\000s\000\040\000d\000e\000\040\000d\000i\000s\000o\000l\000u\000c\000i\000\363\000n\000\040\000\050\000a\000r\000t\000.\000\040\0001\0006\0003\000\051}{chapter.24}% 217
\BOOKMARK [1][-]{section.24.2}{\376\377\000R\000e\000v\000o\000c\000a\000c\000i\000\363\000n\000\040\000e\000s\000t\000a\000t\000a\000l\000\040\040\024\000\040\000g\000a\000r\000a\000n\000t\000\355\000a\000s\000\040\000\050\000a\000r\000t\000.\000\040\0001\0006\0004\000\051}{chapter.24}% 218
\BOOKMARK [1][-]{section.24.3}{\376\377\000R\000e\000c\000o\000n\000d\000u\000c\000c\000i\000\363\000n\000\040\000y\000\040\000l\000i\000q\000u\000i\000d\000a\000c\000i\000\363\000n}{chapter.24}% 219
\BOOKMARK [1][-]{section.24.4}{\376\377\000L\000a\000s\000\040\000f\000u\000n\000d\000a\000c\000i\000o\000n\000e\000s\000\040\000\050\000a\000r\000t\000s\000.\000\040\0001\0009\0003\040\023\0002\0002\0004\000\051}{chapter.24}% 220
\BOOKMARK [2][-]{subsection.24.4.1}{\376\377\000P\000a\000t\000r\000i\000m\000o\000n\000i\000o\000\040\000i\000n\000i\000c\000i\000a\000l\000\040\000s\000u\000f\000i\000c\000i\000e\000n\000t\000e}{section.24.4}% 221
\BOOKMARK [2][-]{subsection.24.4.2}{\376\377\000\323\000r\000g\000a\000n\000o\000\040\000d\000e\000\040\000g\000o\000b\000i\000e\000r\000n\000o\000:\000\040\000C\000o\000n\000s\000e\000j\000o\000\040\000d\000e\000\040\000A\000d\000m\000i\000n\000i\000s\000t\000r\000a\000c\000i\000\363\000n}{section.24.4}% 222
\BOOKMARK [2][-]{subsection.24.4.3}{\376\377\000C\000o\000n\000t\000r\000o\000l\000\040\000e\000x\000t\000e\000r\000n\000o}{section.24.4}% 223
\BOOKMARK [2][-]{subsection.24.4.4}{\376\377\000I\000n\000m\000u\000t\000a\000b\000i\000l\000i\000d\000a\000d\000\040\000d\000e\000l\000\040\000o\000b\000j\000e\000t\000o\000\040\000\050\000a\000r\000t\000.\000\040\0002\0001\0006\000\051}{section.24.4}% 224
\BOOKMARK [0][-]{chapter.25}{\376\377\000A\000s\000o\000c\000i\000a\000c\000i\000o\000n\000e\000s\000\040\000c\000i\000v\000i\000l\000e\000s\000\040\000y\000\040\000s\000i\000m\000p\000l\000e\000s\000\040\000a\000s\000o\000c\000i\000a\000c\000i\000o\000n\000e\000s}{part.3}% 225
\BOOKMARK [1][-]{section.25.1}{\376\377\000A\000s\000o\000c\000i\000a\000c\000i\000o\000n\000e\000s\000\040\000c\000i\000v\000i\000l\000e\000s\000\040\000\050\000a\000r\000t\000s\000.\000\040\0001\0006\0008\040\023\0001\0008\0006\000\051}{chapter.25}% 226
\BOOKMARK [2][-]{subsection.25.1.1}{\376\377\000C\000o\000n\000c\000e\000p\000t\000o\000\040\000y\000\040\000o\000b\000j\000e\000t\000o}{section.25.1}% 227
\BOOKMARK [2][-]{subsection.25.1.2}{\376\377\000D\000i\000f\000e\000r\000e\000n\000c\000i\000a\000\040\000f\000u\000n\000d\000a\000m\000e\000n\000t\000a\000l\000\040\000c\000o\000n\000\040\000l\000a\000s\000\040\000s\000o\000c\000i\000e\000d\000a\000d\000e\000s}{section.25.1}% 228
\BOOKMARK [2][-]{subsection.25.1.3}{\376\377\000C\000o\000n\000s\000t\000i\000t\000u\000c\000i\000\363\000n\000\040\000y\000\040\000c\000o\000n\000t\000e\000n\000i\000d\000o\000\040\000d\000e\000l\000\040\000e\000s\000t\000a\000t\000u\000t\000o\000\040\000\050\000a\000r\000t\000.\000\040\0001\0007\0000\000\051}{section.25.1}% 229
\BOOKMARK [1][-]{section.25.2}{\376\377\000\323\000r\000g\000a\000n\000o\000s\000\040\000d\000e\000\040\000g\000o\000b\000i\000e\000r\000n\000o}{chapter.25}% 230
\BOOKMARK [2][-]{subsection.25.2.1}{\376\377\000C\000o\000m\000i\000s\000i\000\363\000n\000\040\000D\000i\000r\000e\000c\000t\000i\000v\000a\000\040\000\050\000a\000r\000t\000.\000\040\0001\0007\0001\000\051}{section.25.2}% 231
\BOOKMARK [2][-]{subsection.25.2.2}{\376\377\000A\000s\000a\000m\000b\000l\000e\000a}{section.25.2}% 232
\BOOKMARK [2][-]{subsection.25.2.3}{\376\377\000\323\000r\000g\000a\000n\000o\000\040\000d\000e\000\040\000f\000i\000s\000c\000a\000l\000i\000z\000a\000c\000i\000\363\000n}{section.25.2}% 233
\BOOKMARK [1][-]{section.25.3}{\376\377\000P\000o\000d\000e\000r\000\040\000d\000i\000s\000c\000i\000p\000l\000i\000n\000a\000r\000i\000o}{chapter.25}% 234
\BOOKMARK [2][-]{subsection.25.3.1}{\376\377\000P\000r\000i\000n\000c\000i\000p\000i\000o\000s\000\040\000q\000u\000e\000\040\000r\000i\000g\000e\000n\000\040\000e\000l\000\040\000p\000o\000d\000e\000r\000\040\000d\000i\000s\000c\000i\000p\000l\000i\000n\000a\000r\000i\000o}{section.25.3}% 235
\BOOKMARK [2][-]{subsection.25.3.2}{\376\377\000L\000\355\000m\000i\000t\000e\000s\000\040\000d\000e\000\040\000l\000a\000\040\000r\000e\000v\000i\000s\000i\000\363\000n\000\040\000j\000u\000d\000i\000c\000i\000a\000l}{section.25.3}% 236
\BOOKMARK [1][-]{section.25.4}{\376\377\000S\000i\000m\000p\000l\000e\000s\000\040\000a\000s\000o\000c\000i\000a\000c\000i\000o\000n\000e\000s\000\040\000\050\000a\000r\000t\000s\000.\000\040\0001\0008\0007\040\023\0001\0009\0002\000\051}{chapter.25}% 237
\BOOKMARK [2][-]{subsection.25.4.1}{\376\377\000D\000i\000f\000e\000r\000e\000n\000c\000i\000a\000s\000\040\000c\000o\000n\000\040\000l\000a\000s\000\040\000a\000s\000o\000c\000i\000a\000c\000i\000o\000n\000e\000s\000\040\000c\000i\000v\000i\000l\000e\000s}{section.25.4}% 238
\BOOKMARK [2][-]{subsection.25.4.2}{\376\377\000R\000e\000s\000p\000o\000n\000s\000a\000b\000i\000l\000i\000d\000a\000d\000\040\000e\000n\000\040\000l\000a\000s\000\040\000s\000i\000m\000p\000l\000e\000s\000\040\000a\000s\000o\000c\000i\000a\000c\000i\000o\000n\000e\000s\000\040\000\050\000a\000r\000t\000.\000\040\0001\0009\0001\000\051}{section.25.4}% 239
\BOOKMARK [1][-]{section.25.5}{\376\377\000C\000u\000a\000d\000r\000o\000\040\000C\000o\000r\000n\000e\000l\000l\000\040\000d\000e\000\040\000r\000e\000p\000a\000s\000o\000\040\000g\000e\000n\000e\000r\000a\000l}{chapter.25}% 240
\BOOKMARK [-1][-]{part.4}{\376\377\000I\000V\000\040\000E\000l\000\040\000o\000b\000j\000e\000t\000o\000\040\000d\000e\000\040\000l\000a\000\040\000r\000e\000l\000a\000c\000i\000\363\000n\000\040\000j\000u\000r\000\355\000d\000i\000c\000a\000:\000\040\000p\000a\000t\000r\000i\000m\000o\000n\000i\000o\000,\000\040\000d\000e\000r\000e\000c\000h\000o\000s\000\040\000y\000\040\000b\000i\000e\000n\000e\000s}{}% 241
\BOOKMARK [0][-]{chapter.26}{\376\377\000E\000l\000\040\000p\000a\000t\000r\000i\000m\000o\000n\000i\000o}{part.4}% 242
\BOOKMARK [1][-]{section.26.1}{\376\377\000P\000l\000a\000n\000t\000e\000o\000\040\000g\000e\000n\000e\000r\000a\000l}{chapter.26}% 243
\BOOKMARK [1][-]{section.26.2}{\376\377\000E\000l\000\040\000p\000a\000t\000r\000i\000m\000o\000n\000i\000o\000\040\000c\000o\000m\000o\000\040\000a\000t\000r\000i\000b\000u\000t\000o\000\040\000d\000e\000\040\000l\000a\000\040\000p\000e\000r\000s\000o\000n\000a\000l\000i\000d\000a\000d}{chapter.26}% 244
\BOOKMARK [1][-]{section.26.3}{\376\377\000E\000l\000\040\000p\000a\000t\000r\000i\000m\000o\000n\000i\000o\000\040\000c\000o\000m\000o\000\040\000g\000a\000r\000a\000n\000t\000\355\000a\000\040\000c\000o\000m\000\372\000n\000\040\000d\000e\000\040\000l\000o\000s\000\040\000a\000c\000r\000e\000e\000d\000o\000r\000e\000s}{chapter.26}% 245
\BOOKMARK [1][-]{section.26.4}{\376\377\000E\000l\000\040\000p\000a\000t\000r\000i\000m\000o\000n\000i\000o\000\040\000c\000o\000m\000o\000\040\000u\000n\000i\000v\000e\000r\000s\000a\000l\000i\000d\000a\000d\000\040\000d\000e\000\040\000d\000e\000r\000e\000c\000h\000o}{chapter.26}% 246
\BOOKMARK [2][-]{subsection.26.4.1}{\376\377\000L\000o\000s\000\040\000p\000a\000t\000r\000i\000m\000o\000n\000i\000o\000s\000\040\000e\000s\000p\000e\000c\000i\000a\000l\000e\000s}{section.26.4}% 247
\BOOKMARK [1][-]{section.26.5}{\376\377\000C\000u\000a\000d\000r\000o\000\040\000C\000o\000r\000n\000e\000l\000l\000:\000\040\000E\000l\000\040\000p\000a\000t\000r\000i\000m\000o\000n\000i\000o}{chapter.26}% 248
\BOOKMARK [0][-]{chapter.27}{\376\377\000C\000l\000a\000s\000i\000f\000i\000c\000a\000c\000i\000\363\000n\000\040\000d\000e\000\040\000l\000o\000s\000\040\000d\000e\000r\000e\000c\000h\000o\000s}{part.4}% 249
\BOOKMARK [1][-]{section.27.1}{\376\377\000D\000e\000r\000e\000c\000h\000o\000s\000\040\000p\000a\000t\000r\000i\000m\000o\000n\000i\000a\000l\000e\000s\000\040\000y\000\040\000e\000x\000t\000r\000a\000p\000a\000t\000r\000i\000m\000o\000n\000i\000a\000l\000e\000s}{chapter.27}% 250
\BOOKMARK [1][-]{section.27.2}{\376\377\000L\000o\000s\000\040\000d\000e\000r\000e\000c\000h\000o\000s\000\040\000r\000e\000a\000l\000e\000s}{chapter.27}% 251
\BOOKMARK [1][-]{section.27.3}{\376\377\000L\000o\000s\000\040\000d\000e\000r\000e\000c\000h\000o\000s\000\040\000p\000e\000r\000s\000o\000n\000a\000l\000e\000s}{chapter.27}% 252
\BOOKMARK [1][-]{section.27.4}{\376\377\000L\000o\000s\000\040\000d\000e\000r\000e\000c\000h\000o\000s\000\040\000i\000n\000t\000e\000l\000e\000c\000t\000u\000a\000l\000e\000s}{chapter.27}% 253
\BOOKMARK [1][-]{section.27.5}{\376\377\000C\000u\000a\000d\000r\000o\000\040\000C\000o\000r\000n\000e\000l\000l\000:\000\040\000C\000l\000a\000s\000i\000f\000i\000c\000a\000c\000i\000\363\000n\000\040\000d\000e\000\040\000l\000o\000s\000\040\000d\000e\000r\000e\000c\000h\000o\000s}{chapter.27}% 254
\BOOKMARK [0][-]{chapter.28}{\376\377\000B\000i\000e\000n\000e\000s\000\040\000y\000\040\000c\000o\000s\000a\000s}{part.4}% 255
\BOOKMARK [1][-]{section.28.1}{\376\377\000D\000i\000s\000t\000i\000n\000c\000i\000\363\000n\000\040\000e\000n\000t\000r\000e\000\040\000b\000i\000e\000n\000e\000s\000\040\000y\000\040\000c\000o\000s\000a\000s}{chapter.28}% 256
\BOOKMARK [1][-]{section.28.2}{\376\377\000M\000u\000e\000b\000l\000e\000s\000\040\000e\000\040\000i\000n\000m\000u\000e\000b\000l\000e\000s}{chapter.28}% 257
\BOOKMARK [2][-]{subsection.28.2.1}{\376\377\000I\000n\000m\000u\000e\000b\000l\000e\000s}{section.28.2}% 258
\BOOKMARK [2][-]{subsection.28.2.2}{\376\377\000C\000o\000s\000a\000s\000\040\000m\000u\000e\000b\000l\000e\000s}{section.28.2}% 259
\BOOKMARK [2][-]{subsection.28.2.3}{\376\377\000I\000m\000p\000o\000r\000t\000a\000n\000c\000i\000a\000\040\000p\000r\000\341\000c\000t\000i\000c\000a\000\040\000d\000e\000\040\000l\000a\000\040\000d\000i\000s\000t\000i\000n\000c\000i\000\363\000n\000\040\000e\000n\000t\000r\000e\000\040\000m\000u\000e\000b\000l\000e\000s\000\040\000e\000\040\000i\000n\000m\000u\000e\000b\000l\000e\000s}{section.28.2}% 260
\BOOKMARK [1][-]{section.28.3}{\376\377\000C\000o\000s\000a\000s\000\040\000d\000i\000v\000i\000s\000i\000b\000l\000e\000s\000\040\000e\000\040\000i\000n\000d\000i\000v\000i\000s\000i\000b\000l\000e\000s}{chapter.28}% 261
\BOOKMARK [1][-]{section.28.4}{\376\377\000C\000o\000s\000a\000s\000\040\000p\000r\000i\000n\000c\000i\000p\000a\000l\000e\000s\000\040\000y\000\040\000a\000c\000c\000e\000s\000o\000r\000i\000a\000s}{chapter.28}% 262
\BOOKMARK [1][-]{section.28.5}{\376\377\000C\000o\000s\000a\000s\000\040\000c\000o\000n\000s\000u\000m\000i\000b\000l\000e\000s\000\040\000y\000\040\000n\000o\000\040\000c\000o\000n\000s\000u\000m\000i\000b\000l\000e\000s\000;\000\040\000f\000u\000n\000g\000i\000b\000l\000e\000s\000\040\000y\000\040\000n\000o\000\040\000f\000u\000n\000g\000i\000b\000l\000e\000s}{chapter.28}% 263
\BOOKMARK [1][-]{section.28.6}{\376\377\000F\000r\000u\000t\000o\000s\000\040\000y\000\040\000p\000r\000o\000d\000u\000c\000t\000o\000s}{chapter.28}% 264
\BOOKMARK [1][-]{section.28.7}{\376\377\000B\000i\000e\000n\000e\000s\000\040\000s\000e\000g\000\372\000n\000\040\000l\000a\000s\000\040\000p\000e\000r\000s\000o\000n\000a\000s}{chapter.28}% 265
\BOOKMARK [2][-]{subsection.28.7.1}{\376\377\000B\000i\000e\000n\000e\000s\000\040\000d\000e\000\040\000i\000n\000c\000i\000d\000e\000n\000c\000i\000a\000\040\000c\000o\000l\000e\000c\000t\000i\000v\000a}{section.28.7}% 266
\BOOKMARK [1][-]{section.28.8}{\376\377\000C\000u\000a\000d\000r\000o\000\040\000C\000o\000r\000n\000e\000l\000l\000:\000\040\000B\000i\000e\000n\000e\000s\000\040\000y\000\040\000c\000o\000s\000a\000s}{chapter.28}% 267
\BOOKMARK [0][-]{chapter.29}{\376\377\000G\000a\000r\000a\000n\000t\000\355\000a\000\040\000p\000a\000t\000r\000i\000m\000o\000n\000i\000a\000l\000,\000\040\000a\000c\000r\000e\000e\000d\000o\000r\000e\000s\000\040\000y\000\040\000a\000c\000c\000i\000o\000n\000e\000s}{part.4}% 268
\BOOKMARK [1][-]{section.29.1}{\376\377\000E\000l\000\040\000p\000a\000t\000r\000i\000m\000o\000n\000i\000o\000\040\000c\000o\000m\000o\000\040\000g\000a\000r\000a\000n\000t\000\355\000a\000:\000\040\000r\000e\000p\000a\000s\000o\000\040\000y\000\040\000p\000r\000o\000f\000u\000n\000d\000i\000z\000a\000c\000i\000\363\000n}{chapter.29}% 269
\BOOKMARK [1][-]{section.29.2}{\376\377\000T\000i\000p\000o\000s\000\040\000d\000e\000\040\000a\000c\000r\000e\000e\000d\000o\000r\000e\000s\000\040\000y\000\040\000p\000r\000e\000f\000e\000r\000e\000n\000c\000i\000a\000s\000\040\000d\000e\000\040\000c\000o\000b\000r\000o}{chapter.29}% 270
\BOOKMARK [1][-]{section.29.3}{\376\377\000B\000i\000e\000n\000e\000s\000\040\000i\000n\000e\000m\000b\000a\000r\000g\000a\000b\000l\000e\000s\000\040\000\050\000A\000r\000t\000.\000\040\0007\0004\0004\000\040\000C\000C\000C\000N\000\051}{chapter.29}% 271
\BOOKMARK [1][-]{section.29.4}{\376\377\000L\000a\000\040\000p\000r\000o\000t\000e\000c\000c\000i\000\363\000n\000\040\000d\000e\000\040\000l\000a\000\040\000v\000i\000v\000i\000e\000n\000d\000a\000\040\000\050\000A\000r\000t\000s\000.\000\040\0002\0004\0004\000\040\000y\000\040\000s\000s\000.\000\040\000C\000C\000C\000N\000\051}{chapter.29}% 272
\BOOKMARK [1][-]{section.29.5}{\376\377\000A\000c\000c\000i\000o\000n\000e\000s\000\040\000d\000e\000\040\000l\000o\000s\000\040\000a\000c\000r\000e\000e\000d\000o\000r\000e\000s}{chapter.29}% 273
\BOOKMARK [2][-]{subsection.29.5.1}{\376\377\000M\000e\000d\000i\000d\000a\000s\000\040\000p\000r\000e\000v\000e\000n\000t\000i\000v\000a\000s}{section.29.5}% 274
\BOOKMARK [2][-]{subsection.29.5.2}{\376\377\000A\000c\000c\000i\000\363\000n\000\040\000d\000i\000r\000e\000c\000t\000a\000\040\000\050\000A\000r\000t\000s\000.\000\040\0007\0003\0006\000\040\000y\000\040\0007\0003\0007\000\040\000C\000C\000C\000N\000\051}{section.29.5}% 275
\BOOKMARK [2][-]{subsection.29.5.3}{\376\377\000A\000c\000c\000i\000\363\000n\000\040\000s\000u\000b\000r\000o\000g\000a\000t\000o\000r\000i\000a\000\040\000\050\000A\000r\000t\000s\000.\000\040\0007\0003\0009\000\040\000y\000\040\0007\0004\0000\000\040\000C\000C\000C\000N\000\051}{section.29.5}% 276
\BOOKMARK [2][-]{subsection.29.5.4}{\376\377\000A\000c\000c\000i\000\363\000n\000\040\000d\000e\000\040\000s\000i\000m\000u\000l\000a\000c\000i\000\363\000n\000\040\000y\000\040\000a\000c\000c\000i\000\363\000n\000\040\000r\000e\000v\000o\000c\000a\000t\000o\000r\000i\000a\000\040\000\050\000i\000n\000o\000p\000o\000n\000i\000b\000i\000l\000i\000d\000a\000d\000\051}{section.29.5}% 277
\BOOKMARK [1][-]{section.29.6}{\376\377\000C\000u\000a\000d\000r\000o\000\040\000C\000o\000r\000n\000e\000l\000l\000:\000\040\000G\000a\000r\000a\000n\000t\000\355\000a\000,\000\040\000a\000c\000r\000e\000e\000d\000o\000r\000e\000s\000\040\000y\000\040\000a\000c\000c\000i\000o\000n\000e\000s}{chapter.29}% 278
\BOOKMARK [1][-]{section.29.7}{\376\377\000S\000\355\000n\000t\000e\000s\000i\000s\000\040\000d\000e\000\040\000l\000a\000\040\000p\000a\000r\000t\000e}{chapter.29}% 279
\BOOKMARK [2][-]{subsection.29.7.1}{\376\377\000R\000e\000c\000o\000r\000r\000i\000d\000o\000\040\000d\000e\000\040\000l\000a\000\040\000p\000a\000r\000t\000e}{section.29.7}% 280
\BOOKMARK [2][-]{subsection.29.7.2}{\376\377\000S\000\355\000n\000t\000e\000s\000i\000s\000\040\000f\000i\000n\000a\000l}{section.29.7}% 281
\BOOKMARK [-1][-]{part.5}{\376\377\000V\000\040\000L\000a\000\040\000c\000a\000u\000s\000a\000\040\000d\000e\000\040\000l\000a\000\040\000r\000e\000l\000a\000c\000i\000\363\000n\000\040\000j\000u\000r\000\355\000d\000i\000c\000a\000:\000\040\000h\000e\000c\000h\000o\000s\000\040\000y\000\040\000a\000c\000t\000o\000s\000\040\000j\000u\000r\000\355\000d\000i\000c\000o\000s}{}% 282
\BOOKMARK [0][-]{chapter.30}{\376\377\000F\000u\000n\000d\000a\000m\000e\000n\000t\000o\000s\000\040\000d\000e\000\040\000l\000o\000s\000\040\000H\000e\000c\000h\000o\000s\000\040\000y\000\040\000A\000c\000t\000o\000s\000\040\000J\000u\000r\000\355\000d\000i\000c\000o\000s}{part.5}% 283
\BOOKMARK [1][-]{section.30.1}{\376\377\000I\000n\000t\000r\000o\000d\000u\000c\000c\000i\000\363\000n\000:\000\040\000l\000a\000\040\000c\000a\000u\000s\000a\000\040\000c\000o\000m\000o\000\040\000t\000e\000r\000c\000e\000r\000\040\000e\000l\000e\000m\000e\000n\000t\000o\000\040\000d\000e\000\040\000l\000a\000\040\000r\000e\000l\000a\000c\000i\000\363\000n\000\040\000j\000u\000r\000\355\000d\000i\000c\000a}{chapter.30}% 284
\BOOKMARK [1][-]{section.30.2}{\376\377\000U\000b\000i\000c\000a\000c\000i\000\363\000n\000\040\000m\000e\000t\000o\000d\000o\000l\000\363\000g\000i\000c\000a\000\040\000e\000n\000\040\000e\000l\000\040\000C\000\363\000d\000i\000g\000o\000\040\000C\000i\000v\000i\000l\000\040\000y\000\040\000C\000o\000m\000e\000r\000c\000i\000a\000l}{chapter.30}% 285
\BOOKMARK [1][-]{section.30.3}{\376\377\000D\000e\000f\000i\000n\000i\000c\000i\000\363\000n\000\040\000d\000e\000\040\000h\000e\000c\000h\000o\000\040\000j\000u\000r\000\355\000d\000i\000c\000o\000\040\000e\000n\000\040\000e\000l\000\040\000C\000C\000C\000N}{chapter.30}% 286
\BOOKMARK [1][-]{section.30.4}{\376\377\000C\000l\000a\000s\000i\000f\000i\000c\000a\000c\000i\000\363\000n\000\040\000g\000e\000n\000e\000r\000a\000l\000\040\000d\000e\000\040\000l\000o\000s\000\040\000h\000e\000c\000h\000o\000s\000\040\000j\000u\000r\000\355\000d\000i\000c\000o\000s}{chapter.30}% 287
\BOOKMARK [1][-]{section.30.5}{\376\377\000H\000e\000c\000h\000o\000s\000\040\000v\000o\000l\000u\000n\000t\000a\000r\000i\000o\000s\000\040\000e\000\040\000i\000n\000v\000o\000l\000u\000n\000t\000a\000r\000i\000o\000s\000:\000\040\000i\000m\000p\000o\000r\000t\000a\000n\000c\000i\000a\000\040\000d\000e\000\040\000l\000a\000\040\000d\000i\000s\000t\000i\000n\000c\000i\000\363\000n}{chapter.30}% 288
\BOOKMARK [1][-]{section.30.6}{\376\377\000A\000c\000t\000o\000s\000\040\000i\000l\000\355\000c\000i\000t\000o\000s\000:\000\040\000d\000o\000l\000o\000\040\000y\000\040\000c\000u\000l\000p\000a}{chapter.30}% 289
\BOOKMARK [1][-]{section.30.7}{\376\377\000A\000c\000t\000o\000s\000\040\000l\000\355\000c\000i\000t\000o\000s\000:\000\040\000s\000i\000m\000p\000l\000e\000s\000\040\000a\000c\000t\000o\000s\000\040\000l\000\355\000c\000i\000t\000o\000s\000\040\000y\000\040\000a\000c\000t\000o\000s\000\040\000j\000u\000r\000\355\000d\000i\000c\000o\000s}{chapter.30}% 290
\BOOKMARK [0][-]{chapter.31}{\376\377\000T\000e\000o\000r\000\355\000a\000\040\000d\000e\000l\000\040\000A\000c\000t\000o\000\040\000V\000o\000l\000u\000n\000t\000a\000r\000i\000o}{part.5}% 291
\BOOKMARK [1][-]{section.31.1}{\376\377\000L\000a\000s\000\040\000c\000o\000n\000d\000i\000c\000i\000o\000n\000e\000s\000\040\000d\000e\000l\000\040\000a\000c\000t\000o\000\040\000v\000o\000l\000u\000n\000t\000a\000r\000i\000o}{chapter.31}% 292
\BOOKMARK [1][-]{section.31.2}{\376\377\000E\000l\000\040\000d\000i\000s\000c\000e\000r\000n\000i\000m\000i\000e\000n\000t\000o}{chapter.31}% 293
\BOOKMARK [1][-]{section.31.3}{\376\377\000L\000a\000\040\000i\000n\000t\000e\000n\000c\000i\000\363\000n\000\040\000y\000\040\000s\000u\000s\000\040\000v\000i\000c\000i\000o\000s\000:\000\040\000e\000r\000r\000o\000r\000\040\000y\000\040\000d\000o\000l\000o}{chapter.31}% 294
\BOOKMARK [1][-]{section.31.4}{\376\377\000L\000a\000\040\000l\000i\000b\000e\000r\000t\000a\000d\000\040\000y\000\040\000e\000l\000\040\000v\000i\000c\000i\000o\000\040\000d\000e\000\040\000v\000i\000o\000l\000e\000n\000c\000i\000a}{chapter.31}% 295
\BOOKMARK [1][-]{section.31.5}{\376\377\000L\000a\000\040\000e\000x\000t\000e\000r\000i\000o\000r\000i\000z\000a\000c\000i\000\363\000n\000\040\000d\000e\000\040\000l\000a\000\040\000v\000o\000l\000u\000n\000t\000a\000d}{chapter.31}% 296
\BOOKMARK [1][-]{section.31.6}{\376\377\000E\000l\000\040\000s\000i\000l\000e\000n\000c\000i\000o\000\040\000c\000o\000m\000o\000\040\000\050\000n\000o\000\051\000\040\000m\000a\000n\000i\000f\000e\000s\000t\000a\000c\000i\000\363\000n\000\040\000d\000e\000\040\000v\000o\000l\000u\000n\000t\000a\000d}{chapter.31}% 297
\BOOKMARK [0][-]{chapter.32}{\376\377\000I\000m\000p\000u\000t\000a\000b\000i\000l\000i\000d\000a\000d\000\040\000d\000e\000\040\000l\000o\000s\000\040\000A\000c\000t\000o\000s\000\040\000V\000o\000l\000u\000n\000t\000a\000r\000i\000o\000s}{part.5}% 298
\BOOKMARK [1][-]{section.32.1}{\376\377\000E\000l\000\040\000d\000e\000b\000e\000r\000\040\000d\000e\000\040\000r\000e\000p\000a\000r\000a\000r\000:\000\040\000f\000u\000n\000d\000a\000m\000e\000n\000t\000o\000\040\000y\000\040\000p\000r\000e\000s\000u\000p\000u\000e\000s\000t\000o\000s}{chapter.32}% 299
\BOOKMARK [1][-]{section.32.2}{\376\377\000T\000i\000p\000o\000s\000\040\000d\000e\000\040\000c\000o\000n\000s\000e\000c\000u\000e\000n\000c\000i\000a\000s\000:\000\040\000i\000n\000m\000e\000d\000i\000a\000t\000a\000s\000,\000\040\000m\000e\000d\000i\000a\000t\000a\000s\000\040\000y\000\040\000c\000a\000s\000u\000a\000l\000e\000s}{chapter.32}% 300
\BOOKMARK [1][-]{section.32.3}{\376\377\000E\000l\000\040\000c\000r\000i\000t\000e\000r\000i\000o\000\040\000d\000e\000\040\000p\000r\000e\000v\000i\000s\000i\000b\000i\000l\000i\000d\000a\000d\000\040\000y\000\040\000l\000a\000\040\000g\000r\000a\000d\000u\000a\000c\000i\000\363\000n\000\040\000d\000e\000\040\000l\000a\000\040\000r\000e\000s\000p\000o\000n\000s\000a\000b\000i\000l\000i\000d\000a\000d}{chapter.32}% 301
\BOOKMARK [1][-]{section.32.4}{\376\377\000E\000l\000\040\000c\000a\000s\000o\000\040\000f\000o\000r\000t\000u\000i\000t\000o\000\040\000y\000\040\000l\000a\000\040\000f\000u\000e\000r\000z\000a\000\040\000m\000a\000y\000o\000r\000\040\000c\000o\000m\000o\000\040\000e\000x\000i\000m\000e\000n\000t\000e\000s}{chapter.32}% 302
\BOOKMARK [0][-]{chapter.33}{\376\377\000R\000e\000s\000p\000o\000n\000s\000a\000b\000i\000l\000i\000d\000a\000d\000\040\000p\000o\000r\000\040\000A\000c\000t\000o\000s\000\040\000I\000n\000v\000o\000l\000u\000n\000t\000a\000r\000i\000o\000s}{part.5}% 303
\BOOKMARK [1][-]{section.33.1}{\376\377\000R\000e\000g\000l\000a\000\040\000g\000e\000n\000e\000r\000a\000l\000:\000\040\000n\000o\000\040\000r\000e\000s\000p\000o\000n\000s\000a\000b\000i\000l\000i\000d\000a\000d\000\040\000p\000o\000r\000\040\000a\000c\000t\000o\000s\000\040\000i\000n\000v\000o\000l\000u\000n\000t\000a\000r\000i\000o\000s}{chapter.33}% 304
\BOOKMARK [1][-]{section.33.2}{\376\377\000L\000a\000\040\000e\000v\000o\000l\000u\000c\000i\000\363\000n\000:\000\040\000e\000l\000\040\000p\000r\000i\000n\000c\000i\000p\000i\000o\000\040\000d\000e\000\040\000e\000q\000u\000i\000d\000a\000d}{chapter.33}% 305
\BOOKMARK [1][-]{section.33.3}{\376\377\000E\000l\000\040\000a\000r\000t\000\355\000c\000u\000l\000o\000\040\0001\0007\0005\0000\000\040\000d\000e\000l\000\040\000C\000C\000C\000N\000:\000\040\000r\000\351\000g\000i\000m\000e\000n\000\040\000v\000i\000g\000e\000n\000t\000e}{chapter.33}% 306
\BOOKMARK [1][-]{section.33.4}{\376\377\000C\000r\000i\000t\000e\000r\000i\000o\000s\000\040\000d\000e\000\040\000l\000a\000\040\000e\000q\000u\000i\000d\000a\000d\000\040\000p\000a\000r\000a\000\040\000l\000a\000\040\000a\000t\000e\000n\000u\000a\000c\000i\000\363\000n\000\040\000\050\000A\000r\000t\000.\000\040\0001\0007\0004\0002\000\040\000C\000C\000C\000N\000\051}{chapter.33}% 307
\BOOKMARK [1][-]{section.33.5}{\376\377\000C\000u\000a\000d\000r\000o\000\040\000C\000o\000r\000n\000e\000l\000l\000\040\000d\000e\000\040\000R\000e\000p\000a\000s\000o\000\040\000G\000e\000n\000e\000r\000a\000l}{chapter.33}% 308
\BOOKMARK [0][-]{chapter.34}{\376\377\000E\000l\000\040\000a\000c\000t\000o\000\040\000j\000u\000r\000\355\000d\000i\000c\000o}{part.5}% 309
\BOOKMARK [1][-]{section.34.1}{\376\377\000A\000c\000t\000o\000\040\000j\000u\000r\000\355\000d\000i\000c\000o\000\040\000y\000\040\000c\000o\000n\000t\000r\000a\000t\000o\000:\000\040\000a\000l\000c\000a\000n\000c\000e\000\040\000d\000e\000\040\000l\000a\000\040\000t\000e\000o\000r\000\355\000a\000\040\000g\000e\000n\000e\000r\000a\000l}{chapter.34}% 310
\BOOKMARK [1][-]{section.34.2}{\376\377\000D\000e\000f\000i\000n\000i\000c\000i\000\363\000n\000\040\000y\000\040\000c\000a\000r\000a\000c\000t\000e\000r\000\355\000s\000t\000i\000c\000a\000s\000\040\000d\000e\000l\000\040\000a\000c\000t\000o\000\040\000j\000u\000r\000\355\000d\000i\000c\000o}{chapter.34}% 311
\BOOKMARK [1][-]{section.34.3}{\376\377\000A\000c\000t\000o\000\040\000j\000u\000r\000\355\000d\000i\000c\000o\000\040\000f\000r\000e\000n\000t\000e\000\040\000a\000l\000\040\000s\000i\000m\000p\000l\000e\000\040\000a\000c\000t\000o\000\040\000l\000\355\000c\000i\000t\000o}{chapter.34}% 312
\BOOKMARK [1][-]{section.34.4}{\376\377\000L\000o\000s\000\040\000e\000l\000e\000m\000e\000n\000t\000o\000s\000\040\000d\000e\000l\000\040\000a\000c\000t\000o\000\040\000j\000u\000r\000\355\000d\000i\000c\000o}{chapter.34}% 313
\BOOKMARK [0][-]{chapter.35}{\376\377\000E\000l\000\040\000o\000b\000j\000e\000t\000o\000\040\000d\000e\000l\000\040\000a\000c\000t\000o\000\040\000j\000u\000r\000\355\000d\000i\000c\000o}{part.5}% 314
\BOOKMARK [1][-]{section.35.1}{\376\377\000F\000u\000n\000d\000a\000m\000e\000n\000t\000o\000\040\000n\000o\000r\000m\000a\000t\000i\000v\000o}{chapter.35}% 315
\BOOKMARK [1][-]{section.35.2}{\376\377\000C\000o\000n\000t\000e\000n\000i\000d\000o\000\040\000m\000o\000r\000a\000l\000\040\000y\000\040\000l\000\355\000m\000i\000t\000e\000\040\000d\000e\000\040\000l\000a\000\040\000a\000u\000t\000o\000n\000o\000m\000\355\000a\000\040\000d\000e\000\040\000l\000a\000\040\000v\000o\000l\000u\000n\000t\000a\000d}{chapter.35}% 316
\BOOKMARK [1][-]{section.35.3}{\376\377\000R\000e\000q\000u\000i\000s\000i\000t\000o\000s\000\040\000d\000e\000l\000\040\000o\000b\000j\000e\000t\000o}{chapter.35}% 317
\BOOKMARK [2][-]{subsection.35.3.1}{\376\377\000L\000o\000s\000\040\000h\000e\000c\000h\000o\000s\000\040\000c\000o\000m\000o\000\040\000o\000b\000j\000e\000t\000o\000\040\000d\000e\000l\000\040\000a\000c\000t\000o}{section.35.3}% 318
\BOOKMARK [2][-]{subsection.35.3.2}{\376\377\000L\000o\000s\000\040\000b\000i\000e\000n\000e\000s\000\040\000c\000o\000m\000o\000\040\000o\000b\000j\000e\000t\000o\000\040\000d\000e\000l\000\040\000a\000c\000t\000o}{section.35.3}% 319
\BOOKMARK [1][-]{section.35.4}{\376\377\000O\000b\000j\000e\000t\000o\000\040\000i\000l\000\355\000c\000i\000t\000o\000:\000\040\000e\000l\000\040\000c\000a\000s\000o\000\040\000d\000e\000\040\000l\000a\000\040\000v\000e\000n\000t\000a\000\040\000d\000e\000\040\000i\000n\000f\000l\000u\000e\000n\000c\000i\000a\000s}{chapter.35}% 320
\BOOKMARK [0][-]{chapter.36}{\376\377\000L\000a\000\040\000c\000a\000u\000s\000a\000\040\000d\000e\000l\000\040\000a\000c\000t\000o\000\040\000j\000u\000r\000\355\000d\000i\000c\000o}{part.5}% 321
\BOOKMARK [1][-]{section.36.1}{\376\377\000C\000a\000u\000s\000a\000\040\000f\000u\000e\000n\000t\000e\000\040\000y\000\040\000c\000a\000u\000s\000a\000\040\000f\000i\000n}{chapter.36}% 322
\BOOKMARK [1][-]{section.36.2}{\376\377\000E\000v\000o\000l\000u\000c\000i\000\363\000n\000\040\000h\000i\000s\000t\000\363\000r\000i\000c\000a\000\040\000d\000e\000\040\000l\000a\000\040\000t\000e\000o\000r\000\355\000a\000\040\000d\000e\000\040\000l\000a\000\040\000c\000a\000u\000s\000a}{chapter.36}% 323
\BOOKMARK [2][-]{subsection.36.2.1}{\376\377\000T\000e\000o\000r\000\355\000a\000\040\000c\000a\000u\000s\000a\000l\000i\000s\000t\000a}{section.36.2}% 324
\BOOKMARK [2][-]{subsection.36.2.2}{\376\377\000C\000r\000\355\000t\000i\000c\000a\000\040\000a\000n\000t\000i\000c\000a\000u\000s\000a\000l\000i\000s\000t\000a}{section.36.2}% 325
\BOOKMARK [2][-]{subsection.36.2.3}{\376\377\000T\000e\000o\000r\000\355\000a\000\040\000m\000o\000d\000e\000r\000n\000a\000\040\000d\000e\000\040\000l\000a\000\040\000c\000a\000u\000s\000a}{section.36.2}% 326
\BOOKMARK [1][-]{section.36.3}{\376\377\000L\000a\000\040\000c\000a\000u\000s\000a\000\040\000e\000n\000\040\000e\000l\000\040\000C\000\363\000d\000i\000g\000o\000\040\000d\000e\000\040\000V\000\351\000l\000e\000z}{chapter.36}% 327
\BOOKMARK [1][-]{section.36.4}{\376\377\000L\000a\000\040\000c\000a\000u\000s\000a\000\040\000e\000n\000\040\000e\000l\000\040\000C\000\363\000d\000i\000g\000o\000\040\000C\000i\000v\000i\000l\000\040\000y\000\040\000C\000o\000m\000e\000r\000c\000i\000a\000l}{chapter.36}% 328
\BOOKMARK [2][-]{subsection.36.4.1}{\376\377\000D\000i\000m\000e\000n\000s\000i\000o\000n\000e\000s\000\040\000o\000b\000j\000e\000t\000i\000v\000a\000\040\000y\000\040\000s\000u\000b\000j\000e\000t\000i\000v\000a\000\040\000d\000e\000\040\000l\000a\000\040\000c\000a\000u\000s\000a}{section.36.4}% 329
\BOOKMARK [2][-]{subsection.36.4.2}{\376\377\000S\000\355\000n\000t\000e\000s\000i\000s\000\040\000d\000e\000\040\000l\000a\000s\000\040\000c\000a\000r\000a\000c\000t\000e\000r\000\355\000s\000t\000i\000c\000a\000s\000\040\000d\000e\000\040\000l\000a\000\040\000c\000a\000u\000s\000a}{section.36.4}% 330
\BOOKMARK [1][-]{section.36.5}{\376\377\000R\000\351\000g\000i\000m\000e\000n\000\040\000d\000e\000\040\000l\000a\000\040\000c\000a\000u\000s\000a}{chapter.36}% 331
\BOOKMARK [1][-]{section.36.6}{\376\377\000A\000c\000t\000o\000s\000\040\000a\000b\000s\000t\000r\000a\000c\000t\000o\000s}{chapter.36}% 332
\BOOKMARK [1][-]{section.36.7}{\376\377\000R\000e\000p\000a\000s\000o\000\040\000m\000e\000d\000i\000a\000n\000t\000e\000\040\000e\000l\000\040\000m\000\351\000t\000o\000d\000o\000\040\000C\000o\000r\000n\000e\000l\000l}{chapter.36}% 333
\BOOKMARK [0][-]{chapter.37}{\376\377\000L\000a\000\040\000f\000o\000r\000m\000a\000\040\000d\000e\000l\000\040\000a\000c\000t\000o\000\040\000j\000u\000r\000\355\000d\000i\000c\000o}{part.5}% 334
\BOOKMARK [1][-]{section.37.1}{\376\377\000C\000o\000n\000c\000e\000p\000t\000o\000\040\000d\000e\000\040\000f\000o\000r\000m\000a}{chapter.37}% 335
\BOOKMARK [1][-]{section.37.2}{\376\377\000R\000e\000g\000u\000l\000a\000c\000i\000\363\000n\000\040\000e\000n\000\040\000e\000l\000\040\000C\000\363\000d\000i\000g\000o\000\040\000C\000i\000v\000i\000l\000\040\000y\000\040\000C\000o\000m\000e\000r\000c\000i\000a\000l}{chapter.37}% 336
\BOOKMARK [1][-]{section.37.3}{\376\377\000E\000l\000\040\000f\000o\000r\000m\000a\000l\000i\000s\000m\000o\000\040\000e\000n\000\040\000e\000l\000\040\000d\000e\000r\000e\000c\000h\000o\000:\000\040\000v\000e\000n\000t\000a\000j\000a\000s\000\040\000y\000\040\000d\000e\000s\000v\000e\000n\000t\000a\000j\000a\000s}{chapter.37}% 337
\BOOKMARK [2][-]{subsection.37.3.1}{\376\377\000V\000e\000n\000t\000a\000j\000a\000s\000\040\000d\000e\000l\000\040\000f\000o\000r\000m\000a\000l\000i\000s\000m\000o}{section.37.3}% 338
\BOOKMARK [2][-]{subsection.37.3.2}{\376\377\000D\000e\000s\000v\000e\000n\000t\000a\000j\000a\000s\000\040\000d\000e\000l\000\040\000f\000o\000r\000m\000a\000l\000i\000s\000m\000o}{section.37.3}% 339
\BOOKMARK [0][-]{chapter.38}{\376\377\000C\000l\000a\000s\000i\000f\000i\000c\000a\000c\000i\000\363\000n\000\040\000d\000e\000\040\000l\000o\000s\000\040\000A\000c\000t\000o\000s\000\040\000J\000u\000r\000\355\000d\000i\000c\000o\000s\000\040\000s\000e\000g\000\372\000n\000\040\000l\000a\000\040\000F\000o\000r\000m\000a}{part.5}% 340
\BOOKMARK [1][-]{section.38.1}{\376\377\000F\000o\000r\000m\000a\000\040\000e\000s\000e\000n\000c\000i\000a\000l\000\040\000y\000\040\000f\000o\000r\000m\000a\000\040\000i\000n\000s\000t\000r\000u\000m\000e\000n\000t\000a\000l}{chapter.38}% 341
\BOOKMARK [1][-]{section.38.2}{\376\377\000P\000r\000i\000m\000e\000r\000a\000\040\000c\000l\000a\000s\000i\000f\000i\000c\000a\000c\000i\000\363\000n\000:\000\040\000a\000c\000t\000o\000s\000\040\000f\000o\000r\000m\000a\000l\000e\000s\000\040\000y\000\040\000n\000o\000\040\000f\000o\000r\000m\000a\000l\000e\000s}{chapter.38}% 342
\BOOKMARK [1][-]{section.38.3}{\376\377\000S\000e\000g\000u\000n\000d\000a\000\040\000c\000l\000a\000s\000i\000f\000i\000c\000a\000c\000i\000\363\000n\000:\000\040\000a\000c\000t\000o\000s\000\040\000s\000o\000l\000e\000m\000n\000e\000s\000\040\000y\000\040\000n\000o\000\040\000s\000o\000l\000e\000m\000n\000e\000s}{chapter.38}% 343
\BOOKMARK [1][-]{section.38.4}{\376\377\000S\000o\000l\000e\000m\000n\000i\000d\000a\000d\000\040\000a\000b\000s\000o\000l\000u\000t\000a\000\040\000y\000\040\000s\000o\000l\000e\000m\000n\000i\000d\000a\000d\000\040\000r\000e\000l\000a\000t\000i\000v\000a}{chapter.38}% 344
\BOOKMARK [2][-]{subsection.38.4.1}{\376\377\000C\000o\000n\000v\000e\000r\000s\000i\000\363\000n\000\040\000d\000e\000l\000\040\000a\000c\000t\000o\000\040\000j\000u\000r\000\355\000d\000i\000c\000o}{section.38.4}% 345
\BOOKMARK [1][-]{section.38.5}{\376\377\000P\000r\000i\000n\000c\000i\000p\000i\000o\000\040\000d\000e\000\040\000L\000i\000b\000e\000r\000t\000a\000d\000\040\000d\000e\000\040\000F\000o\000r\000m\000a\000s}{chapter.38}% 346
\BOOKMARK [0][-]{chapter.39}{\376\377\000L\000o\000s\000\040\000I\000n\000s\000t\000r\000u\000m\000e\000n\000t\000o\000s\000\040\040\024\000\040\000C\000l\000a\000s\000i\000f\000i\000c\000a\000c\000i\000\363\000n\000\040\000G\000e\000n\000e\000r\000a\000l}{part.5}% 347
\BOOKMARK [1][-]{section.39.1}{\376\377\000C\000o\000n\000c\000e\000p\000t\000o\000\040\000d\000e\000\040\000i\000n\000s\000t\000r\000u\000m\000e\000n\000t\000o}{chapter.39}% 348
\BOOKMARK [1][-]{section.39.2}{\376\377\000C\000l\000a\000s\000i\000f\000i\000c\000a\000c\000i\000\363\000n\000\040\000d\000e\000\040\000l\000o\000s\000\040\000i\000n\000s\000t\000r\000u\000m\000e\000n\000t\000o\000s}{chapter.39}% 349
\BOOKMARK [1][-]{section.39.3}{\376\377\000L\000a\000\040\000f\000i\000r\000m\000a\000\040\000c\000o\000m\000o\000\040\000d\000i\000s\000p\000o\000s\000i\000c\000i\000\363\000n\000\040\000g\000e\000n\000e\000r\000a\000l}{chapter.39}% 350
\BOOKMARK [2][-]{subsection.39.3.1}{\376\377\000F\000i\000r\000m\000a\000\040\000d\000i\000g\000i\000t\000a\000l\000\040\000y\000\040\000f\000i\000r\000m\000a\000\040\000e\000l\000e\000c\000t\000r\000\363\000n\000i\000c\000a}{section.39.3}% 351
\BOOKMARK [0][-]{chapter.40}{\376\377\000I\000n\000s\000t\000r\000u\000m\000e\000n\000t\000o\000s\000\040\000P\000\372\000b\000l\000i\000c\000o\000s}{part.5}% 352
\BOOKMARK [1][-]{section.40.1}{\376\377\000C\000o\000n\000c\000e\000p\000t\000o\000\040\000y\000\040\000c\000a\000r\000a\000c\000t\000e\000r\000e\000s}{chapter.40}% 353
\BOOKMARK [1][-]{section.40.2}{\376\377\000E\000n\000u\000m\000e\000r\000a\000c\000i\000\363\000n\000\040\000l\000e\000g\000a\000l}{chapter.40}% 354
\BOOKMARK [1][-]{section.40.3}{\376\377\000R\000e\000q\000u\000i\000s\000i\000t\000o\000s\000\040\000d\000e\000\040\000v\000a\000l\000i\000d\000e\000z}{chapter.40}% 355
\BOOKMARK [1][-]{section.40.4}{\376\377\000D\000e\000f\000e\000c\000t\000o\000s\000\040\000d\000e\000\040\000f\000o\000r\000m\000a}{chapter.40}% 356
\BOOKMARK [1][-]{section.40.5}{\376\377\000E\000f\000i\000c\000a\000c\000i\000a\000\040\000p\000r\000o\000b\000a\000t\000o\000r\000i\000a\000\040\000d\000e\000l\000\040\000i\000n\000s\000t\000r\000u\000m\000e\000n\000t\000o\000\040\000p\000\372\000b\000l\000i\000c\000o}{chapter.40}% 357
\BOOKMARK [2][-]{subsection.40.5.1}{\376\377\000H\000e\000c\000h\000o\000s\000\040\000p\000e\000r\000c\000i\000b\000i\000d\000o\000s\000\040\000d\000i\000r\000e\000c\000t\000a\000m\000e\000n\000t\000e\000\040\000p\000o\000r\000\040\000e\000l\000\040\000o\000f\000i\000c\000i\000a\000l\000\040\000p\000\372\000b\000l\000i\000c\000o}{section.40.5}% 358
\BOOKMARK [2][-]{subsection.40.5.2}{\376\377\000D\000e\000c\000l\000a\000r\000a\000c\000i\000o\000n\000e\000s\000\040\000d\000e\000\040\000l\000a\000s\000\040\000p\000a\000r\000t\000e\000s}{section.40.5}% 359
\BOOKMARK [0][-]{chapter.41}{\376\377\000L\000a\000\040\000e\000s\000c\000r\000i\000t\000u\000r\000a\000\040\000p\000\372\000b\000l\000i\000c\000a\000\040\000y\000\040\000l\000a\000s\000\040\000a\000c\000t\000a\000s\000\040\000n\000o\000t\000a\000r\000i\000a\000l\000e\000s}{part.5}% 360
\BOOKMARK [1][-]{section.41.1}{\376\377\000C\000o\000n\000c\000e\000p\000t\000o\000\040\000y\000\040\000p\000r\000o\000t\000o\000c\000o\000l\000o\000\040\000n\000o\000t\000a\000r\000i\000a\000l}{chapter.41}% 361
\BOOKMARK [2][-]{subsection.41.1.1}{\376\377\000E\000l\000\040\000p\000r\000o\000t\000o\000c\000o\000l\000o\000\040\000n\000o\000t\000a\000r\000i\000a\000l}{section.41.1}% 362
\BOOKMARK [1][-]{section.41.2}{\376\377\000R\000e\000q\000u\000i\000s\000i\000t\000o\000s\000\040\000d\000e\000\040\000l\000a\000\040\000e\000s\000c\000r\000i\000t\000u\000r\000a\000\040\000p\000\372\000b\000l\000i\000c\000a}{chapter.41}% 363
\BOOKMARK [2][-]{subsection.41.2.1}{\376\377\000E\000s\000t\000r\000u\000c\000t\000u\000r\000a\000:\000\040\000e\000n\000c\000a\000b\000e\000z\000a\000d\000o\000,\000\040\000c\000u\000e\000r\000p\000o\000\040\000y\000\040\000p\000i\000e}{section.41.2}% 364
\BOOKMARK [2][-]{subsection.41.2.2}{\376\377\000E\000l\000\040\000`\000`\000c\000o\000r\000r\000e\000s\000p\000o\000n\000d\000e\000'\000'\000\040\000e\000n\000\040\000l\000a\000s\000\040\000t\000r\000a\000n\000s\000m\000i\000s\000i\000o\000n\000e\000s\000\040\000d\000e\000\040\000i\000n\000m\000u\000e\000b\000l\000e\000s}{section.41.2}% 365
\BOOKMARK [1][-]{section.41.3}{\376\377\000C\000o\000p\000i\000a\000s\000\040\000y\000\040\000t\000e\000s\000t\000i\000m\000o\000n\000i\000o\000s}{chapter.41}% 366
\BOOKMARK [1][-]{section.41.4}{\376\377\000A\000c\000t\000a\000s\000\040\000N\000o\000t\000a\000r\000i\000a\000l\000e\000s}{chapter.41}% 367
\BOOKMARK [0][-]{chapter.42}{\376\377\000I\000n\000s\000t\000r\000u\000m\000e\000n\000t\000o\000s\000\040\000p\000a\000r\000t\000i\000c\000u\000l\000a\000r\000e\000s\000\040\000y\000\040\000f\000e\000c\000h\000a\000\040\000c\000i\000e\000r\000t\000a}{part.5}% 368
\BOOKMARK [1][-]{section.42.1}{\376\377\000C\000l\000a\000s\000i\000f\000i\000c\000a\000c\000i\000\363\000n\000\040\000y\000\040\000j\000e\000r\000a\000r\000q\000u\000\355\000a}{chapter.42}% 369
\BOOKMARK [1][-]{section.42.2}{\376\377\000I\000n\000s\000t\000r\000u\000m\000e\000n\000t\000o\000s\000\040\000p\000r\000i\000v\000a\000d\000o\000s\000:\000\040\000e\000l\000\040\000r\000e\000q\000u\000i\000s\000i\000t\000o\000\040\000d\000e\000\040\000l\000a\000\040\000f\000i\000r\000m\000a}{chapter.42}% 370
\BOOKMARK [1][-]{section.42.3}{\376\377\000R\000e\000c\000o\000n\000o\000c\000i\000m\000i\000e\000n\000t\000o\000\040\000d\000e\000\040\000l\000a\000\040\000f\000i\000r\000m\000a}{chapter.42}% 371
\BOOKMARK [1][-]{section.42.4}{\376\377\000F\000i\000r\000m\000a\000\040\000a\000\040\000r\000u\000e\000g\000o\000\040\000e\000\040\000i\000m\000p\000r\000e\000s\000i\000\363\000n\000\040\000d\000i\000g\000i\000t\000a\000l}{chapter.42}% 372
\BOOKMARK [1][-]{section.42.5}{\376\377\000D\000o\000c\000u\000m\000e\000n\000t\000o\000\040\000f\000i\000r\000m\000a\000d\000o\000\040\000e\000n\000\040\000b\000l\000a\000n\000c\000o}{chapter.42}% 373
\BOOKMARK [1][-]{section.42.6}{\376\377\000E\000n\000m\000i\000e\000n\000d\000a\000s\000\040\000e\000n\000\040\000i\000n\000s\000t\000r\000u\000m\000e\000n\000t\000o\000s\000\040\000p\000r\000i\000v\000a\000d\000o\000s}{chapter.42}% 374
\BOOKMARK [1][-]{section.42.7}{\376\377\000F\000e\000c\000h\000a\000\040\000C\000i\000e\000r\000t\000a\000\040\000y\000\040\000O\000p\000o\000n\000i\000b\000i\000l\000i\000d\000a\000d\000\040\000a\000\040\000T\000e\000r\000c\000e\000r\000o\000s}{chapter.42}% 375
\BOOKMARK [2][-]{subsection.42.7.1}{\376\377\000E\000l\000\040\000i\000n\000s\000t\000r\000u\000m\000e\000n\000t\000o\000\040\000p\000r\000i\000v\000a\000d\000o\000\040\000f\000r\000e\000n\000t\000e\000\040\000a\000\040\000t\000e\000r\000c\000e\000r\000o\000s}{section.42.7}% 376
\BOOKMARK [2][-]{subsection.42.7.2}{\376\377\000M\000e\000d\000i\000o\000s\000\040\000p\000a\000r\000a\000\040\000a\000d\000q\000u\000i\000r\000i\000r\000\040\000f\000e\000c\000h\000a\000\040\000c\000i\000e\000r\000t\000a}{section.42.7}% 377
\BOOKMARK [0][-]{chapter.43}{\376\377\000I\000n\000s\000t\000r\000u\000m\000e\000n\000t\000o\000s\000\040\000P\000a\000r\000t\000i\000c\000u\000l\000a\000r\000e\000s\000\040\000n\000o\000\040\000F\000i\000r\000m\000a\000d\000o\000s\000\040\000y\000\040\000C\000o\000r\000r\000e\000s\000p\000o\000n\000d\000e\000n\000c\000i\000a}{part.5}% 378
\BOOKMARK [1][-]{section.43.1}{\376\377\000C\000o\000n\000c\000e\000p\000t\000o\000\040\000y\000\040\000a\000m\000p\000l\000i\000t\000u\000d}{chapter.43}% 379
\BOOKMARK [1][-]{section.43.2}{\376\377\000F\000u\000e\000r\000z\000a\000\040\000p\000r\000o\000b\000a\000t\000o\000r\000i\000a\000\040\040\024\000\040\000c\000r\000i\000t\000e\000r\000i\000o\000s\000\040\000d\000e\000l\000\040\000j\000u\000e\000z}{chapter.43}% 380
\BOOKMARK [1][-]{section.43.3}{\376\377\000L\000a\000\040\000c\000o\000r\000r\000e\000s\000p\000o\000n\000d\000e\000n\000c\000i\000a}{chapter.43}% 381
\BOOKMARK [1][-]{section.43.4}{\376\377\000C\000u\000a\000d\000r\000o\000\040\000C\000o\000r\000n\000e\000l\000l\000\040\040\024\000\040\000R\000e\000p\000a\000s\000o\000\040\000I\000n\000t\000e\000g\000r\000a\000l}{chapter.43}% 382
\BOOKMARK [0][-]{chapter.44}{\376\377\000C\000l\000a\000s\000i\000f\000i\000c\000a\000c\000i\000\363\000n\000\040\000d\000e\000\040\000l\000o\000s\000\040\000A\000c\000t\000o\000s\000\040\000J\000u\000r\000\355\000d\000i\000c\000o\000s}{part.5}% 383
\BOOKMARK [1][-]{section.44.1}{\376\377\000A\000c\000t\000o\000s\000\040\000U\000n\000i\000l\000a\000t\000e\000r\000a\000l\000e\000s\000\040\000y\000\040\000B\000i\000l\000a\000t\000e\000r\000a\000l\000e\000s}{chapter.44}% 384
\BOOKMARK [1][-]{section.44.2}{\376\377\000A\000c\000t\000o\000s\000\040\000e\000n\000t\000r\000e\000\040\000V\000i\000v\000o\000s\000\040\000y\000\040\000d\000e\000\040\000\332\000l\000t\000i\000m\000a\000\040\000V\000o\000l\000u\000n\000t\000a\000d}{chapter.44}% 385
\BOOKMARK [1][-]{section.44.3}{\376\377\000A\000c\000t\000o\000s\000\040\000a\000\040\000T\000\355\000t\000u\000l\000o\000\040\000O\000n\000e\000r\000o\000s\000o\000\040\000y\000\040\000a\000\040\000T\000\355\000t\000u\000l\000o\000\040\000G\000r\000a\000t\000u\000i\000t\000o}{chapter.44}% 386
\BOOKMARK [1][-]{section.44.4}{\376\377\000A\000c\000t\000o\000s\000\040\000P\000r\000i\000n\000c\000i\000p\000a\000l\000e\000s\000\040\000y\000\040\000A\000c\000c\000e\000s\000o\000r\000i\000o\000s}{chapter.44}% 387
\BOOKMARK [1][-]{section.44.5}{\376\377\000A\000c\000t\000o\000s\000\040\000F\000o\000r\000m\000a\000l\000e\000s\000\040\000y\000\040\000N\000o\000\040\000F\000o\000r\000m\000a\000l\000e\000s}{chapter.44}% 388
\BOOKMARK [1][-]{section.44.6}{\376\377\000A\000c\000t\000o\000s\000\040\000P\000a\000t\000r\000i\000m\000o\000n\000i\000a\000l\000e\000s\000\040\000y\000\040\000E\000x\000t\000r\000a\000p\000a\000t\000r\000i\000m\000o\000n\000i\000a\000l\000e\000s}{chapter.44}% 389
\BOOKMARK [1][-]{section.44.7}{\376\377\000A\000c\000t\000o\000s\000\040\000d\000e\000\040\000D\000i\000s\000p\000o\000s\000i\000c\000i\000\363\000n\000,\000\040\000d\000e\000\040\000A\000d\000m\000i\000n\000i\000s\000t\000r\000a\000c\000i\000\363\000n\000\040\000y\000\040\000d\000e\000\040\000C\000o\000n\000s\000e\000r\000v\000a\000c\000i\000\363\000n}{chapter.44}% 390
\BOOKMARK [1][-]{section.44.8}{\376\377\000A\000c\000t\000o\000s\000\040\000P\000u\000r\000o\000s\000\040\000y\000\040\000S\000i\000m\000p\000l\000e\000s\000,\000\040\000y\000\040\000A\000c\000t\000o\000s\000\040\000M\000o\000d\000a\000l\000e\000s}{chapter.44}% 391
\BOOKMARK [1][-]{section.44.9}{\376\377\000A\000c\000t\000o\000s\000\040\000C\000a\000u\000s\000a\000l\000e\000s\000\040\000y\000\040\000A\000b\000s\000t\000r\000a\000c\000t\000o\000s}{chapter.44}% 392
\BOOKMARK [1][-]{section.44.10}{\376\377\000A\000c\000t\000o\000s\000\040\000P\000o\000s\000i\000t\000i\000v\000o\000s\000\040\000y\000\040\000N\000e\000g\000a\000t\000i\000v\000o\000s}{chapter.44}% 393
\BOOKMARK [0][-]{chapter.45}{\376\377\000M\000o\000d\000a\000l\000i\000d\000a\000d\000e\000s\000\040\000d\000e\000l\000\040\000a\000c\000t\000o\000\040\000j\000u\000r\000\355\000d\000i\000c\000o}{part.5}% 394
\BOOKMARK [1][-]{section.45.1}{\376\377\000L\000a\000\040\000C\000o\000n\000d\000i\000c\000i\000\363\000n}{chapter.45}% 395
\BOOKMARK [2][-]{subsection.45.1.1}{\376\377\000L\000a\000\040\000C\000o\000n\000d\000i\000c\000i\000\363\000n\000\040\000I\000m\000p\000r\000o\000p\000i\000a\000\040\000o\000\040\000S\000u\000p\000o\000s\000i\000c\000i\000\363\000n}{section.45.1}% 396
\BOOKMARK [2][-]{subsection.45.1.2}{\376\377\000C\000l\000a\000s\000i\000f\000i\000c\000a\000c\000i\000\363\000n\000\040\000d\000e\000\040\000l\000a\000s\000\040\000C\000o\000n\000d\000i\000c\000i\000o\000n\000e\000s}{section.45.1}% 397
\BOOKMARK [2][-]{subsection.45.1.3}{\376\377\000C\000o\000n\000d\000i\000c\000i\000o\000n\000e\000s\000\040\000P\000r\000o\000h\000i\000b\000i\000d\000a\000s}{section.45.1}% 398
\BOOKMARK [1][-]{section.45.2}{\376\377\000E\000l\000\040\000P\000l\000a\000z\000o}{chapter.45}% 399
\BOOKMARK [1][-]{section.45.3}{\376\377\000E\000l\000\040\000C\000a\000r\000g\000o}{chapter.45}% 400
\BOOKMARK [2][-]{subsection.45.3.1}{\376\377\000C\000a\000r\000g\000o\000\040\000S\000i\000m\000p\000l\000e\000\040\000y\000\040\000C\000a\000r\000g\000o\000\040\000C\000o\000n\000d\000i\000c\000i\000o\000n\000a\000l}{section.45.3}% 401
\BOOKMARK [2][-]{subsection.45.3.2}{\376\377\000C\000a\000r\000g\000o\000s\000\040\000P\000r\000o\000h\000i\000b\000i\000d\000o\000s}{section.45.3}% 402
\BOOKMARK [1][-]{section.45.4}{\376\377\000C\000i\000e\000r\000r\000e\000\040\000y\000\040\000S\000\355\000n\000t\000e\000s\000i\000s}{chapter.45}% 403
\BOOKMARK [1][-]{section.45.5}{\376\377\000C\000u\000a\000d\000r\000o\000\040\000C\000o\000r\000n\000e\000l\000l\000\040\000d\000e\000\040\000R\000e\000p\000a\000s\000o}{chapter.45}% 404
\BOOKMARK [0][-]{chapter.46}{\376\377\000P\000r\000i\000n\000c\000i\000p\000i\000o\000s\000\040\000g\000e\000n\000e\000r\000a\000l\000e\000s}{part.5}% 405
\BOOKMARK [1][-]{section.46.1}{\376\377\000I\000n\000t\000r\000o\000d\000u\000c\000c\000i\000\363\000n\000:\000\040\000l\000o\000s\000\040\000e\000f\000e\000c\000t\000o\000s\000\040\000d\000e\000l\000\040\000a\000c\000t\000o\000\040\000j\000u\000r\000\355\000d\000i\000c\000o}{chapter.46}% 406
\BOOKMARK [2][-]{subsection.46.1.1}{\376\377\000I\000m\000p\000o\000r\000t\000a\000n\000c\000i\000a\000\040\000p\000r\000\341\000c\000t\000i\000c\000a}{section.46.1}% 407
\BOOKMARK [1][-]{section.46.2}{\376\377\000N\000e\000m\000o\000\040\000p\000l\000u\000s\000\040\000i\000u\000r\000i\000s\000\040\000\050\000A\000r\000t\000.\000\040\0003\0009\0009\000\040\000C\000C\000C\000N\000\051}{chapter.46}% 408
\BOOKMARK [2][-]{subsection.46.2.1}{\376\377\000L\000a\000\040\000t\000r\000a\000n\000s\000m\000i\000s\000i\000b\000i\000l\000i\000d\000a\000d\000\040\000d\000e\000\040\000l\000o\000s\000\040\000d\000e\000r\000e\000c\000h\000o\000s\000\040\000c\000o\000m\000o\000\040\000r\000e\000g\000l\000a\000\040\000g\000e\000n\000e\000r\000a\000l}{section.46.2}% 409
\BOOKMARK [2][-]{subsection.46.2.2}{\376\377\000C\000a\000s\000o\000\040\000p\000r\000\341\000c\000t\000i\000c\000o\000:\000\040\000J\000u\000a\000n\000,\000\040\000V\000e\000r\000\363\000n\000i\000c\000a\000\040\000y\000\040\000D\000a\000n\000i\000e\000l\000a}{section.46.2}% 410
\BOOKMARK [1][-]{section.46.3}{\376\377\000E\000x\000c\000e\000p\000c\000i\000o\000n\000e\000s\000\040\000a\000l\000\040\000n\000e\000m\000o\000\040\000p\000l\000u\000s\000\040\000i\000u\000r\000i\000s}{chapter.46}% 411
\BOOKMARK [2][-]{subsection.46.3.1}{\376\377\000A\000d\000q\000u\000i\000r\000e\000n\000t\000e\000\040\000d\000e\000\040\000b\000u\000e\000n\000a\000\040\000f\000e\000\040\000y\000\040\000a\000\040\000t\000\355\000t\000u\000l\000o\000\040\000o\000n\000e\000r\000o\000s\000o\000\040\000\050\000A\000r\000t\000.\000\040\0003\0009\0002\000\040\000C\000C\000C\000N\000\051}{section.46.3}% 412
\BOOKMARK [2][-]{subsection.46.3.2}{\376\377\000O\000t\000r\000o\000s\000\040\000s\000u\000p\000u\000e\000s\000t\000o\000s\000\040\000d\000e\000\040\000p\000r\000o\000t\000e\000c\000c\000i\000\363\000n\000\040\000d\000e\000\040\000t\000e\000r\000c\000e\000r\000o\000s}{section.46.3}% 413
\BOOKMARK [1][-]{section.46.4}{\376\377\000C\000u\000a\000d\000r\000o\000\040\000C\000o\000r\000n\000e\000l\000l\000:\000\040\000p\000r\000i\000n\000c\000i\000p\000i\000o\000s\000\040\000g\000e\000n\000e\000r\000a\000l\000e\000s}{chapter.46}% 414
\BOOKMARK [0][-]{chapter.47}{\376\377\000P\000a\000r\000t\000e\000s\000\040\000y\000\040\000e\000f\000e\000c\000t\000o\000\040\000r\000e\000l\000a\000t\000i\000v\000o}{part.5}% 415
\BOOKMARK [1][-]{section.47.1}{\376\377\000E\000f\000e\000c\000t\000o\000\040\000r\000e\000l\000a\000t\000i\000v\000o\000\040\000d\000e\000\040\000l\000o\000s\000\040\000a\000c\000t\000o\000s\000\040\000j\000u\000r\000\355\000d\000i\000c\000o\000s\000\040\000\050\000A\000r\000t\000.\000\040\0001\0000\0002\0001\000\040\000C\000C\000C\000N\000\051}{chapter.47}% 416
\BOOKMARK [1][-]{section.47.2}{\376\377\000D\000e\000f\000i\000n\000i\000c\000i\000\363\000n\000\040\000d\000e\000\040\000p\000a\000r\000t\000e\000\040\000\050\000A\000r\000t\000.\000\040\0001\0000\0002\0003\000\040\000C\000C\000C\000N\000\051}{chapter.47}% 417
\BOOKMARK [2][-]{subsection.47.2.1}{\376\377\000D\000i\000s\000t\000i\000n\000c\000i\000\363\000n\000\040\000e\000n\000t\000r\000e\000\040\000p\000a\000r\000t\000e\000\040\000y\000\040\000r\000e\000p\000r\000e\000s\000e\000n\000t\000a\000n\000t\000e}{section.47.2}% 418
\BOOKMARK [1][-]{section.47.3}{\376\377\000C\000u\000a\000d\000r\000o\000\040\000C\000o\000r\000n\000e\000l\000l\000:\000\040\000p\000a\000r\000t\000e\000s\000\040\000y\000\040\000e\000f\000e\000c\000t\000o\000\040\000r\000e\000l\000a\000t\000i\000v\000o}{chapter.47}% 419
\BOOKMARK [0][-]{chapter.48}{\376\377\000R\000e\000p\000r\000e\000s\000e\000n\000t\000a\000c\000i\000\363\000n}{part.5}% 420
\BOOKMARK [1][-]{section.48.1}{\376\377\000T\000i\000p\000o\000s\000\040\000d\000e\000\040\000r\000e\000p\000r\000e\000s\000e\000n\000t\000a\000c\000i\000\363\000n\000\040\000\050\000A\000r\000t\000.\000\040\0003\0005\0008\000\040\000C\000C\000C\000N\000\051}{chapter.48}% 421
\BOOKMARK [1][-]{section.48.2}{\376\377\000R\000e\000p\000r\000e\000s\000e\000n\000t\000a\000c\000i\000\363\000n\000\040\000v\000o\000l\000u\000n\000t\000a\000r\000i\000a\000\040\000\050\000A\000r\000t\000s\000.\000\040\0003\0006\0002\040\023\0003\0008\0001\000\040\000C\000C\000C\000N\000\051}{chapter.48}% 422
\BOOKMARK [1][-]{section.48.3}{\376\377\000F\000a\000c\000u\000l\000t\000a\000d\000e\000s\000\040\000e\000x\000p\000r\000e\000s\000a\000s\000\040\000\050\000A\000r\000t\000.\000\040\0003\0007\0005\000\040\000C\000C\000C\000N\000\051}{chapter.48}% 423
\BOOKMARK [1][-]{section.48.4}{\376\377\000C\000u\000a\000d\000r\000o\000\040\000C\000o\000r\000n\000e\000l\000l\000:\000\040\000r\000e\000p\000r\000e\000s\000e\000n\000t\000a\000c\000i\000\363\000n}{chapter.48}% 424
\BOOKMARK [0][-]{chapter.49}{\376\377\000S\000u\000c\000e\000s\000o\000r\000e\000s}{part.5}% 425
\BOOKMARK [1][-]{section.49.1}{\376\377\000S\000u\000c\000e\000s\000o\000r\000\040\000u\000n\000i\000v\000e\000r\000s\000a\000l}{chapter.49}% 426
\BOOKMARK [1][-]{section.49.2}{\376\377\000S\000u\000c\000e\000s\000o\000r\000\040\000s\000i\000n\000g\000u\000l\000a\000r}{chapter.49}% 427
\BOOKMARK [1][-]{section.49.3}{\376\377\000C\000u\000a\000d\000r\000o\000\040\000C\000o\000r\000n\000e\000l\000l\000:\000\040\000s\000u\000c\000e\000s\000o\000r\000e\000s}{chapter.49}% 428
\BOOKMARK [0][-]{chapter.50}{\376\377\000T\000e\000r\000c\000e\000r\000o\000s\000\040\000y\000\040\000a\000c\000c\000i\000o\000n\000e\000s}{part.5}% 429
\BOOKMARK [1][-]{section.50.1}{\376\377\000S\000i\000t\000u\000a\000c\000i\000\363\000n\000\040\000d\000e\000\040\000l\000o\000s\000\040\000t\000e\000r\000c\000e\000r\000o\000s}{chapter.50}% 430
\BOOKMARK [1][-]{section.50.2}{\376\377\000L\000a\000s\000\040\000a\000c\000c\000i\000o\000n\000e\000s\000\040\000d\000e\000\040\000l\000o\000s\000\040\000a\000c\000r\000e\000e\000d\000o\000r\000e\000s\000\040\000f\000r\000e\000n\000t\000e\000\040\000a\000\040\000t\000e\000r\000c\000e\000r\000o\000s}{chapter.50}% 431
\BOOKMARK [1][-]{section.50.3}{\376\377\000C\000u\000a\000d\000r\000o\000\040\000C\000o\000r\000n\000e\000l\000l\000:\000\040\000t\000e\000r\000c\000e\000r\000o\000s\000\040\000y\000\040\000a\000c\000c\000i\000o\000n\000e\000s}{chapter.50}% 432
\BOOKMARK [1][-]{section.50.4}{\376\377\000S\000\355\000n\000t\000e\000s\000i\000s\000\040\000g\000e\000n\000e\000r\000a\000l\000\040\000d\000e\000\040\000l\000o\000s\000\040\000e\000f\000e\000c\000t\000o\000s\000\040\000d\000e\000l\000\040\000a\000c\000t\000o\000\040\000j\000u\000r\000\355\000d\000i\000c\000o}{chapter.50}% 433
\BOOKMARK [-1][-]{part.6}{\376\377\000V\000I\000\040\000V\000i\000c\000i\000o\000s\000\040\000d\000e\000\040\000l\000o\000s\000\040\000a\000c\000t\000o\000s\000\040\000j\000u\000r\000\355\000d\000i\000c\000o\000s\000:\000\040\000v\000o\000l\000u\000n\000t\000a\000d\000,\000\040\000e\000q\000u\000i\000l\000i\000b\000r\000i\000o\000\040\000y\000\040\000s\000i\000n\000c\000e\000r\000i\000d\000a\000d}{}% 434
\BOOKMARK [0][-]{chapter.51}{\376\377\000F\000u\000n\000d\000a\000m\000e\000n\000t\000o\000s\000\040\000y\000\040\000m\000\351\000t\000o\000d\000o\000\040\000d\000e\000l\000\040\000C\000\363\000d\000i\000g\000o\000\040\000C\000i\000v\000i\000l\000\040\000y\000\040\000C\000o\000m\000e\000r\000c\000i\000a\000l}{part.6}% 435
\BOOKMARK [1][-]{section.51.1}{\376\377\000I\000n\000t\000r\000o\000d\000u\000c\000c\000i\000\363\000n\000:\000\040\000\277\000v\000i\000c\000i\000o\000s\000\040\000d\000e\000\040\000l\000a\000\040\000v\000o\000l\000u\000n\000t\000a\000d\000\040\000o\000\040\000d\000e\000l\000\040\000c\000o\000n\000s\000e\000n\000t\000i\000m\000i\000e\000n\000t\000o\000?}{chapter.51}% 436
\BOOKMARK [1][-]{section.51.2}{\376\377\000M\000\351\000t\000o\000d\000o\000\040\000d\000e\000l\000\040\000C\000\363\000d\000i\000g\000o\000\040\000C\000i\000v\000i\000l\000\040\000y\000\040\000C\000o\000m\000e\000r\000c\000i\000a\000l}{chapter.51}% 437
\BOOKMARK [0][-]{chapter.52}{\376\377\000E\000l\000\040\000e\000r\000r\000o\000r\000\040\000c\000o\000m\000o\000\040\000v\000i\000c\000i\000o\000\040\000d\000e\000\040\000l\000a\000\040\000v\000o\000l\000u\000n\000t\000a\000d\000\040\000\050\000A\000r\000t\000s\000.\000\040\0002\0006\0005\040\023\0002\0007\0000\000\051}{part.6}% 438
\BOOKMARK [1][-]{section.52.1}{\376\377\000C\000o\000n\000c\000e\000p\000t\000o\000\040\000y\000\040\000c\000l\000a\000s\000i\000f\000i\000c\000a\000c\000i\000\363\000n\000\040\000d\000e\000l\000\040\000e\000r\000r\000o\000r\000\040\000d\000e\000\040\000h\000e\000c\000h\000o}{chapter.52}% 439
\BOOKMARK [1][-]{section.52.2}{\376\377\000E\000l\000\040\000e\000r\000r\000o\000r\000\040\000r\000e\000c\000o\000n\000o\000c\000i\000b\000l\000e\000\040\040\024\000\040\000A\000r\000t\000.\000\040\0002\0006\0006}{chapter.52}% 440
\BOOKMARK [1][-]{section.52.3}{\376\377\000E\000l\000\040\000e\000r\000r\000o\000r\000\040\000e\000s\000e\000n\000c\000i\000a\000l\000\040\040\024\000\040\000s\000u\000p\000u\000e\000s\000t\000o\000s\000\040\000d\000e\000l\000\040\000A\000r\000t\000.\000\040\0002\0006\0007}{chapter.52}% 441
\BOOKMARK [2][-]{subsection.52.3.1}{\376\377\000I\000n\000c\000i\000s\000o\000\040\000a\000\051\000\040\040\024\000\040\000E\000r\000r\000o\000r\000\040\000s\000o\000b\000r\000e\000\040\000l\000a\000\040\000n\000a\000t\000u\000r\000a\000l\000e\000z\000a\000\040\000d\000e\000l\000\040\000a\000c\000t\000o}{section.52.3}% 442
\BOOKMARK [2][-]{subsection.52.3.2}{\376\377\000I\000n\000c\000i\000s\000o\000\040\000b\000\051\000\040\040\024\000\040\000E\000r\000r\000o\000r\000\040\000s\000o\000b\000r\000e\000\040\000e\000l\000\040\000o\000b\000j\000e\000t\000o}{section.52.3}% 443
\BOOKMARK [2][-]{subsection.52.3.3}{\376\377\000I\000n\000c\000i\000s\000o\000\040\000c\000\051\000\040\040\024\000\040\000E\000r\000r\000o\000r\000\040\000s\000o\000b\000r\000e\000\040\000l\000a\000\040\000c\000u\000a\000l\000i\000d\000a\000d\000\040\000s\000u\000s\000t\000a\000n\000c\000i\000a\000l\000\040\000d\000e\000l\000\040\000b\000i\000e\000n}{section.52.3}% 444
\BOOKMARK [2][-]{subsection.52.3.4}{\376\377\000I\000n\000c\000i\000s\000o\000\040\000d\000\051\000\040\040\024\000\040\000E\000r\000r\000o\000r\000\040\000s\000o\000b\000r\000e\000\040\000l\000o\000s\000\040\000m\000o\000t\000i\000v\000o\000s}{section.52.3}% 445
\BOOKMARK [2][-]{subsection.52.3.5}{\376\377\000I\000n\000c\000i\000s\000o\000\040\000e\000\051\000\040\040\024\000\040\000E\000r\000r\000o\000r\000\040\000s\000o\000b\000r\000e\000\040\000l\000a\000\040\000p\000e\000r\000s\000o\000n\000a}{section.52.3}% 446
\BOOKMARK [1][-]{section.52.4}{\376\377\000E\000r\000r\000o\000r\000\040\000d\000e\000\040\000c\000\341\000l\000c\000u\000l\000o\000\040\040\024\000\040\000A\000r\000t\000.\000\040\0002\0006\0008}{chapter.52}% 447
\BOOKMARK [1][-]{section.52.5}{\376\377\000S\000u\000b\000s\000i\000s\000t\000e\000n\000c\000i\000a\000\040\000d\000e\000l\000\040\000a\000c\000t\000o\000\040\000y\000\040\000n\000u\000l\000i\000d\000a\000d\000\040\000r\000e\000l\000a\000t\000i\000v\000a\000\040\040\024\000\040\000A\000r\000t\000.\000\040\0002\0006\0009}{chapter.52}% 448
\BOOKMARK [1][-]{section.52.6}{\376\377\000E\000r\000r\000o\000r\000\040\000e\000n\000\040\000l\000a\000\040\000d\000e\000c\000l\000a\000r\000a\000c\000i\000\363\000n\000\040\040\024\000\040\000A\000r\000t\000.\000\040\0002\0007\0000}{chapter.52}% 449
\BOOKMARK [1][-]{section.52.7}{\376\377\000C\000o\000n\000s\000e\000c\000u\000e\000n\000c\000i\000a\000s\000\040\000d\000e\000l\000\040\000e\000r\000r\000o\000r\000:\000\040\000n\000u\000l\000i\000d\000a\000d\000\040\000r\000e\000l\000a\000t\000i\000v\000a\000\040\000y\000\040\000p\000r\000e\000s\000c\000r\000i\000p\000c\000i\000\363\000n}{chapter.52}% 450
\BOOKMARK [0][-]{chapter.53}{\376\377\000E\000l\000\040\000d\000o\000l\000o\000\040\000c\000o\000m\000o\000\040\000v\000i\000c\000i\000o\000\040\000d\000e\000\040\000l\000a\000\040\000v\000o\000l\000u\000n\000t\000a\000d\000\040\000\050\000A\000r\000t\000s\000.\000\040\0002\0007\0001\040\023\0002\0007\0005\000\051}{part.6}% 451
\BOOKMARK [1][-]{section.53.1}{\376\377\000L\000a\000s\000\040\000a\000c\000e\000p\000c\000i\000o\000n\000e\000s\000\040\000d\000e\000l\000\040\000d\000o\000l\000o\000\040\000e\000n\000\040\000e\000l\000\040\000d\000e\000r\000e\000c\000h\000o\000\040\000c\000i\000v\000i\000l}{chapter.53}% 452
\BOOKMARK [1][-]{section.53.2}{\376\377\000C\000o\000n\000c\000e\000p\000t\000o\000:\000\040\000a\000c\000c\000i\000\363\000n\000\040\000y\000\040\000o\000m\000i\000s\000i\000\363\000n\000\040\000d\000o\000l\000o\000s\000a\000\040\040\024\000\040\000A\000r\000t\000.\000\040\0002\0007\0001}{chapter.53}% 453
\BOOKMARK [1][-]{section.53.3}{\376\377\000D\000o\000l\000o\000\040\000e\000s\000e\000n\000c\000i\000a\000l\000\040\040\024\000\040\000r\000e\000q\000u\000i\000s\000i\000t\000o\000s\000\040\000d\000e\000l\000\040\000A\000r\000t\000.\000\040\0002\0007\0002}{chapter.53}% 454
\BOOKMARK [1][-]{section.53.4}{\376\377\000D\000o\000l\000o\000\040\000i\000n\000c\000i\000d\000e\000n\000t\000a\000l\000\040\040\024\000\040\000A\000r\000t\000.\000\040\0002\0007\0003}{chapter.53}% 455
\BOOKMARK [1][-]{section.53.5}{\376\377\000D\000o\000l\000o\000\040\000d\000e\000\040\000t\000e\000r\000c\000e\000r\000o\000\040\040\024\000\040\000A\000r\000t\000.\000\040\0002\0007\0004}{chapter.53}% 456
\BOOKMARK [1][-]{section.53.6}{\376\377\000C\000o\000n\000s\000e\000c\000u\000e\000n\000c\000i\000a\000s\000\040\000d\000e\000l\000\040\000d\000o\000l\000o\000:\000\040\000n\000u\000l\000i\000d\000a\000d\000\040\000y\000\040\000d\000a\000\361\000o\000s\000\040\040\024\000\040\000A\000r\000t\000.\000\040\0002\0007\0005}{chapter.53}% 457
\BOOKMARK [0][-]{chapter.54}{\376\377\000L\000a\000\040\000v\000i\000o\000l\000e\000n\000c\000i\000a\000\040\000c\000o\000m\000o\000\040\000v\000i\000c\000i\000o\000\040\000d\000e\000\040\000l\000a\000\040\000v\000o\000l\000u\000n\000t\000a\000d\000\040\000\050\000A\000r\000t\000s\000.\000\040\0002\0007\0006\040\023\0002\0007\0008\000\051}{part.6}% 458
\BOOKMARK [1][-]{section.54.1}{\376\377\000C\000o\000n\000c\000e\000p\000t\000o\000\040\000d\000e\000\040\000v\000i\000o\000l\000e\000n\000c\000i\000a\000:\000\040\000f\000u\000e\000r\000z\000a\000\040\000e\000\040\000i\000n\000t\000i\000m\000i\000d\000a\000c\000i\000\363\000n}{chapter.54}% 459
\BOOKMARK [1][-]{section.54.2}{\376\377\000R\000e\000q\000u\000i\000s\000i\000t\000o\000s\000\040\000d\000e\000\040\000l\000a\000\040\000i\000n\000t\000i\000m\000i\000d\000a\000c\000i\000\363\000n\000\040\040\024\000\040\000A\000r\000t\000.\000\040\0002\0007\0006}{chapter.54}% 460
\BOOKMARK [1][-]{section.54.3}{\376\377\000V\000i\000o\000l\000e\000n\000c\000i\000a\000\040\000d\000e\000\040\000t\000e\000r\000c\000e\000r\000o\000\040\000y\000\040\000r\000e\000s\000p\000o\000n\000s\000a\000b\000i\000l\000i\000d\000a\000d\000\040\000s\000o\000l\000i\000d\000a\000r\000i\000a\000\040\040\024\000\040\000A\000r\000t\000.\000\040\0002\0007\0008}{chapter.54}% 461
\BOOKMARK [1][-]{section.54.4}{\376\377\000E\000l\000\040\000t\000e\000m\000o\000r\000\040\000r\000e\000v\000e\000r\000e\000n\000c\000i\000a\000l}{chapter.54}% 462
\BOOKMARK [1][-]{section.54.5}{\376\377\000C\000o\000n\000s\000e\000c\000u\000e\000n\000c\000i\000a\000s\000\040\000d\000e\000\040\000l\000a\000\040\000v\000i\000o\000l\000e\000n\000c\000i\000a\000:\000\040\000n\000u\000l\000i\000d\000a\000d\000\040\000y\000\040\000p\000r\000e\000s\000c\000r\000i\000p\000c\000i\000\363\000n}{chapter.54}% 463
\BOOKMARK [1][-]{section.54.6}{\376\377\000C\000u\000a\000d\000r\000o\000\040\000C\000o\000r\000n\000e\000l\000l\000\040\040\024\000\040\000V\000i\000c\000i\000o\000s\000\040\000d\000e\000\040\000l\000a\000\040\000V\000o\000l\000u\000n\000t\000a\000d}{chapter.54}% 464
\BOOKMARK [0][-]{chapter.55}{\376\377\000A\000n\000t\000e\000c\000e\000d\000e\000n\000t\000e\000s\000\040\000h\000i\000s\000t\000\363\000r\000i\000c\000o\000s\000\040\000y\000\040\000d\000e\000r\000e\000c\000h\000o\000\040\000c\000o\000m\000p\000a\000r\000a\000d\000o}{part.6}% 465
\BOOKMARK [1][-]{section.55.1}{\376\377\000L\000o\000s\000\040\000v\000i\000c\000i\000o\000s\000\040\000d\000e\000\040\000l\000o\000s\000\040\000a\000c\000t\000o\000s\000\040\000j\000u\000r\000\355\000d\000i\000c\000o\000s\000\040\000s\000e\000g\000\372\000n\000\040\000e\000l\000\040\000C\000\363\000d\000i\000g\000o\000\040\000C\000i\000v\000i\000l\000\040\000y\000\040\000C\000o\000m\000e\000r\000c\000i\000a\000l}{chapter.55}% 466
\BOOKMARK [1][-]{section.55.2}{\376\377\000C\000o\000n\000c\000e\000p\000t\000o\000\040\000d\000e\000\040\000l\000e\000s\000i\000\363\000n\000:\000\040\000u\000n\000a\000\040\000d\000i\000s\000t\000i\000n\000c\000i\000\363\000n\000\040\000n\000e\000c\000e\000s\000a\000r\000i\000a}{chapter.55}% 467
\BOOKMARK [1][-]{section.55.3}{\376\377\000E\000l\000\040\000d\000e\000r\000e\000c\000h\000o\000\040\000r\000o\000m\000a\000n\000o\000\040\000y\000\040\000e\000l\000\040\000C\000\363\000d\000i\000g\000o\000\040\000J\000u\000s\000t\000i\000n\000i\000a\000n\000e\000o}{chapter.55}% 468
\BOOKMARK [1][-]{section.55.4}{\376\377\000L\000a\000\040\000E\000d\000a\000d\000\040\000M\000e\000d\000i\000a\000\040\000y\000\040\000e\000l\000\040\000p\000r\000e\000c\000i\000o\000\040\000j\000u\000s\000t\000o}{chapter.55}% 469
\BOOKMARK [1][-]{section.55.5}{\376\377\000L\000a\000\040\000l\000e\000g\000i\000s\000l\000a\000c\000i\000\363\000n\000\040\000e\000s\000p\000a\000\361\000o\000l\000a\000\040\000c\000o\000m\000o\000\040\000a\000n\000t\000e\000c\000e\000d\000e\000n\000t\000e\000\040\000d\000e\000l\000\040\000d\000e\000r\000e\000c\000h\000o\000\040\000a\000r\000g\000e\000n\000t\000i\000n\000o}{chapter.55}% 470
\BOOKMARK [1][-]{section.55.6}{\376\377\000E\000l\000\040\000d\000e\000r\000e\000c\000h\000o\000\040\000c\000o\000m\000p\000a\000r\000a\000d\000o\000\040\000m\000o\000d\000e\000r\000n\000o}{chapter.55}% 471
\BOOKMARK [2][-]{subsection.55.6.1}{\376\377\000E\000l\000\040\000C\000\363\000d\000i\000g\000o\000\040\000C\000i\000v\000i\000l\000\040\000F\000r\000a\000n\000c\000\351\000s\000\040\000\050\0001\0008\0000\0004\000\051\000:\000\040\000l\000a\000\040\000l\000e\000s\000i\000\363\000n\000\040\000o\000b\000j\000e\000t\000i\000v\000a}{section.55.6}% 472
\BOOKMARK [2][-]{subsection.55.6.2}{\376\377\000E\000l\000\040\000C\000\363\000d\000i\000g\000o\000\040\000C\000i\000v\000i\000l\000\040\000A\000l\000e\000m\000\341\000n\000\040\040\024\000\040\000B\000G\000B\000\040\000\050\0001\0009\0000\0000\000\051\000:\000\040\000l\000a\000\040\000l\000e\000s\000i\000\363\000n\000\040\000s\000u\000b\000j\000e\000t\000i\000v\000a}{section.55.6}% 473
\BOOKMARK [2][-]{subsection.55.6.3}{\376\377\000E\000l\000\040\000C\000\363\000d\000i\000g\000o\000\040\000S\000u\000i\000z\000o\000\040\000\050\0001\0009\0001\0002\000\051\000\040\000y\000\040\000e\000l\000\040\000C\000\363\000d\000i\000g\000o\000\040\000I\000t\000a\000l\000i\000a\000n\000o\000\040\000\050\0001\0009\0004\0002\000\051}{section.55.6}% 474
\BOOKMARK [1][-]{section.55.7}{\376\377\000C\000u\000a\000d\000r\000o\000\040\000d\000e\000\040\000r\000e\000p\000a\000s\000o\000\040\040\024\000\040\000M\000\351\000t\000o\000d\000o\000\040\000C\000o\000r\000n\000e\000l\000l}{chapter.55}% 475
\BOOKMARK [0][-]{chapter.56}{\376\377\000L\000a\000\040\000l\000e\000s\000i\000\363\000n\000\040\000e\000n\000\040\000e\000l\000\040\000d\000e\000r\000e\000c\000h\000o\000\040\000a\000r\000g\000e\000n\000t\000i\000n\000o}{part.6}% 476
\BOOKMARK [1][-]{section.56.1}{\376\377\000E\000l\000\040\000C\000\363\000d\000i\000g\000o\000\040\000d\000e\000\040\000V\000\351\000l\000e\000z\000\040\000\050\0001\0008\0006\0009\000\051\000:\000\040\000l\000a\000\040\000e\000x\000c\000l\000u\000s\000i\000\363\000n\000\040\000d\000e\000\040\000l\000a\000\040\000l\000e\000s\000i\000\363\000n}{chapter.56}% 477
\BOOKMARK [1][-]{section.56.2}{\376\377\000L\000a\000\040\000j\000u\000r\000i\000s\000p\000r\000u\000d\000e\000n\000c\000i\000a\000\040\000a\000n\000t\000e\000r\000i\000o\000r\000\040\000a\000\040\000l\000a\000\040\000l\000e\000y\000\040\0001\0007\000.\0007\0001\0001}{chapter.56}% 478
\BOOKMARK [1][-]{section.56.3}{\376\377\000L\000a\000\040\000l\000e\000y\000\040\0001\0007\000.\0007\0001\0001\000\040\000y\000\040\000l\000a\000\040\000r\000e\000f\000o\000r\000m\000a\000\040\000a\000l\000\040\000a\000r\000t\000.\000\040\0009\0005\0004\000\040\000\050\0001\0009\0006\0008\000\051}{chapter.56}% 479
\BOOKMARK [1][-]{section.56.4}{\376\377\000E\000l\000\040\000a\000r\000t\000.\000\040\0003\0003\0002\000\040\000d\000e\000l\000\040\000C\000C\000C\000:\000\040\000t\000e\000x\000t\000o\000\040\000y\000\040\000d\000i\000f\000e\000r\000e\000n\000c\000i\000a\000s\000\040\000c\000o\000n\000\040\000e\000l\000\040\000a\000r\000t\000.\000\040\0009\0005\0004}{chapter.56}% 480
\BOOKMARK [1][-]{section.56.5}{\376\377\000\301\000m\000b\000i\000t\000o\000\040\000d\000e\000\040\000a\000p\000l\000i\000c\000a\000c\000i\000\363\000n\000\040\000d\000e\000l\000\040\000a\000r\000t\000.\000\040\0003\0003\0002}{chapter.56}% 481
\BOOKMARK [1][-]{section.56.6}{\376\377\000E\000l\000\040\000e\000l\000e\000m\000e\000n\000t\000o\000\040\000o\000b\000j\000e\000t\000i\000v\000o\000:\000\040\000l\000a\000\040\000d\000e\000s\000p\000r\000o\000p\000o\000r\000c\000i\000\363\000n\000\040\000d\000e\000\040\000l\000a\000s\000\040\000p\000r\000e\000s\000t\000a\000c\000i\000o\000n\000e\000s}{chapter.56}% 482
\BOOKMARK [1][-]{section.56.7}{\376\377\000L\000o\000s\000\040\000e\000l\000e\000m\000e\000n\000t\000o\000s\000\040\000s\000u\000b\000j\000e\000t\000i\000v\000o\000s}{chapter.56}% 483
\BOOKMARK [1][-]{section.56.8}{\376\377\000L\000a\000\040\000p\000r\000e\000s\000u\000n\000c\000i\000\363\000n\000\040\000l\000e\000g\000a\000l\000\040\000d\000e\000l\000\040\000a\000r\000t\000.\000\040\0003\0003\0002}{chapter.56}% 484
\BOOKMARK [1][-]{section.56.9}{\376\377\000L\000a\000s\000\040\000a\000c\000c\000i\000o\000n\000e\000s\000,\000\040\000l\000a\000\040\000l\000e\000g\000i\000t\000i\000m\000a\000c\000i\000\363\000n\000\040\000y\000\040\000l\000a\000\040\000p\000r\000e\000s\000c\000r\000i\000p\000c\000i\000\363\000n}{chapter.56}% 485
\BOOKMARK [1][-]{section.56.10}{\376\377\000F\000i\000g\000u\000r\000a\000s\000\040\000a\000f\000i\000n\000e\000s\000:\000\040\000c\000l\000\341\000u\000s\000u\000l\000a\000\040\000p\000e\000n\000a\000l\000\040\000y\000\040\000u\000s\000u\000r\000a}{chapter.56}% 486
\BOOKMARK [1][-]{section.56.11}{\376\377\000D\000e\000b\000a\000t\000e\000\040\000d\000o\000c\000t\000r\000i\000n\000a\000r\000i\000o\000:\000\040\000l\000a\000\040\000e\000s\000e\000n\000c\000i\000a\000\040\000d\000e\000\040\000l\000a\000\040\000l\000e\000s\000i\000\363\000n}{chapter.56}% 487
\BOOKMARK [1][-]{section.56.12}{\376\377\000C\000u\000a\000d\000r\000o\000\040\000d\000e\000\040\000r\000e\000p\000a\000s\000o\000\040\040\024\000\040\000M\000\351\000t\000o\000d\000o\000\040\000C\000o\000r\000n\000e\000l\000l}{chapter.56}% 488
\BOOKMARK [0][-]{chapter.57}{\376\377\000L\000a\000\040\000s\000i\000m\000u\000l\000a\000c\000i\000\363\000n}{part.6}% 489
\BOOKMARK [1][-]{section.57.1}{\376\377\000C\000o\000n\000c\000e\000p\000t\000o\000\040\000y\000\040\000n\000o\000c\000i\000\363\000n\000\040\000g\000e\000n\000e\000r\000a\000l}{chapter.57}% 490
\BOOKMARK [1][-]{section.57.2}{\376\377\000D\000e\000f\000i\000n\000i\000c\000i\000\363\000n\000\040\000d\000o\000c\000t\000r\000i\000n\000a\000r\000i\000a\000\040\000y\000\040\000u\000b\000i\000c\000a\000c\000i\000\363\000n\000\040\000m\000e\000t\000o\000d\000o\000l\000\363\000g\000i\000c\000a}{chapter.57}% 491
\BOOKMARK [1][-]{section.57.3}{\376\377\000D\000e\000f\000i\000n\000i\000c\000i\000\363\000n\000\040\000l\000e\000g\000a\000l\000\040\000d\000e\000\040\000l\000a\000\040\000s\000i\000m\000u\000l\000a\000c\000i\000\363\000n}{chapter.57}% 492
\BOOKMARK [1][-]{section.57.4}{\376\377\000S\000i\000m\000u\000l\000a\000c\000i\000\363\000n\000\040\000a\000b\000s\000o\000l\000u\000t\000a\000\040\000y\000\040\000s\000i\000m\000u\000l\000a\000c\000i\000\363\000n\000\040\000r\000e\000l\000a\000t\000i\000v\000a}{chapter.57}% 493
\BOOKMARK [2][-]{subsection.57.4.1}{\376\377\000S\000i\000m\000u\000l\000a\000c\000i\000\363\000n\000\040\000a\000b\000s\000o\000l\000u\000t\000a}{section.57.4}% 494
\BOOKMARK [2][-]{subsection.57.4.2}{\376\377\000S\000i\000m\000u\000l\000a\000c\000i\000\363\000n\000\040\000r\000e\000l\000a\000t\000i\000v\000a}{section.57.4}% 495
\BOOKMARK [1][-]{section.57.5}{\376\377\000S\000i\000m\000u\000l\000a\000c\000i\000\363\000n\000\040\000l\000\355\000c\000i\000t\000a\000\040\000e\000\040\000i\000l\000\355\000c\000i\000t\000a}{chapter.57}% 496
\BOOKMARK [1][-]{section.57.6}{\376\377\000N\000a\000t\000u\000r\000a\000l\000e\000z\000a\000\040\000d\000e\000\040\000l\000a\000\040\000s\000a\000n\000c\000i\000\363\000n\000:\000\040\000n\000u\000l\000i\000d\000a\000d\000\040\000r\000e\000l\000a\000t\000i\000v\000a}{chapter.57}% 497
\BOOKMARK [1][-]{section.57.7}{\376\377\000L\000a\000\040\000a\000c\000c\000i\000\363\000n\000\040\000d\000e\000\040\000s\000i\000m\000u\000l\000a\000c\000i\000\363\000n\000\040\000e\000n\000t\000r\000e\000\040\000l\000a\000s\000\040\000p\000a\000r\000t\000e\000s}{chapter.57}% 498
\BOOKMARK [2][-]{subsection.57.7.1}{\376\377\000P\000r\000o\000c\000e\000d\000e\000n\000c\000i\000a\000\040\000d\000e\000\040\000l\000a\000\040\000a\000c\000c\000i\000\363\000n\000\040\000e\000n\000t\000r\000e\000\040\000p\000a\000r\000t\000e\000s}{section.57.7}% 499
\BOOKMARK [2][-]{subsection.57.7.2}{\376\377\000L\000a\000\040\000p\000r\000u\000e\000b\000a\000\040\000e\000n\000t\000r\000e\000\040\000l\000a\000s\000\040\000p\000a\000r\000t\000e\000s\000:\000\040\000e\000l\000\040\000c\000o\000n\000t\000r\000a\000d\000o\000c\000u\000m\000e\000n\000t\000o}{section.57.7}% 500
\BOOKMARK [1][-]{section.57.8}{\376\377\000L\000a\000\040\000a\000c\000c\000i\000\363\000n\000\040\000d\000e\000\040\000s\000i\000m\000u\000l\000a\000c\000i\000\363\000n\000\040\000e\000j\000e\000r\000c\000i\000d\000a\000\040\000p\000o\000r\000\040\000t\000e\000r\000c\000e\000r\000o\000s}{chapter.57}% 501
\BOOKMARK [2][-]{subsection.57.8.1}{\376\377\000P\000r\000o\000c\000e\000d\000e\000n\000c\000i\000a}{section.57.8}% 502
\BOOKMARK [2][-]{subsection.57.8.2}{\376\377\000L\000a\000\040\000p\000r\000u\000e\000b\000a\000\040\000p\000o\000r\000\040\000i\000n\000d\000i\000c\000i\000o\000s}{section.57.8}% 503
\BOOKMARK [1][-]{section.57.9}{\376\377\000E\000f\000e\000c\000t\000o\000s\000\040\000d\000e\000\040\000l\000a\000\040\000s\000i\000m\000u\000l\000a\000c\000i\000\363\000n\000\040\000f\000r\000e\000n\000t\000e\000\040\000a\000\040\000t\000e\000r\000c\000e\000r\000o\000s}{chapter.57}% 504
\BOOKMARK [1][-]{section.57.10}{\376\377\000P\000r\000e\000s\000c\000r\000i\000p\000c\000i\000\363\000n\000\040\000d\000e\000\040\000l\000a\000\040\000a\000c\000c\000i\000\363\000n\000\040\000d\000e\000\040\000s\000i\000m\000u\000l\000a\000c\000i\000\363\000n}{chapter.57}% 505
\BOOKMARK [1][-]{section.57.11}{\376\377\000R\000e\000p\000a\000s\000o\000\040\000C\000o\000r\000n\000e\000l\000l\000:\000\040\000l\000a\000\040\000s\000i\000m\000u\000l\000a\000c\000i\000\363\000n}{chapter.57}% 506
\BOOKMARK [0][-]{chapter.58}{\376\377\000E\000l\000\040\000f\000r\000a\000u\000d\000e}{part.6}% 507
\BOOKMARK [1][-]{section.58.1}{\376\377\000I\000n\000t\000r\000o\000d\000u\000c\000c\000i\000\363\000n\000\040\000y\000\040\000d\000i\000s\000t\000i\000n\000c\000i\000\363\000n\000\040\000c\000o\000n\000\040\000e\000l\000\040\000f\000r\000a\000u\000d\000e\000\040\000p\000e\000n\000a\000l}{chapter.58}% 508
\BOOKMARK [1][-]{section.58.2}{\376\377\000D\000e\000f\000i\000n\000i\000c\000i\000\363\000n\000\040\000d\000o\000c\000t\000r\000i\000n\000a\000r\000i\000a}{chapter.58}% 509
\BOOKMARK [1][-]{section.58.3}{\376\377\000L\000a\000\040\000i\000n\000o\000p\000o\000n\000i\000b\000i\000l\000i\000d\000a\000d\000\040\000c\000o\000m\000o\000\040\000c\000o\000n\000s\000e\000c\000u\000e\000n\000c\000i\000a\000\040\000d\000e\000l\000\040\000f\000r\000a\000u\000d\000e}{chapter.58}% 510
\BOOKMARK [1][-]{section.58.4}{\376\377\000L\000a\000\040\000a\000c\000c\000i\000\363\000n\000\040\000d\000e\000\040\000i\000n\000o\000p\000o\000n\000i\000b\000i\000l\000i\000d\000a\000d}{chapter.58}% 511
\BOOKMARK [1][-]{section.58.5}{\376\377\000R\000e\000q\000u\000i\000s\000i\000t\000o\000s\000\040\000d\000e\000\040\000p\000r\000o\000c\000e\000d\000e\000n\000c\000i\000a\000\040\000d\000e\000\040\000l\000a\000\040\000a\000c\000c\000i\000\363\000n}{chapter.58}% 512
\BOOKMARK [2][-]{subsection.58.5.1}{\376\377\000C\000r\000\351\000d\000i\000t\000o\000\040\000d\000e\000\040\000c\000a\000u\000s\000a\000\040\000a\000n\000t\000e\000r\000i\000o\000r\000\040\000a\000l\000\040\000a\000c\000t\000o\000\040\000i\000m\000p\000u\000g\000n\000a\000d\000o}{section.58.5}% 513
\BOOKMARK [2][-]{subsection.58.5.2}{\376\377\000Q\000u\000e\000\040\000e\000l\000\040\000a\000c\000t\000o\000\040\000h\000a\000y\000a\000\040\000c\000a\000u\000s\000a\000d\000o\000\040\000o\000\040\000a\000g\000r\000a\000v\000a\000d\000o\000\040\000l\000a\000\040\000i\000n\000s\000o\000l\000v\000e\000n\000c\000i\000a}{section.58.5}% 514
\BOOKMARK [2][-]{subsection.58.5.3}{\376\377\000L\000a\000\040\000c\000o\000m\000p\000l\000i\000c\000i\000d\000a\000d\000\040\000d\000e\000l\000\040\000a\000d\000q\000u\000i\000r\000e\000n\000t\000e\000\040\000a\000\040\000t\000\355\000t\000u\000l\000o\000\040\000o\000n\000e\000r\000o\000s\000o}{section.58.5}% 515
\BOOKMARK [1][-]{section.58.6}{\376\377\000E\000f\000e\000c\000t\000o\000s\000\040\000d\000e\000\040\000l\000a\000\040\000a\000c\000c\000i\000\363\000n\000\040\000d\000e\000\040\000i\000n\000o\000p\000o\000n\000i\000b\000i\000l\000i\000d\000a\000d}{chapter.58}% 516
\BOOKMARK [1][-]{section.58.7}{\376\377\000E\000l\000\040\000d\000e\000s\000i\000n\000t\000e\000r\000\351\000s\000\040\000d\000e\000l\000\040\000a\000d\000q\000u\000i\000r\000e\000n\000t\000e}{chapter.58}% 517
\BOOKMARK [1][-]{section.58.8}{\376\377\000E\000x\000t\000e\000n\000s\000i\000\363\000n\000\040\000d\000e\000\040\000l\000a\000\040\000i\000n\000o\000p\000o\000n\000i\000b\000i\000l\000i\000d\000a\000d}{chapter.58}% 518
\BOOKMARK [1][-]{section.58.9}{\376\377\000E\000f\000e\000c\000t\000o\000s\000\040\000f\000r\000e\000n\000t\000e\000\040\000a\000\040\000s\000u\000b\000a\000d\000q\000u\000i\000r\000e\000n\000t\000e\000s}{chapter.58}% 519
\BOOKMARK [1][-]{section.58.10}{\376\377\000P\000r\000e\000s\000c\000r\000i\000p\000c\000i\000\363\000n\000\040\000d\000e\000\040\000l\000a\000\040\000a\000c\000c\000i\000\363\000n\000\040\000d\000e\000\040\000i\000n\000o\000p\000o\000n\000i\000b\000i\000l\000i\000d\000a\000d}{chapter.58}% 520
\BOOKMARK [1][-]{section.58.11}{\376\377\000R\000e\000p\000a\000s\000o\000\040\000C\000o\000r\000n\000e\000l\000l\000:\000\040\000e\000l\000\040\000f\000r\000a\000u\000d\000e}{chapter.58}% 521
\BOOKMARK [1][-]{section.58.12}{\376\377\000S\000\355\000n\000t\000e\000s\000i\000s\000\040\000c\000o\000m\000p\000a\000r\000a\000t\000i\000v\000a}{chapter.58}% 522
\BOOKMARK [-1][-]{part.7}{\376\377\000V\000I\000I\000\040\000L\000a\000\040\000e\000x\000t\000i\000n\000c\000i\000\363\000n\000\040\000d\000e\000\040\000l\000a\000s\000\040\000r\000e\000l\000a\000c\000i\000o\000n\000e\000s\000\040\000j\000u\000r\000\355\000d\000i\000c\000a\000s}{}% 523
\BOOKMARK [0][-]{chapter.59}{\376\377\000I\000n\000t\000r\000o\000d\000u\000c\000c\000i\000\363\000n\000\040\000a\000\040\000l\000a\000\040\000e\000x\000t\000i\000n\000c\000i\000\363\000n\000\040\000d\000e\000\040\000l\000a\000s\000\040\000r\000e\000l\000a\000c\000i\000o\000n\000e\000s\000\040\000j\000u\000r\000\355\000d\000i\000c\000a\000s}{part.7}% 524
\BOOKMARK [1][-]{section.59.1}{\376\377\000O\000b\000j\000e\000t\000o\000\040\000d\000e\000l\000\040\000t\000e\000m\000a}{chapter.59}% 525
\BOOKMARK [1][-]{section.59.2}{\376\377\000R\000e\000l\000e\000v\000a\000n\000c\000i\000a\000\040\000p\000r\000\341\000c\000t\000i\000c\000a}{chapter.59}% 526
\BOOKMARK [1][-]{section.59.3}{\376\377\000L\000a\000s\000\040\000t\000r\000e\000s\000\040\000v\000\355\000a\000s\000\040\000d\000e\000\040\000e\000x\000t\000i\000n\000c\000i\000\363\000n}{chapter.59}% 527
\BOOKMARK [1][-]{section.59.4}{\376\377\000E\000n\000u\000m\000e\000r\000a\000c\000i\000\363\000n\000\040\000d\000e\000\040\000l\000a\000\040\000d\000o\000c\000t\000r\000i\000n\000a\000\040\000s\000e\000g\000u\000i\000d\000a}{chapter.59}% 528
\BOOKMARK [0][-]{chapter.60}{\376\377\000H\000e\000c\000h\000o\000s\000\040\000j\000u\000r\000\355\000d\000i\000c\000o\000s\000\040\000e\000x\000t\000i\000n\000t\000i\000v\000o\000s}{part.7}% 529
\BOOKMARK [1][-]{section.60.1}{\376\377\000L\000a\000\040\000m\000u\000e\000r\000t\000e\000\040\000c\000o\000m\000o\000\040\000h\000e\000c\000h\000o\000\040\000e\000x\000t\000i\000n\000t\000i\000v\000o}{chapter.60}% 530
\BOOKMARK [1][-]{section.60.2}{\376\377\000L\000a\000\040\000i\000m\000p\000o\000s\000i\000b\000i\000l\000i\000d\000a\000d\000\040\000s\000o\000b\000r\000e\000v\000e\000n\000i\000d\000a}{chapter.60}% 531
\BOOKMARK [1][-]{section.60.3}{\376\377\000L\000a\000\040\000c\000o\000n\000f\000u\000s\000i\000\363\000n}{chapter.60}% 532
\BOOKMARK [1][-]{section.60.4}{\376\377\000L\000a\000\040\000c\000o\000m\000p\000e\000n\000s\000a\000c\000i\000\363\000n}{chapter.60}% 533
\BOOKMARK [1][-]{section.60.5}{\376\377\000L\000a\000\040\000c\000a\000d\000u\000c\000i\000d\000a\000d\000\040\000\050\000i\000n\000t\000r\000o\000d\000u\000c\000c\000i\000\363\000n\000\051}{chapter.60}% 534
\BOOKMARK [1][-]{section.60.6}{\376\377\000C\000u\000a\000d\000r\000o\000\040\000C\000o\000r\000n\000e\000l\000l\000:\000\040\000h\000e\000c\000h\000o\000s\000\040\000j\000u\000r\000\355\000d\000i\000c\000o\000s\000\040\000e\000x\000t\000i\000n\000t\000i\000v\000o\000s}{chapter.60}% 535
\BOOKMARK [0][-]{chapter.61}{\376\377\000A\000c\000t\000o\000s\000\040\000j\000u\000r\000\355\000d\000i\000c\000o\000s\000\040\000e\000x\000t\000i\000n\000t\000i\000v\000o\000s}{part.7}% 536
\BOOKMARK [1][-]{section.61.1}{\376\377\000E\000l\000\040\000p\000a\000g\000o}{chapter.61}% 537
\BOOKMARK [1][-]{section.61.2}{\376\377\000L\000a\000\040\000d\000a\000c\000i\000\363\000n\000\040\000e\000n\000\040\000p\000a\000g\000o}{chapter.61}% 538
\BOOKMARK [1][-]{section.61.3}{\376\377\000L\000a\000\040\000n\000o\000v\000a\000c\000i\000\363\000n}{chapter.61}% 539
\BOOKMARK [1][-]{section.61.4}{\376\377\000L\000a\000\040\000t\000r\000a\000n\000s\000a\000c\000c\000i\000\363\000n}{chapter.61}% 540
\BOOKMARK [1][-]{section.61.5}{\376\377\000L\000a\000\040\000r\000e\000n\000u\000n\000c\000i\000a}{chapter.61}% 541
\BOOKMARK [1][-]{section.61.6}{\376\377\000L\000a\000\040\000r\000e\000m\000i\000s\000i\000\363\000n\000\040\000d\000e\000\040\000d\000e\000u\000d\000a}{chapter.61}% 542
\BOOKMARK [1][-]{section.61.7}{\376\377\000L\000a\000\040\000r\000e\000s\000o\000l\000u\000c\000i\000\363\000n}{chapter.61}% 543
\BOOKMARK [2][-]{subsection.61.7.1}{\376\377\000L\000a\000\040\000c\000l\000\341\000u\000s\000u\000l\000a\000\040\000r\000e\000s\000o\000l\000u\000t\000o\000r\000i\000a\000\040\000\050\000o\000\040\000p\000a\000c\000t\000o\000\040\000c\000o\000m\000i\000s\000o\000r\000i\000o\000\051}{section.61.7}% 544
\BOOKMARK [2][-]{subsection.61.7.2}{\376\377\000L\000a\000\040\000s\000e\000\361\000a\000l\000\040\000o\000\040\000a\000r\000r\000a\000s}{section.61.7}% 545
\BOOKMARK [2][-]{subsection.61.7.3}{\376\377\000L\000a\000\040\000c\000o\000n\000d\000i\000c\000i\000\363\000n\000\040\000r\000e\000s\000o\000l\000u\000t\000o\000r\000i\000a}{section.61.7}% 546
\BOOKMARK [2][-]{subsection.61.7.4}{\376\377\000L\000a\000\040\000f\000r\000u\000s\000t\000r\000a\000c\000i\000\363\000n\000\040\000d\000e\000\040\000l\000a\000\040\000f\000i\000n\000a\000l\000i\000d\000a\000d}{section.61.7}% 547
\BOOKMARK [2][-]{subsection.61.7.5}{\376\377\000L\000a\000\040\000t\000e\000o\000r\000\355\000a\000\040\000d\000e\000\040\000l\000a\000\040\000i\000m\000p\000r\000e\000v\000i\000s\000i\000\363\000n}{section.61.7}% 548
\BOOKMARK [2][-]{subsection.61.7.6}{\376\377\000E\000f\000e\000c\000t\000o\000s\000\040\000g\000e\000n\000e\000r\000a\000l\000e\000s\000\040\000d\000e\000\040\000l\000a\000\040\000r\000e\000s\000o\000l\000u\000c\000i\000\363\000n}{section.61.7}% 549
\BOOKMARK [1][-]{section.61.8}{\376\377\000L\000a\000\040\000r\000e\000s\000c\000i\000s\000i\000\363\000n}{chapter.61}% 550
\BOOKMARK [1][-]{section.61.9}{\376\377\000L\000a\000\040\000r\000e\000v\000o\000c\000a\000c\000i\000\363\000n}{chapter.61}% 551
\BOOKMARK [2][-]{subsection.61.9.1}{\376\377\000C\000u\000a\000d\000r\000o\000\040\000c\000o\000m\000p\000a\000r\000a\000t\000i\000v\000o\000:\000\040\000r\000e\000s\000o\000l\000u\000c\000i\000\363\000n\000,\000\040\000r\000e\000s\000c\000i\000s\000i\000\363\000n\000\040\000y\000\040\000r\000e\000v\000o\000c\000a\000c\000i\000\363\000n}{section.61.9}% 552
\BOOKMARK [1][-]{section.61.10}{\376\377\000C\000u\000a\000d\000r\000o\000\040\000C\000o\000r\000n\000e\000l\000l\000:\000\040\000a\000c\000t\000o\000s\000\040\000j\000u\000r\000\355\000d\000i\000c\000o\000s\000\040\000e\000x\000t\000i\000n\000t\000i\000v\000o\000s}{chapter.61}% 553
\BOOKMARK [0][-]{chapter.62}{\376\377\000P\000r\000e\000s\000c\000r\000i\000p\000c\000i\000\363\000n\000\040\000y\000\040\000c\000a\000d\000u\000c\000i\000d\000a\000d}{part.7}% 554
\BOOKMARK [1][-]{section.62.1}{\376\377\000I\000m\000p\000o\000r\000t\000a\000n\000c\000i\000a\000\040\000d\000e\000\040\000l\000a\000\040\000p\000r\000e\000s\000c\000r\000i\000p\000c\000i\000\363\000n\000\040\000e\000n\000\040\000l\000a\000\040\000p\000r\000\341\000c\000t\000i\000c\000a}{chapter.62}% 555
\BOOKMARK [1][-]{section.62.2}{\376\377\000P\000r\000e\000s\000c\000r\000i\000p\000c\000i\000\363\000n\000\040\000a\000d\000q\000u\000i\000s\000i\000t\000i\000v\000a\000\040\000y\000\040\000p\000r\000e\000s\000c\000r\000i\000p\000c\000i\000\363\000n\000\040\000e\000x\000t\000i\000n\000t\000i\000v\000a}{chapter.62}% 556
\BOOKMARK [2][-]{subsection.62.2.1}{\376\377\000L\000a\000\040\000p\000r\000e\000s\000c\000r\000i\000p\000c\000i\000\363\000n\000\040\000a\000d\000q\000u\000i\000s\000i\000t\000i\000v\000a\000\040\000\050\000u\000s\000u\000c\000a\000p\000i\000\363\000n\000\051}{section.62.2}% 557
\BOOKMARK [2][-]{subsection.62.2.2}{\376\377\000L\000a\000\040\000p\000r\000e\000s\000c\000r\000i\000p\000c\000i\000\363\000n\000\040\000e\000x\000t\000i\000n\000t\000i\000v\000a\000\040\000o\000\040\000l\000i\000b\000e\000r\000a\000t\000o\000r\000i\000a}{section.62.2}% 558
\BOOKMARK [2][-]{subsection.62.2.3}{\376\377\000R\000e\000g\000l\000a\000s\000\040\000g\000e\000n\000e\000r\000a\000l\000e\000s\000\040\000s\000o\000b\000r\000e\000\040\000l\000a\000\040\000p\000r\000e\000s\000c\000r\000i\000p\000c\000i\000\363\000n}{section.62.2}% 559
\BOOKMARK [1][-]{section.62.3}{\376\377\000S\000u\000s\000p\000e\000n\000s\000i\000\363\000n\000\040\000e\000\040\000i\000n\000t\000e\000r\000r\000u\000p\000c\000i\000\363\000n\000\040\000d\000e\000l\000\040\000c\000\363\000m\000p\000u\000t\000o\000\040\000d\000e\000\040\000l\000a\000\040\000p\000r\000e\000s\000c\000r\000i\000p\000c\000i\000\363\000n}{chapter.62}% 560
\BOOKMARK [2][-]{subsection.62.3.1}{\376\377\000L\000a\000\040\000s\000u\000s\000p\000e\000n\000s\000i\000\363\000n}{section.62.3}% 561
\BOOKMARK [2][-]{subsection.62.3.2}{\376\377\000L\000a\000\040\000i\000n\000t\000e\000r\000r\000u\000p\000c\000i\000\363\000n}{section.62.3}% 562
\BOOKMARK [2][-]{subsection.62.3.3}{\376\377\000C\000u\000a\000d\000r\000o\000\040\000c\000o\000m\000p\000a\000r\000a\000t\000i\000v\000o\000:\000\040\000s\000u\000s\000p\000e\000n\000s\000i\000\363\000n\000\040\000e\000\040\000i\000n\000t\000e\000r\000r\000u\000p\000c\000i\000\363\000n}{section.62.3}% 563
\BOOKMARK [1][-]{section.62.4}{\376\377\000L\000a\000\040\000d\000i\000s\000p\000e\000n\000s\000a\000\040\000y\000\040\000l\000o\000s\000\040\000p\000l\000a\000z\000o\000s\000\040\000d\000e\000\040\000p\000r\000e\000s\000c\000r\000i\000p\000c\000i\000\363\000n}{chapter.62}% 564
\BOOKMARK [2][-]{subsection.62.4.1}{\376\377\000L\000a\000\040\000d\000i\000s\000p\000e\000n\000s\000a}{section.62.4}% 565
\BOOKMARK [2][-]{subsection.62.4.2}{\376\377\000L\000o\000s\000\040\000p\000l\000a\000z\000o\000s\000\040\000d\000e\000\040\000p\000r\000e\000s\000c\000r\000i\000p\000c\000i\000\363\000n}{section.62.4}% 566
\BOOKMARK [1][-]{section.62.5}{\376\377\000L\000a\000\040\000c\000a\000d\000u\000c\000i\000d\000a\000d\000\040\000e\000n\000\040\000p\000r\000o\000f\000u\000n\000d\000i\000d\000a\000d}{chapter.62}% 567
\BOOKMARK [1][-]{section.62.6}{\376\377\000C\000u\000a\000d\000r\000o\000\040\000C\000o\000r\000n\000e\000l\000l\000:\000\040\000p\000r\000e\000s\000c\000r\000i\000p\000c\000i\000\363\000n\000\040\000y\000\040\000c\000a\000d\000u\000c\000i\000d\000a\000d}{chapter.62}% 568
\BOOKMARK [1][-]{section.62.7}{\376\377\000S\000\355\000n\000t\000e\000s\000i\000s\000\040\000d\000e\000\040\000l\000a\000\040\000e\000x\000t\000i\000n\000c\000i\000\363\000n\000\040\000d\000e\000\040\000l\000a\000s\000\040\000r\000e\000l\000a\000c\000i\000o\000n\000e\000s\000\040\000j\000u\000r\000\355\000d\000i\000c\000a\000s}{chapter.62}% 569
\BOOKMARK [-1][-]{part.8}{\376\377\000V\000I\000I\000I\000\040\000L\000a\000\040\000p\000r\000u\000e\000b\000a\000\040\000y\000\040\000l\000a\000\040\000c\000o\000n\000c\000l\000u\000s\000i\000\363\000n\000\040\000d\000e\000\040\000l\000a\000\040\000c\000a\000u\000s\000a}{}% 570
\BOOKMARK [0][-]{chapter.63}{\376\377\000P\000r\000u\000e\000b\000a\000\040\000t\000e\000s\000t\000i\000m\000o\000n\000i\000a\000l}{part.8}% 571
\BOOKMARK [1][-]{section.63.1}{\376\377\000C\000o\000n\000c\000e\000p\000t\000o\000\040\000d\000e\000\040\000t\000e\000s\000t\000i\000g\000o}{chapter.63}% 572
\BOOKMARK [1][-]{section.63.2}{\376\377\000O\000b\000j\000e\000t\000o\000\040\000d\000e\000l\000\040\000t\000e\000s\000t\000i\000m\000o\000n\000i\000o\000\040\000y\000\040\000v\000a\000l\000o\000r\000\040\000s\000e\000g\000\372\000n\000\040\000e\000l\000\040\000t\000i\000p\000o\000\040\000d\000e\000\040\000p\000e\000r\000c\000e\000p\000c\000i\000\363\000n}{chapter.63}% 573
\BOOKMARK [1][-]{section.63.3}{\376\377\000D\000e\000b\000e\000r\000e\000s\000\040\000d\000e\000l\000\040\000t\000e\000s\000t\000i\000g\000o}{chapter.63}% 574
\BOOKMARK [1][-]{section.63.4}{\376\377\000T\000e\000s\000t\000i\000g\000o\000s\000\040\000e\000x\000c\000l\000u\000i\000d\000o\000s\000:\000\040\000a\000r\000t\000.\000\040\0004\0002\0007\000\040\000C\000P\000C\000C\000N\000\040\000y\000\040\000v\000i\000n\000c\000u\000l\000a\000c\000i\000\363\000n\000\040\000c\000o\000n\000\040\000e\000l\000\040\000C\000C\000y\000C}{chapter.63}% 575
\BOOKMARK [1][-]{section.63.5}{\376\377\000L\000o\000s\000\040\000t\000r\000e\000s\000\040\000m\000o\000m\000e\000n\000t\000o\000s\000\040\000d\000e\000\040\000l\000a\000\040\000p\000r\000u\000e\000b\000a\000\040\000t\000e\000s\000t\000i\000m\000o\000n\000i\000a\000l}{chapter.63}% 576
\BOOKMARK [1][-]{section.63.6}{\376\377\000O\000f\000r\000e\000c\000i\000m\000i\000e\000n\000t\000o\000\040\000d\000e\000\040\000l\000a\000\040\000p\000r\000u\000e\000b\000a\000\040\000t\000e\000s\000t\000i\000m\000o\000n\000i\000a\000l}{chapter.63}% 577
\BOOKMARK [1][-]{section.63.7}{\376\377\000P\000r\000o\000d\000u\000c\000c\000i\000\363\000n\000\040\000d\000e\000\040\000l\000a\000\040\000p\000r\000u\000e\000b\000a\000\040\000t\000e\000s\000t\000i\000m\000o\000n\000i\000a\000l\000:\000\040\000c\000i\000t\000a\000c\000i\000\363\000n\000\040\000a\000\040\000a\000u\000d\000i\000e\000n\000c\000i\000a}{chapter.63}% 578
\BOOKMARK [1][-]{section.63.8}{\376\377\000D\000e\000s\000a\000r\000r\000o\000l\000l\000o\000\040\000d\000e\000\040\000l\000a\000\040\000a\000u\000d\000i\000e\000n\000c\000i\000a\000\040\000t\000e\000s\000t\000i\000m\000o\000n\000i\000a\000l\000\040\000e\000\040\000i\000n\000t\000e\000r\000r\000o\000g\000a\000t\000o\000r\000i\000o\000\040\000p\000r\000e\000l\000i\000m\000i\000n\000a\000r}{chapter.63}% 579
\BOOKMARK [1][-]{section.63.9}{\376\377\000F\000o\000r\000m\000a\000\040\000d\000e\000\040\000l\000a\000s\000\040\000p\000r\000e\000g\000u\000n\000t\000a\000s\000\040\000a\000l\000\040\000t\000e\000s\000t\000i\000g\000o\000:\000\040\000a\000r\000t\000.\000\040\0004\0004\0003}{chapter.63}% 580
\BOOKMARK [1][-]{section.63.10}{\376\377\000T\000e\000s\000t\000i\000g\000o\000\040\000t\000\351\000c\000n\000i\000c\000o\000\040\000y\000\040\000p\000e\000r\000i\000t\000o}{chapter.63}% 581
\BOOKMARK [1][-]{section.63.11}{\376\377\000N\000e\000g\000a\000t\000i\000v\000a\000\040\000a\000\040\000r\000e\000s\000p\000o\000n\000d\000e\000r\000:\000\040\000a\000r\000t\000.\000\040\0004\0004\0004}{chapter.63}% 582
\BOOKMARK [1][-]{section.63.12}{\376\377\000C\000a\000d\000u\000c\000i\000d\000a\000d\000\040\000d\000e\000\040\000l\000a\000\040\000p\000r\000u\000e\000b\000a\000\040\000t\000e\000s\000t\000i\000m\000o\000n\000i\000a\000l\000:\000\040\000a\000r\000t\000s\000.\000\040\0004\0003\0002\000\040\000y\000\040\0004\0003\0007}{chapter.63}% 583
\BOOKMARK [1][-]{section.63.13}{\376\377\000I\000d\000o\000n\000e\000i\000d\000a\000d\000\040\000d\000e\000l\000\040\000t\000e\000s\000t\000i\000g\000o\000:\000\040\000a\000r\000t\000.\000\040\0004\0005\0006}{chapter.63}% 584
\BOOKMARK [0][-]{chapter.64}{\376\377\000P\000r\000u\000e\000b\000a\000\040\000d\000e\000\040\000c\000o\000n\000f\000e\000s\000i\000\363\000n}{part.8}% 585
\BOOKMARK [1][-]{section.64.1}{\376\377\000C\000o\000n\000c\000e\000p\000t\000o\000\040\000d\000e\000\040\000c\000o\000n\000f\000e\000s\000i\000\363\000n\000:\000\040\000c\000o\000n\000f\000e\000s\000i\000\363\000n\000\040\000e\000s\000p\000o\000n\000t\000\341\000n\000e\000a\000\040\000y\000\040\000p\000r\000o\000v\000o\000c\000a\000d\000a}{chapter.64}% 586
\BOOKMARK [1][-]{section.64.2}{\376\377\000M\000o\000m\000e\000n\000t\000o\000\040\000d\000e\000l\000\040\000o\000f\000r\000e\000c\000i\000m\000i\000e\000n\000t\000o\000\040\000y\000\040\000d\000e\000\040\000l\000a\000\040\000p\000r\000o\000d\000u\000c\000c\000i\000\363\000n}{chapter.64}% 587
\BOOKMARK [1][-]{section.64.3}{\376\377\000Q\000u\000i\000\351\000n\000e\000s\000\040\000p\000u\000e\000d\000e\000n\000\040\000s\000e\000r\000\040\000c\000i\000t\000a\000d\000o\000s\000\040\000a\000\040\000a\000b\000s\000o\000l\000v\000e\000r\000\040\000p\000o\000s\000i\000c\000i\000o\000n\000e\000s\000:\000\040\000a\000r\000t\000.\000\040\0004\0000\0005}{chapter.64}% 588
\BOOKMARK [1][-]{section.64.4}{\376\377\000E\000l\000e\000c\000c\000i\000\363\000n\000\040\000d\000e\000l\000\040\000a\000b\000s\000o\000l\000v\000e\000n\000t\000e\000\040\000e\000n\000\040\000p\000e\000r\000s\000o\000n\000a\000s\000\040\000j\000u\000r\000\355\000d\000i\000c\000a\000s\000:\000\040\000a\000r\000t\000.\000\040\0004\0000\0006}{chapter.64}% 589
\BOOKMARK [1][-]{section.64.5}{\376\377\000C\000i\000t\000a\000c\000i\000\363\000n\000:\000\040\000d\000o\000m\000i\000c\000i\000l\000i\000o\000\040\000c\000o\000n\000s\000t\000i\000t\000u\000i\000d\000o\000\040\000y\000\040\000d\000o\000m\000i\000c\000i\000l\000i\000o\000\040\000r\000e\000a\000l}{chapter.64}% 590
\BOOKMARK [1][-]{section.64.6}{\376\377\000R\000e\000s\000e\000r\000v\000a\000\040\000d\000e\000l\000\040\000p\000l\000i\000e\000g\000o\000\040\000d\000e\000\040\000p\000o\000s\000i\000c\000i\000o\000n\000e\000s\000:\000\040\000a\000r\000t\000.\000\040\0004\0001\0000}{chapter.64}% 591
\BOOKMARK [1][-]{section.64.7}{\376\377\000F\000o\000r\000m\000a\000\040\000d\000e\000\040\000r\000e\000d\000a\000c\000t\000a\000r\000\040\000l\000a\000s\000\040\000p\000o\000s\000i\000c\000i\000o\000n\000e\000s\000:\000\040\000a\000r\000t\000.\000\040\0004\0001\0001}{chapter.64}% 592
\BOOKMARK [1][-]{section.64.8}{\376\377\000P\000o\000s\000i\000c\000i\000\363\000n\000\040\000i\000m\000p\000e\000r\000t\000i\000n\000e\000n\000t\000e\000:\000\040\000a\000r\000t\000.\000\040\0004\0001\0004}{chapter.64}% 593
\BOOKMARK [1][-]{section.64.9}{\376\377\000I\000n\000t\000e\000r\000r\000o\000g\000a\000t\000o\000r\000i\000o\000\040\000d\000e\000\040\000l\000a\000s\000\040\000p\000a\000r\000t\000e\000s\000:\000\040\000a\000r\000t\000.\000\040\0004\0001\0005}{chapter.64}% 594
\BOOKMARK [1][-]{section.64.10}{\376\377\000C\000o\000n\000f\000e\000s\000i\000\363\000n\000\040\000f\000i\000c\000t\000a\000:\000\040\000a\000r\000t\000.\000\040\0004\0001\0007}{chapter.64}% 595
\BOOKMARK [1][-]{section.64.11}{\376\377\000V\000a\000l\000o\000r\000\040\000p\000r\000o\000b\000a\000t\000o\000r\000i\000o\000\040\000d\000e\000\040\000l\000a\000\040\000c\000o\000n\000f\000e\000s\000i\000\363\000n\000\040\000f\000i\000c\000t\000a}{chapter.64}% 596
\BOOKMARK [1][-]{section.64.12}{\376\377\000C\000o\000n\000f\000e\000s\000i\000\363\000n\000\040\000e\000x\000p\000r\000e\000s\000a\000:\000\040\000a\000r\000t\000.\000\040\0004\0002\0003}{chapter.64}% 597
\BOOKMARK [1][-]{section.64.13}{\376\377\000C\000o\000n\000f\000e\000s\000i\000\363\000n\000\040\000e\000x\000t\000r\000a\000j\000u\000d\000i\000c\000i\000a\000l\000:\000\040\000a\000r\000t\000.\000\040\0004\0002\0004}{chapter.64}% 598
\BOOKMARK [1][-]{section.64.14}{\376\377\000A\000u\000s\000e\000n\000c\000i\000a\000\040\000d\000e\000l\000\040\000a\000b\000s\000o\000l\000v\000e\000n\000t\000e\000\040\000p\000o\000r\000\040\000e\000n\000f\000e\000r\000m\000e\000d\000a\000d\000\040\000y\000\040\000r\000e\000g\000l\000a\000\040\000d\000e\000\040\000l\000o\000s\000\040\0003\0000\0000\000\040\000k\000i\000l\000\363\000m\000e\000t\000r\000o\000s}{chapter.64}% 599
\BOOKMARK [1][-]{section.64.15}{\376\377\000D\000e\000s\000a\000r\000r\000o\000l\000l\000o\000\040\000d\000e\000\040\000l\000a\000\040\000a\000u\000d\000i\000e\000n\000c\000i\000a\000\040\000d\000e\000\040\000a\000b\000s\000o\000l\000u\000c\000i\000\363\000n\000\040\000d\000e\000\040\000p\000o\000s\000i\000c\000i\000o\000n\000e\000s}{chapter.64}% 600
\BOOKMARK [0][-]{chapter.65}{\376\377\000L\000a\000\040\000p\000r\000u\000e\000b\000a\000\040\000p\000e\000r\000i\000c\000i\000a\000l}{part.8}% 601
\BOOKMARK [1][-]{section.65.1}{\376\377\000F\000i\000n\000a\000l\000i\000d\000a\000d\000\040\000d\000e\000\040\000l\000a\000\040\000p\000r\000u\000e\000b\000a\000\040\000e\000n\000\040\000e\000l\000\040\000p\000r\000o\000c\000e\000s\000o}{chapter.65}% 602
\BOOKMARK [1][-]{section.65.2}{\376\377\000C\000u\000\341\000n\000d\000o\000\040\000e\000s\000\040\000n\000e\000c\000e\000s\000a\000r\000i\000a\000\040\000l\000a\000\040\000p\000r\000u\000e\000b\000a\000\040\000p\000e\000r\000i\000c\000i\000a\000l}{chapter.65}% 603
\BOOKMARK [2][-]{subsection.65.2.1}{\376\377\000C\000a\000r\000a\000c\000t\000e\000r\000\355\000s\000t\000i\000c\000a\000s\000\040\000d\000e\000\040\000l\000a\000\040\000p\000e\000r\000i\000t\000a\000c\000i\000\363\000n}{section.65.2}% 604
\BOOKMARK [1][-]{section.65.3}{\376\377\000Q\000u\000i\000\351\000n\000e\000s\000\040\000s\000o\000n\000\040\000l\000o\000s\000\040\000p\000e\000r\000i\000t\000o\000s}{chapter.65}% 605
\BOOKMARK [2][-]{subsection.65.3.1}{\376\377\000D\000\363\000n\000d\000e\000\040\000s\000e\000\040\000u\000b\000i\000c\000a\000\040\000a\000\040\000l\000o\000s\000\040\000p\000e\000r\000i\000t\000o\000s}{section.65.3}% 606
\BOOKMARK [1][-]{section.65.4}{\376\377\000E\000l\000\040\000c\000o\000n\000s\000u\000l\000t\000o\000r\000\040\000t\000\351\000c\000n\000i\000c\000o\000\040\000\050\000p\000e\000r\000i\000t\000o\000\040\000d\000e\000\040\000p\000a\000r\000t\000e\000\051}{chapter.65}% 607
\BOOKMARK [2][-]{subsection.65.4.1}{\376\377\000D\000i\000f\000e\000r\000e\000n\000c\000i\000a\000s\000\040\000e\000n\000t\000r\000e\000\040\000p\000e\000r\000i\000t\000o\000\040\000d\000e\000s\000i\000g\000n\000a\000d\000o\000\040\000d\000e\000\040\000o\000f\000i\000c\000i\000o\000\040\000y\000\040\000c\000o\000n\000s\000u\000l\000t\000o\000r\000\040\000t\000\351\000c\000n\000i\000c\000o}{section.65.4}% 608
\BOOKMARK [1][-]{section.65.5}{\376\377\000A\000c\000t\000i\000v\000i\000d\000a\000d\000\040\000d\000e\000\040\000l\000a\000\040\000c\000o\000n\000t\000r\000a\000p\000a\000r\000t\000e\000\040\000a\000l\000\040\000o\000f\000r\000e\000c\000e\000r\000\040\000l\000a\000\040\000p\000r\000u\000e\000b\000a\000\040\000p\000e\000r\000i\000c\000i\000a\000l}{chapter.65}% 609
\BOOKMARK [2][-]{subsection.65.5.1}{\376\377\000C\000o\000s\000t\000a\000s\000,\000\040\000t\000r\000a\000s\000l\000a\000d\000o\000s\000\040\000y\000\040\000s\000i\000m\000e\000t\000r\000\355\000a}{section.65.5}% 610
\BOOKMARK [1][-]{section.65.6}{\376\377\000L\000a\000\040\000a\000u\000d\000i\000e\000n\000c\000i\000a\000\040\000p\000r\000e\000l\000i\000m\000i\000n\000a\000r\000\040\000y\000\040\000l\000a\000\040\000d\000e\000s\000i\000g\000n\000a\000c\000i\000\363\000n\000\040\000d\000e\000l\000\040\000p\000e\000r\000i\000t\000o}{chapter.65}% 611
\BOOKMARK [1][-]{section.65.7}{\376\377\000R\000e\000c\000u\000s\000a\000c\000i\000\363\000n\000\040\000d\000e\000l\000\040\000p\000e\000r\000i\000t\000o}{chapter.65}% 612
\BOOKMARK [1][-]{section.65.8}{\376\377\000A\000c\000e\000p\000t\000a\000c\000i\000\363\000n\000\040\000d\000e\000l\000\040\000c\000a\000r\000g\000o\000,\000\040\000o\000b\000l\000i\000g\000a\000c\000i\000o\000n\000e\000s\000\040\000y\000\040\000s\000a\000n\000c\000i\000o\000n\000e\000s\000\040\000d\000e\000l\000\040\000p\000e\000r\000i\000t\000o}{chapter.65}% 613
\BOOKMARK [1][-]{section.65.9}{\376\377\000A\000n\000t\000i\000c\000i\000p\000o\000\040\000p\000a\000r\000a\000\040\000g\000a\000s\000t\000o\000s}{chapter.65}% 614
\BOOKMARK [1][-]{section.65.10}{\376\377\000R\000e\000m\000o\000c\000i\000\363\000n\000\040\000d\000e\000l\000\040\000p\000e\000r\000i\000t\000o}{chapter.65}% 615
\BOOKMARK [0][-]{chapter.66}{\376\377\000P\000r\000\341\000c\000t\000i\000c\000a\000\040\000d\000e\000\040\000l\000a\000\040\000p\000e\000r\000i\000c\000i\000a}{part.8}% 616
\BOOKMARK [1][-]{section.66.1}{\376\377\000P\000r\000e\000s\000e\000n\000c\000i\000a\000\040\000d\000e\000\040\000l\000a\000s\000\040\000p\000a\000r\000t\000e\000s\000\040\000e\000n\000\040\000l\000a\000\040\000r\000e\000a\000l\000i\000z\000a\000c\000i\000\363\000n\000\040\000d\000e\000\040\000l\000a\000\040\000p\000e\000r\000i\000c\000i\000a}{chapter.66}% 617
\BOOKMARK [1][-]{section.66.2}{\376\377\000L\000o\000s\000\040\000p\000a\000s\000o\000s\000\040\000p\000a\000r\000a\000\040\000r\000e\000a\000l\000i\000z\000a\000r\000\040\000l\000a\000\040\000p\000r\000u\000e\000b\000a\000\040\000p\000e\000r\000i\000c\000i\000a\000l}{chapter.66}% 618
\BOOKMARK [2][-]{subsection.66.2.1}{\376\377\000P\000a\000s\000o\000\040\0001\000:\000\040\000d\000e\000t\000e\000r\000m\000i\000n\000a\000c\000i\000\363\000n\000\040\000d\000e\000l\000\040\000t\000e\000m\000a\000\040\000p\000e\000r\000i\000c\000i\000a\000l}{section.66.2}% 619
\BOOKMARK [2][-]{subsection.66.2.2}{\376\377\000P\000a\000s\000o\000\040\0002\000:\000\040\000o\000b\000s\000e\000r\000v\000a\000c\000i\000\363\000n\000\040\000d\000e\000l\000\040\000c\000a\000m\000p\000o\000\040\000d\000e\000\040\000t\000r\000a\000b\000a\000j\000o}{section.66.2}% 620
\BOOKMARK [2][-]{subsection.66.2.3}{\376\377\000P\000a\000s\000o\000\040\0003\000:\000\040\000e\000l\000e\000c\000c\000i\000\363\000n\000\040\000d\000e\000\040\000l\000o\000s\000\040\000m\000e\000d\000i\000o\000s}{section.66.2}% 621
\BOOKMARK [2][-]{subsection.66.2.4}{\376\377\000P\000a\000s\000o\000\040\0004\000:\000\040\000a\000g\000r\000e\000g\000a\000c\000i\000\363\000n\000\040\000y\000\040\000p\000r\000e\000s\000e\000r\000v\000a\000c\000i\000\363\000n\000\040\000d\000e\000\040\000l\000o\000s\000\040\000e\000l\000e\000m\000e\000n\000t\000o\000s}{section.66.2}% 622
\BOOKMARK [2][-]{subsection.66.2.5}{\376\377\000P\000a\000s\000o\000\040\0005\000:\000\040\000r\000e\000a\000l\000i\000z\000a\000c\000i\000\363\000n\000\040\000d\000e\000\040\000l\000a\000s\000\040\000o\000p\000e\000r\000a\000c\000i\000o\000n\000e\000s\000\040\000t\000\351\000c\000n\000i\000c\000a\000s\000\040\000y\000\040\000e\000m\000i\000s\000i\000\363\000n\000\040\000d\000e\000l\000\040\000d\000i\000c\000t\000a\000m\000e\000n}{section.66.2}% 623
\BOOKMARK [1][-]{section.66.3}{\376\377\000L\000a\000\040\000p\000r\000u\000e\000b\000a\000\040\000d\000o\000c\000u\000m\000e\000n\000t\000a\000l\000\040\000q\000u\000e\000\040\000a\000c\000o\000m\000p\000a\000\361\000a\000\040\000e\000l\000\040\000p\000e\000r\000i\000t\000o}{chapter.66}% 624
\BOOKMARK [1][-]{section.66.4}{\376\377\000N\000o\000t\000i\000f\000i\000c\000a\000c\000i\000\363\000n\000\040\000d\000e\000l\000\040\000d\000i\000c\000t\000a\000m\000e\000n\000\040\000y\000\040\000a\000c\000t\000i\000v\000i\000d\000a\000d\000\040\000d\000e\000\040\000l\000a\000s\000\040\000p\000a\000r\000t\000e\000s}{chapter.66}% 625
\BOOKMARK [1][-]{section.66.5}{\376\377\000E\000l\000\040\000a\000r\000t\000\355\000c\000u\000l\000o\000\040\0004\0007\0005\000\040\000C\000P\000C\000C\000N\000:\000\040\000m\000e\000d\000i\000d\000a\000s\000\040\000c\000o\000m\000p\000l\000e\000m\000e\000n\000t\000a\000r\000i\000a\000s}{chapter.66}% 626
\BOOKMARK [1][-]{section.66.6}{\376\377\000V\000a\000l\000o\000r\000a\000c\000i\000\363\000n\000\040\000d\000e\000l\000\040\000d\000i\000c\000t\000a\000m\000e\000n\000\040\000p\000e\000r\000i\000c\000i\000a\000l\000\040\000\050\000a\000r\000t\000.\000\040\0004\0007\0007\000\040\000C\000P\000C\000C\000N\000\051}{chapter.66}% 627
\BOOKMARK [1][-]{section.66.7}{\376\377\000E\000l\000\040\000p\000e\000r\000i\000t\000o\000\040\000\341\000r\000b\000i\000t\000r\000o\000:\000\040\000c\000u\000a\000n\000d\000o\000\040\000e\000l\000\040\000d\000i\000c\000t\000a\000m\000e\000n\000\040\000s\000\355\000\040\000e\000s\000\040\000v\000i\000n\000c\000u\000l\000a\000n\000t\000e}{chapter.66}% 628
\BOOKMARK [0][-]{chapter.67}{\376\377\000P\000r\000u\000e\000b\000a\000\040\000i\000n\000d\000i\000c\000i\000a\000r\000i\000a\000\040\000y\000\040\000r\000e\000c\000o\000n\000o\000c\000i\000m\000i\000e\000n\000t\000o\000\040\000j\000u\000d\000i\000c\000i\000a\000l}{part.8}% 629
\BOOKMARK [1][-]{section.67.1}{\376\377\000L\000a\000\040\000p\000r\000u\000e\000b\000a\000\040\000i\000n\000d\000i\000c\000i\000a\000r\000i\000a\000:\000\040\000c\000o\000n\000c\000e\000p\000t\000o\000\040\000y\000\040\000n\000e\000c\000e\000s\000i\000d\000a\000d}{chapter.67}% 630
\BOOKMARK [1][-]{section.67.2}{\376\377\000P\000r\000e\000s\000u\000n\000c\000i\000o\000n\000e\000s\000:\000\040\000c\000o\000n\000c\000e\000p\000t\000o\000\040\000y\000\040\000t\000i\000p\000o\000s}{chapter.67}% 631
\BOOKMARK [1][-]{section.67.3}{\376\377\000P\000r\000e\000s\000u\000n\000c\000i\000o\000n\000e\000s\000\040\000j\000u\000d\000i\000c\000i\000a\000l\000e\000s\000\040\000\050\000h\000o\000m\000i\000n\000i\000s\000\051}{chapter.67}% 632
\BOOKMARK [1][-]{section.67.4}{\376\377\000L\000a\000\040\000c\000o\000n\000d\000u\000c\000t\000a\000\040\000p\000r\000o\000c\000e\000s\000a\000l\000\040\000d\000e\000\040\000l\000a\000s\000\040\000p\000a\000r\000t\000e\000s\000\040\000c\000o\000m\000o\000\040\000i\000n\000d\000i\000c\000i\000o}{chapter.67}% 633
\BOOKMARK [1][-]{section.67.5}{\376\377\000E\000l\000\040\000r\000e\000c\000o\000n\000o\000c\000i\000m\000i\000e\000n\000t\000o\000\040\000j\000u\000d\000i\000c\000i\000a\000l\000\040\000\050\000a\000r\000t\000.\000\040\0004\0007\0009\000\040\000C\000P\000C\000C\000N\000\051}{chapter.67}% 634
\BOOKMARK [1][-]{section.67.6}{\376\377\000F\000o\000r\000m\000a\000\040\000d\000e\000\040\000l\000a\000\040\000d\000i\000l\000i\000g\000e\000n\000c\000i\000a\000\040\000d\000e\000l\000\040\000r\000e\000c\000o\000n\000o\000c\000i\000m\000i\000e\000n\000t\000o\000\040\000j\000u\000d\000i\000c\000i\000a\000l}{chapter.67}% 635
\BOOKMARK [0][-]{chapter.68}{\376\377\000L\000o\000s\000\040\000a\000l\000e\000g\000a\000t\000o\000s}{part.8}% 636
\BOOKMARK [1][-]{section.68.1}{\376\377\000C\000o\000n\000c\000e\000p\000t\000o\000\040\000d\000e\000\040\000a\000l\000e\000g\000a\000t\000o}{chapter.68}% 637
\BOOKMARK [1][-]{section.68.2}{\376\377\000N\000a\000t\000u\000r\000a\000l\000e\000z\000a\000\040\000j\000u\000r\000\355\000d\000i\000c\000a\000:\000\040\000a\000c\000t\000o\000\040\000e\000s\000c\000r\000i\000t\000o\000\040\000y\000\040\000f\000a\000c\000u\000l\000t\000a\000t\000i\000v\000o}{chapter.68}% 638
\BOOKMARK [1][-]{section.68.3}{\376\377\000U\000t\000i\000l\000i\000d\000a\000d\000\040\000d\000e\000l\000\040\000a\000l\000e\000g\000a\000t\000o}{chapter.68}% 639
\BOOKMARK [2][-]{subsection.68.3.1}{\376\377\000F\000o\000r\000m\000a\000r\000\040\000l\000a\000\040\000c\000o\000n\000v\000i\000c\000c\000i\000\363\000n\000\040\000d\000e\000l\000\040\000j\000u\000e\000z}{section.68.3}% 640
\BOOKMARK [2][-]{subsection.68.3.2}{\376\377\000B\000a\000s\000e\000\040\000p\000a\000r\000a\000\040\000l\000a\000\040\000e\000x\000p\000r\000e\000s\000i\000\363\000n\000\040\000d\000e\000\040\000a\000g\000r\000a\000v\000i\000o\000s\000\040\000e\000n\000\040\000a\000p\000e\000l\000a\000c\000i\000\363\000n}{section.68.3}% 641
\BOOKMARK [1][-]{section.68.4}{\376\377\000P\000r\000o\000c\000e\000s\000o\000s\000\040\000e\000n\000\040\000l\000o\000s\000\040\000q\000u\000e\000\040\000e\000l\000\040\000a\000l\000e\000g\000a\000t\000o\000\040\000e\000s\000t\000\341\000\040\000e\000x\000c\000l\000u\000i\000d\000o}{chapter.68}% 642
\BOOKMARK [1][-]{section.68.5}{\376\377\000R\000e\000g\000u\000l\000a\000c\000i\000\363\000n\000\040\000l\000e\000g\000a\000l\000:\000\040\000a\000r\000t\000\355\000c\000u\000l\000o\000\040\0004\0008\0002\000\040\000C\000P\000C\000C\000N}{chapter.68}% 643
\BOOKMARK [2][-]{subsection.68.5.1}{\376\377\000P\000r\000o\000c\000e\000d\000i\000m\000i\000e\000n\000t\000o\000\040\000p\000a\000r\000a\000\040\000l\000l\000e\000g\000a\000r\000\040\000a\000\040\000l\000a\000\040\000e\000t\000a\000p\000a\000\040\000d\000e\000\040\000a\000l\000e\000g\000a\000t\000o\000s}{section.68.5}% 644
\BOOKMARK [2][-]{subsection.68.5.2}{\376\377\000P\000l\000a\000z\000o\000s\000:\000\040\000i\000n\000d\000i\000v\000i\000d\000u\000a\000l\000\040\000y\000\040\000c\000o\000m\000\372\000n}{section.68.5}% 645
\BOOKMARK [2][-]{subsection.68.5.3}{\376\377\000C\000o\000n\000s\000e\000c\000u\000e\000n\000c\000i\000a\000\040\000p\000o\000r\000\040\000n\000o\000\040\000d\000e\000v\000o\000l\000v\000e\000r\000\040\000e\000l\000\040\000e\000x\000p\000e\000d\000i\000e\000n\000t\000e\000\040\000e\000n\000\040\000t\000\351\000r\000m\000i\000n\000o}{section.68.5}% 646
\BOOKMARK [2][-]{subsection.68.5.4}{\376\377\000C\000\363\000m\000p\000u\000t\000o\000\040\000d\000e\000l\000\040\000p\000l\000a\000z\000o\000:\000\040\000f\000i\000r\000m\000e\000z\000a\000\040\000d\000e\000\040\000l\000a\000\040\000r\000e\000s\000o\000l\000u\000c\000i\000\363\000n}{section.68.5}% 647
\BOOKMARK [1][-]{section.68.6}{\376\377\000C\000o\000n\000t\000e\000n\000i\000d\000o\000\040\000e\000s\000t\000r\000u\000c\000t\000u\000r\000a\000l\000\040\000d\000e\000l\000\040\000a\000l\000e\000g\000a\000t\000o}{chapter.68}% 648
\BOOKMARK [1][-]{section.68.7}{\376\377\000E\000l\000\040\000a\000l\000e\000g\000a\000t\000o\000\040\000y\000\040\000l\000a\000\040\000i\000m\000p\000l\000e\000m\000e\000n\000t\000a\000c\000i\000\363\000n\000\040\000d\000e\000\040\000l\000a\000\040\000o\000r\000a\000l\000i\000d\000a\000d}{chapter.68}% 649
\BOOKMARK [0][-]{chapter.69}{\376\377\000E\000t\000a\000p\000a\000\040\000c\000o\000n\000c\000l\000u\000s\000i\000o\000n\000a\000l}{part.8}% 650
\BOOKMARK [1][-]{section.69.1}{\376\377\000C\000o\000n\000c\000e\000p\000t\000o}{chapter.69}% 651
\BOOKMARK [1][-]{section.69.2}{\376\377\000V\000\355\000a\000s\000\040\000d\000e\000\040\000a\000c\000c\000e\000s\000o\000\040\000a\000\040\000l\000a\000\040\000e\000t\000a\000p\000a\000\040\000c\000o\000n\000c\000l\000u\000s\000i\000o\000n\000a\000l}{chapter.69}% 652
\BOOKMARK [2][-]{subsection.69.2.1}{\376\377\000V\000\355\000a\000\040\000n\000o\000r\000m\000a\000l\000:\000\040\000l\000u\000e\000g\000o\000\040\000d\000e\000\040\000l\000a\000\040\000e\000t\000a\000p\000a\000\040\000p\000r\000o\000b\000a\000t\000o\000r\000i\000a\000\040\000y\000\040\000l\000o\000s\000\040\000a\000l\000e\000g\000a\000t\000o\000s}{section.69.2}% 653
\BOOKMARK [2][-]{subsection.69.2.2}{\376\377\000C\000u\000e\000s\000t\000i\000\363\000n\000\040\000d\000e\000\040\000p\000u\000r\000o\000\040\000d\000e\000r\000e\000c\000h\000o\000\040\000\050\000a\000r\000t\000.\000\040\0003\0005\0009\000,\000\040\000p\000r\000i\000m\000e\000r\000\040\000p\000\341\000r\000r\000a\000f\000o\000,\000\040\000C\000P\000C\000C\000N\000\051}{section.69.2}% 654
\BOOKMARK [2][-]{subsection.69.2.3}{\376\377\000S\000u\000p\000u\000e\000s\000t\000o\000s\000\040\000e\000n\000\040\000l\000a\000\040\000a\000u\000d\000i\000e\000n\000c\000i\000a\000\040\000p\000r\000e\000l\000i\000m\000i\000n\000a\000r\000\040\000\050\000a\000r\000t\000.\000\040\0003\0006\0000\000\040\000i\000n\000c\000.\000\040\0006\000\040\000y\000\040\000a\000r\000t\000s\000.\000\040\0003\0006\0001\040\023\0003\0006\0002\000\040\000C\000P\000C\000C\000N\000\051}{section.69.2}% 655
\BOOKMARK [1][-]{section.69.3}{\376\377\000E\000l\000\040\000a\000u\000t\000o\000\040\000p\000a\000r\000a\000\040\000s\000e\000n\000t\000e\000n\000c\000i\000a}{chapter.69}% 656
\BOOKMARK [2][-]{subsection.69.3.1}{\376\377\000E\000f\000e\000c\000t\000o\000s\000\040\000d\000e\000l\000\040\000a\000u\000t\000o\000\040\000p\000a\000r\000a\000\040\000s\000e\000n\000t\000e\000n\000c\000i\000a}{section.69.3}% 657
\BOOKMARK [2][-]{subsection.69.3.2}{\376\377\000E\000x\000c\000e\000p\000c\000i\000\363\000n\000:\000\040\000m\000e\000d\000i\000d\000a\000s\000\040\000p\000a\000r\000a\000\040\000m\000e\000j\000o\000r\000\040\000p\000r\000o\000v\000e\000e\000r\000\040\000\050\000a\000r\000t\000.\000\040\0003\0006\000\040\000i\000n\000c\000.\000\040\0004\000\040\000C\000P\000C\000C\000N\000\051}{section.69.3}% 658
\BOOKMARK [2][-]{subsection.69.3.3}{\376\377\000E\000x\000c\000e\000p\000c\000i\000\363\000n\000:\000\040\000c\000a\000m\000b\000i\000o\000\040\000d\000e\000\040\000j\000u\000e\000z}{section.69.3}% 659
\BOOKMARK [1][-]{section.69.4}{\376\377\000P\000l\000a\000z\000o\000s\000\040\000p\000a\000r\000a\000\040\000d\000i\000c\000t\000a\000r\000\040\000s\000e\000n\000t\000e\000n\000c\000i\000a\000\040\000y\000\040\000n\000o\000t\000i\000f\000i\000c\000a\000c\000i\000\363\000n}{chapter.69}% 660
\BOOKMARK [1][-]{section.69.5}{\376\377\000M\000o\000r\000o\000s\000i\000d\000a\000d\000\040\000j\000u\000d\000i\000c\000i\000a\000l\000\040\000\050\000a\000r\000t\000s\000.\000\040\0001\0006\0007\000\040\000y\000\040\0001\0006\0008\000\040\000C\000P\000C\000C\000N\000\051}{chapter.69}% 661
\BOOKMARK [0][-]{chapter.70}{\376\377\000V\000a\000l\000o\000r\000a\000c\000i\000\363\000n\000\040\000d\000e\000\040\000l\000a\000\040\000p\000r\000u\000e\000b\000a}{part.8}% 662
\BOOKMARK [1][-]{section.70.1}{\376\377\000C\000o\000n\000c\000e\000p\000t\000o\000\040\000d\000e\000\040\000v\000a\000l\000o\000r\000a\000c\000i\000\363\000n\000\040\000d\000e\000\040\000l\000a\000\040\000p\000r\000u\000e\000b\000a}{chapter.70}% 663
\BOOKMARK [1][-]{section.70.2}{\376\377\000S\000i\000s\000t\000e\000m\000a\000s\000\040\000d\000e\000\040\000a\000p\000r\000e\000c\000i\000a\000c\000i\000\363\000n\000\040\000d\000e\000\040\000l\000a\000\040\000p\000r\000u\000e\000b\000a\000\040\000\050\000s\000e\000g\000\372\000n\000\040\000F\000a\000l\000c\000\363\000n\000\051}{chapter.70}% 664
\BOOKMARK [2][-]{subsection.70.2.1}{\376\377\000S\000i\000s\000t\000e\000m\000a\000\040\000d\000e\000\040\000a\000p\000r\000e\000c\000i\000a\000c\000i\000\363\000n\000\040\000p\000r\000o\000h\000i\000b\000i\000d\000a\000\040\000o\000\040\000e\000x\000c\000l\000u\000i\000d\000a}{section.70.2}% 665
\BOOKMARK [2][-]{subsection.70.2.2}{\376\377\000S\000i\000s\000t\000e\000m\000a\000\040\000d\000e\000\040\000l\000a\000\040\000p\000r\000u\000e\000b\000a\000\040\000t\000a\000s\000a\000d\000a\000\040\000o\000\040\000p\000r\000u\000e\000b\000a\000\040\000l\000e\000g\000a\000l}{section.70.2}% 666
\BOOKMARK [2][-]{subsection.70.2.3}{\376\377\000S\000i\000s\000t\000e\000m\000a\000\040\000d\000e\000\040\000a\000p\000r\000e\000c\000i\000a\000c\000i\000\363\000n\000\040\000n\000o\000\040\000t\000a\000s\000a\000d\000a\000\040\000o\000\040\000l\000i\000b\000r\000e\000\040\000c\000o\000n\000v\000i\000c\000c\000i\000\363\000n}{section.70.2}% 667
\BOOKMARK [2][-]{subsection.70.2.4}{\376\377\000S\000i\000s\000t\000e\000m\000a\000\040\000d\000e\000\040\000a\000p\000r\000e\000c\000i\000a\000c\000i\000\363\000n\000\040\000c\000o\000n\000j\000u\000n\000t\000a}{section.70.2}% 668
\BOOKMARK [1][-]{section.70.3}{\376\377\000L\000a\000\040\000s\000a\000n\000a\000\040\000c\000r\000\355\000t\000i\000c\000a\000:\000\040\000e\000l\000\040\000s\000i\000s\000t\000e\000m\000a\000\040\000d\000e\000l\000\040\000C\000\363\000d\000i\000g\000o\000\040\000\050\000a\000r\000t\000.\000\040\0003\0008\0006\000\040\000C\000P\000C\000C\000N\000\051}{chapter.70}% 669
\BOOKMARK [1][-]{section.70.4}{\376\377\000L\000a\000s\000\040\000r\000e\000g\000l\000a\000s\000\040\000d\000e\000\040\000l\000a\000\040\000s\000a\000n\000a\000\040\000c\000r\000\355\000t\000i\000c\000a\000\040\000s\000e\000g\000\372\000n\000\040\000F\000a\000l\000c\000\363\000n}{chapter.70}% 670
\BOOKMARK [1][-]{section.70.5}{\376\377\000E\000j\000e\000m\000p\000l\000o\000s\000\040\000d\000e\000\040\000s\000e\000n\000t\000e\000n\000c\000i\000a\000s\000\040\000r\000e\000a\000l\000e\000s\000\040\000\050\000a\000c\000c\000i\000d\000e\000n\000t\000e\000s\000\040\000d\000e\000\040\000t\000r\000\341\000n\000s\000i\000t\000o\000\051}{chapter.70}% 671
\BOOKMARK [2][-]{subsection.70.5.1}{\376\377\000E\000j\000e\000m\000p\000l\000o\000\040\0001\000:\000\040\000s\000e\000n\000t\000e\000n\000c\000i\000a\000\040\000c\000o\000n\000\040\000v\000a\000l\000o\000r\000a\000c\000i\000\363\000n\000\040\000d\000e\000\040\000t\000e\000s\000t\000i\000g\000o\000s\000\040\000p\000r\000e\000s\000e\000n\000c\000i\000a\000l\000e\000s}{section.70.5}% 672
\BOOKMARK [2][-]{subsection.70.5.2}{\376\377\000E\000j\000e\000m\000p\000l\000o\000\040\0002\000:\000\040\000s\000e\000n\000t\000e\000n\000c\000i\000a\000\040\000c\000o\000n\000\040\000i\000m\000p\000u\000g\000n\000a\000c\000i\000\363\000n\000\040\000d\000e\000\040\000t\000e\000s\000t\000i\000g\000o\000\040\000\050\000c\000o\000n\000c\000u\000b\000i\000n\000a\000\040\000d\000e\000l\000\040\000d\000e\000m\000a\000n\000d\000a\000d\000o\000\051}{section.70.5}% 673
\BOOKMARK [-1][-]{part.9}{\376\377\000I\000X\000\040\000L\000a\000\040\000t\000e\000r\000m\000i\000n\000a\000c\000i\000\363\000n\000\040\000d\000e\000l\000\040\000p\000r\000o\000c\000e\000s\000o\000\040\000y\000\040\000l\000a\000\040\000s\000e\000n\000t\000e\000n\000c\000i\000a}{}% 674
\BOOKMARK [0][-]{chapter.71}{\376\377\000M\000o\000d\000o\000s\000\040\000a\000n\000o\000r\000m\000a\000l\000e\000s\000\040\000d\000e\000\040\000t\000e\000r\000m\000i\000n\000a\000c\000i\000\363\000n}{part.9}% 675
\BOOKMARK [1][-]{section.71.1}{\376\377\000E\000n\000c\000u\000a\000d\000r\000e\000:\000\040\000m\000o\000d\000o\000\040\000n\000o\000r\000m\000a\000l\000\040\000y\000\040\000m\000o\000d\000o\000s\000\040\000a\000n\000o\000r\000m\000a\000l\000e\000s\000\040\000d\000e\000\040\000t\000e\000r\000m\000i\000n\000a\000c\000i\000\363\000n}{chapter.71}% 676
\BOOKMARK [1][-]{section.71.2}{\376\377\000E\000l\000\040\000d\000e\000s\000i\000s\000t\000i\000m\000i\000e\000n\000t\000o\000\040\000\050\000a\000r\000t\000.\000\040\0003\0000\0004\000\040\000y\000\040\000s\000s\000.\000,\000\040\000C\000P\000C\000C\000N\000\051}{chapter.71}% 677
\BOOKMARK [2][-]{subsection.71.2.1}{\376\377\000\277\000Q\000u\000i\000\351\000n\000\040\000p\000u\000e\000d\000e\000\040\000d\000e\000s\000i\000s\000t\000i\000r\000?}{section.71.2}% 678
\BOOKMARK [2][-]{subsection.71.2.2}{\376\377\000T\000i\000p\000o\000s\000\040\000d\000e\000\040\000d\000e\000s\000i\000s\000t\000i\000m\000i\000e\000n\000t\000o\000:\000\040\000d\000e\000l\000\040\000p\000r\000o\000c\000e\000s\000o\000\040\000y\000\040\000d\000e\000l\000\040\000d\000e\000r\000e\000c\000h\000o}{section.71.2}% 679
\BOOKMARK [2][-]{subsection.71.2.3}{\376\377\000L\000e\000g\000i\000t\000i\000m\000a\000c\000i\000\363\000n\000\040\000p\000a\000r\000a\000\040\000d\000e\000s\000i\000s\000t\000i\000r}{section.71.2}% 680
\BOOKMARK [2][-]{subsection.71.2.4}{\376\377\000O\000p\000o\000r\000t\000u\000n\000i\000d\000a\000d\000\040\000p\000a\000r\000a\000\040\000d\000e\000s\000i\000s\000t\000i\000r}{section.71.2}% 681
\BOOKMARK [1][-]{section.71.3}{\376\377\000E\000l\000\040\000a\000l\000l\000a\000n\000a\000m\000i\000e\000n\000t\000o\000\040\000\050\000a\000r\000t\000.\000\040\0003\0000\0007\000,\000\040\000C\000P\000C\000C\000N\000\051}{chapter.71}% 682
\BOOKMARK [2][-]{subsection.71.3.1}{\376\377\000N\000a\000t\000u\000r\000a\000l\000e\000z\000a\000:\000\040\000\277\000r\000e\000c\000o\000n\000o\000c\000i\000m\000i\000e\000n\000t\000o\000\040\000d\000e\000\040\000l\000o\000s\000\040\000h\000e\000c\000h\000o\000s\000\040\000o\000\040\000d\000e\000l\000\040\000d\000e\000r\000e\000c\000h\000o\000?}{section.71.3}% 683
\BOOKMARK [2][-]{subsection.71.3.2}{\376\377\000C\000a\000r\000a\000c\000t\000e\000r\000\355\000s\000t\000i\000c\000a\000s}{section.71.3}% 684
\BOOKMARK [2][-]{subsection.71.3.3}{\376\377\000M\000o\000d\000a\000l\000i\000d\000a\000d\000e\000s\000:\000\040\000e\000x\000p\000r\000e\000s\000o\000\040\000y\000\040\000t\000\341\000c\000i\000t\000o}{section.71.3}% 685
\BOOKMARK [2][-]{subsection.71.3.4}{\376\377\000A\000l\000l\000a\000n\000a\000m\000i\000e\000n\000t\000o\000\040\000t\000o\000t\000a\000l\000\040\000y\000\040\000p\000a\000r\000c\000i\000a\000l\000:\000\040\000e\000f\000e\000c\000t\000o\000s}{section.71.3}% 686
\BOOKMARK [2][-]{subsection.71.3.5}{\376\377\000L\000a\000\040\000c\000o\000s\000a\000\040\000j\000u\000z\000g\000a\000d\000a\000\040\000e\000n\000\040\000e\000l\000\040\000a\000l\000l\000a\000n\000a\000m\000i\000e\000n\000t\000o}{section.71.3}% 687
\BOOKMARK [1][-]{section.71.4}{\376\377\000L\000a\000\040\000t\000r\000a\000n\000s\000a\000c\000c\000i\000\363\000n\000\040\000\050\000a\000r\000t\000.\000\040\0003\0000\0008\000,\000\040\000C\000P\000C\000C\000N\000;\000\040\000a\000r\000t\000s\000.\000\040\0001\0006\0004\0001\000\040\000y\000\040\000s\000s\000.\000,\000\040\000C\000C\000y\000C\000N\000\051}{chapter.71}% 688
\BOOKMARK [2][-]{subsection.71.4.1}{\376\377\000C\000o\000n\000c\000e\000p\000t\000o\000\040\000y\000\040\000n\000a\000t\000u\000r\000a\000l\000e\000z\000a}{section.71.4}% 689
\BOOKMARK [2][-]{subsection.71.4.2}{\376\377\000R\000e\000q\000u\000i\000s\000i\000t\000o\000s\000\040\000f\000o\000r\000m\000a\000l\000e\000s}{section.71.4}% 690
\BOOKMARK [2][-]{subsection.71.4.3}{\376\377\000M\000a\000t\000e\000r\000i\000a\000s\000\040\000e\000x\000c\000l\000u\000i\000d\000a\000s\000\040\000d\000e\000\040\000l\000a\000\040\000t\000r\000a\000n\000s\000a\000c\000c\000i\000\363\000n}{section.71.4}% 691
\BOOKMARK [1][-]{section.71.5}{\376\377\000L\000a\000\040\000c\000o\000n\000c\000i\000l\000i\000a\000c\000i\000\363\000n\000\040\000\050\000a\000r\000t\000.\000\040\0003\0000\0009\000,\000\040\000C\000P\000C\000C\000N\000\051}{chapter.71}% 692
\BOOKMARK [2][-]{subsection.71.5.1}{\376\377\000C\000o\000n\000c\000e\000p\000t\000o}{section.71.5}% 693
\BOOKMARK [2][-]{subsection.71.5.2}{\376\377\000E\000f\000e\000c\000t\000o\000\040\000d\000e\000\040\000c\000o\000s\000a\000\040\000j\000u\000z\000g\000a\000d\000a}{section.71.5}% 694
\BOOKMARK [2][-]{subsection.71.5.3}{\376\377\000C\000o\000n\000c\000i\000l\000i\000a\000c\000i\000\363\000n\000\040\000y\000\040\000t\000r\000a\000n\000s\000a\000c\000c\000i\000\363\000n\000:\000\040\000d\000i\000f\000e\000r\000e\000n\000c\000i\000a\000s\000\040\000e\000s\000e\000n\000c\000i\000a\000l\000e\000s}{section.71.5}% 695
\BOOKMARK [0][-]{chapter.72}{\376\377\000L\000a\000\040\000c\000a\000d\000u\000c\000i\000d\000a\000d\000\040\000d\000e\000\040\000l\000a\000\040\000i\000n\000s\000t\000a\000n\000c\000i\000a}{part.9}% 696
\BOOKMARK [1][-]{section.72.1}{\376\377\000M\000a\000r\000c\000o\000\040\000n\000o\000r\000m\000a\000t\000i\000v\000o\000\040\000y\000\040\000c\000o\000n\000c\000e\000p\000t\000o}{chapter.72}% 697
\BOOKMARK [2][-]{subsection.72.1.1}{\376\377\000N\000o\000t\000a\000\040\000e\000s\000e\000n\000c\000i\000a\000l\000:\000\040\000l\000a\000\040\000i\000n\000a\000c\000t\000i\000v\000i\000d\000a\000d\000\040\000p\000r\000o\000c\000e\000s\000a\000l}{section.72.1}% 698
\BOOKMARK [2][-]{subsection.72.1.2}{\376\377\000\301\000m\000b\000i\000t\000o\000\040\000d\000e\000\040\000a\000p\000l\000i\000c\000a\000c\000i\000\363\000n\000:\000\040\000p\000r\000o\000c\000e\000s\000o\000s\000\040\000d\000i\000s\000p\000o\000s\000i\000t\000i\000v\000o\000s}{section.72.1}% 699
\BOOKMARK [2][-]{subsection.72.1.3}{\376\377\000F\000u\000n\000d\000a\000m\000e\000n\000t\000o\000\040\000d\000e\000l\000\040\000i\000n\000s\000t\000i\000t\000u\000t\000o}{section.72.1}% 700
\BOOKMARK [2][-]{subsection.72.1.4}{\376\377\000D\000i\000s\000t\000i\000n\000c\000i\000\363\000n\000\040\000c\000o\000n\000\040\000l\000a\000\040\000p\000r\000e\000s\000c\000r\000i\000p\000c\000i\000\363\000n\000\040\000d\000e\000\040\000l\000a\000\040\000a\000c\000c\000i\000\363\000n}{section.72.1}% 701
\BOOKMARK [1][-]{section.72.2}{\376\377\000P\000l\000a\000z\000o\000s\000\040\000d\000e\000\040\000c\000a\000d\000u\000c\000i\000d\000a\000d\000\040\000\050\000a\000r\000t\000.\000\040\0003\0001\0000\000,\000\040\000C\000P\000C\000C\000N\000\051}{chapter.72}% 702
\BOOKMARK [1][-]{section.72.3}{\376\377\000C\000\363\000m\000p\000u\000t\000o\000\040\000d\000e\000l\000\040\000p\000l\000a\000z\000o\000\040\000\050\000a\000r\000t\000.\000\040\0003\0001\0001\000,\000\040\000C\000P\000C\000C\000N\000\051}{chapter.72}% 703
\BOOKMARK [1][-]{section.72.4}{\376\377\000L\000i\000t\000i\000s\000c\000o\000n\000s\000o\000r\000c\000i\000o\000\040\000\050\000a\000r\000t\000.\000\040\0003\0001\0002\000,\000\040\000C\000P\000C\000C\000N\000\051}{chapter.72}% 704
\BOOKMARK [1][-]{section.72.5}{\376\377\000S\000u\000p\000u\000e\000s\000t\000o\000s\000\040\000d\000e\000\040\000i\000m\000p\000r\000o\000c\000e\000d\000e\000n\000c\000i\000a\000\040\000\050\000a\000r\000t\000.\000\040\0003\0001\0003\000,\000\040\000C\000P\000C\000C\000N\000\051}{chapter.72}% 705
\BOOKMARK [1][-]{section.72.6}{\376\377\000L\000e\000g\000i\000t\000i\000m\000a\000c\000i\000\363\000n\000\040\000y\000\040\000m\000o\000d\000o\000\040\000d\000e\000\040\000o\000p\000e\000r\000a\000r\000s\000e\000\040\000\050\000a\000r\000t\000s\000.\000\040\0003\0001\0004\000\040\000a\000\040\0003\0001\0006\000,\000\040\000C\000P\000C\000C\000N\000\051}{chapter.72}% 706
\BOOKMARK [1][-]{section.72.7}{\376\377\000E\000f\000e\000c\000t\000o\000s\000\040\000d\000e\000\040\000l\000a\000\040\000c\000a\000d\000u\000c\000i\000d\000a\000d\000\040\000\050\000a\000r\000t\000.\000\040\0003\0001\0008\000,\000\040\000C\000P\000C\000C\000N\000\051}{chapter.72}% 707
\BOOKMARK [2][-]{subsection.72.7.1}{\376\377\000C\000a\000d\000u\000c\000i\000d\000a\000d\000\040\000e\000n\000\040\000p\000r\000i\000m\000e\000r\000a\000\040\000o\000\040\000\372\000n\000i\000c\000a\000\040\000i\000n\000s\000t\000a\000n\000c\000i\000a}{section.72.7}% 708
\BOOKMARK [2][-]{subsection.72.7.2}{\376\377\000C\000a\000d\000u\000c\000i\000d\000a\000d\000\040\000e\000n\000\040\000i\000n\000s\000t\000a\000n\000c\000i\000a\000s\000\040\000u\000l\000t\000e\000r\000i\000o\000r\000e\000s}{section.72.7}% 709
\BOOKMARK [2][-]{subsection.72.7.3}{\376\377\000I\000n\000s\000t\000a\000n\000c\000i\000a\000\040\000p\000r\000i\000n\000c\000i\000p\000a\000l\000,\000\040\000r\000e\000c\000o\000n\000v\000e\000n\000c\000i\000\363\000n\000\040\000e\000\040\000i\000n\000c\000i\000d\000e\000n\000t\000e\000s}{section.72.7}% 710
\BOOKMARK [0][-]{chapter.73}{\376\377\000R\000e\000s\000o\000l\000u\000c\000i\000o\000n\000e\000s\000\040\000j\000u\000d\000i\000c\000i\000a\000l\000e\000s}{part.9}% 711
\BOOKMARK [1][-]{section.73.1}{\376\377\000C\000o\000n\000c\000e\000p\000t\000o\000\040\000y\000\040\000c\000l\000a\000s\000i\000f\000i\000c\000a\000c\000i\000\363\000n\000\040\000d\000e\000\040\000l\000a\000s\000\040\000r\000e\000s\000o\000l\000u\000c\000i\000o\000n\000e\000s\000\040\000j\000u\000d\000i\000c\000i\000a\000l\000e\000s}{chapter.73}% 712
\BOOKMARK [1][-]{section.73.2}{\376\377\000P\000r\000o\000v\000i\000d\000e\000n\000c\000i\000a\000s\000\040\000s\000i\000m\000p\000l\000e\000s}{chapter.73}% 713
\BOOKMARK [1][-]{section.73.3}{\376\377\000R\000e\000s\000o\000l\000u\000c\000i\000o\000n\000e\000s\000\040\000i\000n\000t\000e\000r\000l\000o\000c\000u\000t\000o\000r\000i\000a\000s}{chapter.73}% 714
\BOOKMARK [1][-]{section.73.4}{\376\377\000S\000e\000n\000t\000e\000n\000c\000i\000a\000s\000\040\000h\000o\000m\000o\000l\000o\000g\000a\000t\000o\000r\000i\000a\000s}{chapter.73}% 715
\BOOKMARK [1][-]{section.73.5}{\376\377\000S\000e\000n\000t\000e\000n\000c\000i\000a\000\040\000d\000e\000f\000i\000n\000i\000t\000i\000v\000a\000\040\000d\000e\000\040\000p\000r\000i\000m\000e\000r\000a\000\040\000i\000n\000s\000t\000a\000n\000c\000i\000a}{chapter.73}% 716
\BOOKMARK [2][-]{subsection.73.5.1}{\376\377\000E\000s\000t\000r\000u\000c\000t\000u\000r\000a\000\040\000f\000o\000r\000m\000a\000l}{section.73.5}% 717
\BOOKMARK [2][-]{subsection.73.5.2}{\376\377\000C\000o\000n\000t\000e\000n\000i\000d\000o\000\040\000d\000e\000l\000\040\000a\000r\000t\000\355\000c\000u\000l\000o\000\040\0001\0006\0003\000\040\000d\000e\000l\000\040\000C\000P\000C\000C}{section.73.5}% 718
\BOOKMARK [2][-]{subsection.73.5.3}{\376\377\000E\000l\000\040\000d\000e\000b\000e\000r\000\040\000d\000e\000\040\000m\000o\000t\000i\000v\000a\000c\000i\000\363\000n}{section.73.5}% 719
\BOOKMARK [2][-]{subsection.73.5.4}{\376\377\000P\000r\000e\000s\000u\000n\000c\000i\000o\000n\000e\000s\000\040\000e\000\040\000i\000n\000d\000i\000c\000i\000a\000r\000i\000a}{section.73.5}% 720
\BOOKMARK [2][-]{subsection.73.5.5}{\376\377\000L\000a\000\040\000c\000o\000n\000g\000r\000u\000e\000n\000c\000i\000a\000\040\000y\000\040\000l\000o\000s\000\040\000h\000e\000c\000h\000o\000s\000\040\000s\000o\000b\000r\000e\000v\000i\000n\000i\000e\000n\000t\000e\000s}{section.73.5}% 721
\BOOKMARK [2][-]{subsection.73.5.6}{\376\377\000L\000a\000s\000\040\000c\000o\000s\000t\000a\000s}{section.73.5}% 722
\BOOKMARK [0][-]{chapter.74}{\376\377\000S\000e\000g\000u\000n\000d\000a\000\040\000i\000n\000s\000t\000a\000n\000c\000i\000a\000\040\000y\000\040\000a\000c\000t\000u\000a\000c\000i\000\363\000n\000\040\000p\000o\000s\000t\000e\000r\000i\000o\000r}{part.9}% 723
\BOOKMARK [1][-]{section.74.1}{\376\377\000S\000e\000n\000t\000e\000n\000c\000i\000a\000\040\000d\000e\000f\000i\000n\000i\000t\000i\000v\000a\000\040\000d\000e\000\040\000s\000e\000g\000u\000n\000d\000a\000\040\000i\000n\000s\000t\000a\000n\000c\000i\000a}{chapter.74}% 724
\BOOKMARK [1][-]{section.74.2}{\376\377\000A\000c\000t\000u\000a\000c\000i\000\363\000n\000\040\000d\000e\000l\000\040\000j\000u\000e\000z\000\040\000c\000o\000n\000\040\000p\000o\000s\000t\000e\000r\000i\000o\000r\000i\000d\000a\000d\000\040\000a\000\040\000l\000a\000\040\000s\000e\000n\000t\000e\000n\000c\000i\000a}{chapter.74}% 725
\BOOKMARK [1][-]{section.74.3}{\376\377\000E\000l\000\040\000r\000e\000c\000u\000r\000s\000o\000\040\000d\000e\000\040\000a\000c\000l\000a\000r\000a\000t\000o\000r\000i\000a}{chapter.74}% 726
\BOOKMARK [0][-]{chapter.75}{\376\377\000C\000o\000s\000a\000\040\000j\000u\000z\000g\000a\000d\000a}{part.9}% 727
\BOOKMARK [1][-]{section.75.1}{\376\377\000C\000o\000n\000c\000e\000p\000t\000o\000\040\000e\000\040\000i\000n\000m\000u\000t\000a\000b\000i\000l\000i\000d\000a\000d}{chapter.75}% 728
\BOOKMARK [1][-]{section.75.2}{\376\377\000C\000o\000s\000a\000\040\000j\000u\000z\000g\000a\000d\000a\000\040\000f\000o\000r\000m\000a\000l\000\040\000y\000\040\000c\000o\000s\000a\000\040\000j\000u\000z\000g\000a\000d\000a\000\040\000m\000a\000t\000e\000r\000i\000a\000l}{chapter.75}% 729
\BOOKMARK [1][-]{section.75.3}{\376\377\000L\000\355\000m\000i\000t\000e\000s\000\040\000s\000u\000b\000j\000e\000t\000i\000v\000o\000s\000\040\000d\000e\000\040\000l\000a\000\040\000c\000o\000s\000a\000\040\000j\000u\000z\000g\000a\000d\000a}{chapter.75}% 730
\BOOKMARK [1][-]{section.75.4}{\376\377\000L\000\355\000m\000i\000t\000e\000s\000\040\000o\000b\000j\000e\000t\000i\000v\000o\000s\000\040\000d\000e\000\040\000l\000a\000\040\000c\000o\000s\000a\000\040\000j\000u\000z\000g\000a\000d\000a}{chapter.75}% 731
\BOOKMARK [0][-]{chapter.76}{\376\377\000S\000e\000n\000t\000e\000n\000c\000i\000a\000\040\000c\000i\000v\000i\000l\000\040\000y\000\040\000s\000e\000n\000t\000e\000n\000c\000i\000a\000\040\000p\000e\000n\000a\000l}{part.9}% 732
\BOOKMARK [1][-]{section.76.1}{\376\377\000P\000r\000e\000l\000a\000c\000i\000\363\000n\000\040\000d\000e\000\040\000l\000a\000\040\000a\000c\000c\000i\000\363\000n\000\040\000p\000e\000n\000a\000l\000\040\000s\000o\000b\000r\000e\000\040\000l\000a\000\040\000c\000i\000v\000i\000l}{chapter.76}% 733
\BOOKMARK [1][-]{section.76.2}{\376\377\000I\000n\000f\000l\000u\000e\000n\000c\000i\000a\000\040\000d\000e\000\040\000l\000a\000\040\000s\000e\000n\000t\000e\000n\000c\000i\000a\000\040\000p\000e\000n\000a\000l\000\040\000s\000o\000b\000r\000e\000\040\000l\000a\000\040\000c\000i\000v\000i\000l}{chapter.76}% 734
\BOOKMARK [1][-]{section.76.3}{\376\377\000S\000e\000n\000t\000e\000n\000c\000i\000a\000\040\000p\000e\000n\000a\000l\000\040\000p\000o\000s\000t\000e\000r\000i\000o\000r\000\040\000a\000\040\000l\000a\000\040\000c\000i\000v\000i\000l}{chapter.76}% 735
\BOOKMARK [1][-]{section.76.4}{\376\377\000S\000\355\000n\000t\000e\000s\000i\000s\000\040\000d\000e\000\040\000l\000a\000\040\000s\000e\000n\000t\000e\000n\000c\000i\000a\000,\000\040\000l\000a\000\040\000c\000o\000s\000a\000\040\000j\000u\000z\000g\000a\000d\000a\000\040\000y\000\040\000s\000u\000\040\000c\000o\000o\000r\000d\000i\000n\000a\000c\000i\000\363\000n\000\040\000c\000o\000n\000\040\000e\000l\000\040\000p\000r\000o\000c\000e\000s\000o\000\040\000p\000e\000n\000a\000l}{chapter.76}% 736
\BOOKMARK [-1][-]{part.10}{\376\377\000X\000\040\000I\000m\000p\000u\000g\000n\000a\000c\000i\000\363\000n\000\040\000y\000\040\000r\000e\000c\000u\000r\000s\000o\000s}{}% 737
\BOOKMARK [0][-]{chapter.77}{\376\377\000T\000e\000o\000r\000\355\000a\000\040\000g\000e\000n\000e\000r\000a\000l\000\040\000d\000e\000\040\000l\000a\000\040\000i\000m\000p\000u\000g\000n\000a\000c\000i\000\363\000n}{part.10}% 738
\BOOKMARK [1][-]{section.77.1}{\376\377\000U\000b\000i\000c\000a\000c\000i\000\363\000n\000\040\000d\000e\000l\000\040\000t\000e\000m\000a\000\040\000y\000\040\000r\000e\000l\000a\000c\000i\000\363\000n\000\040\000e\000n\000t\000r\000e\000\040\000i\000m\000p\000u\000g\000n\000a\000c\000i\000\363\000n\000\040\000y\000\040\000r\000e\000c\000u\000r\000s\000o}{chapter.77}% 739
\BOOKMARK [1][-]{section.77.2}{\376\377\000E\000t\000i\000m\000o\000l\000o\000g\000\355\000a\000\040\000d\000e\000\040\000l\000a\000\040\000p\000a\000l\000a\000b\000r\000a\000\040\000\253\000i\000m\000p\000u\000g\000n\000a\000c\000i\000\363\000n\000\273}{chapter.77}% 740
\BOOKMARK [1][-]{section.77.3}{\376\377\000F\000u\000n\000d\000a\000m\000e\000n\000t\000o\000\040\000d\000e\000\040\000l\000a\000\040\000i\000m\000p\000u\000g\000n\000a\000c\000i\000\363\000n\000:\000\040\000e\000l\000\040\000e\000r\000r\000o\000r\000\040\000h\000u\000m\000a\000n\000o}{chapter.77}% 741
\BOOKMARK [1][-]{section.77.4}{\376\377\000D\000e\000f\000i\000n\000i\000c\000i\000\363\000n\000\040\000d\000e\000\040\000a\000c\000t\000o\000s\000\040\000p\000r\000o\000c\000e\000s\000a\000l\000e\000s\000\040\000d\000e\000\040\000i\000m\000p\000u\000g\000n\000a\000c\000i\000\363\000n}{chapter.77}% 742
\BOOKMARK [1][-]{section.77.5}{\376\377\000C\000l\000a\000s\000i\000f\000i\000c\000a\000c\000i\000o\000n\000e\000s\000\040\000d\000e\000\040\000l\000o\000s\000\040\000a\000c\000t\000o\000s\000\040\000d\000e\000\040\000i\000m\000p\000u\000g\000n\000a\000c\000i\000\363\000n\000\040\000y\000\040\000d\000e\000\040\000l\000o\000s\000\040\000r\000e\000c\000u\000r\000s\000o\000s}{chapter.77}% 743
\BOOKMARK [2][-]{subsection.77.5.1}{\376\377\000P\000r\000i\000m\000e\000r\000a\000\040\000c\000l\000a\000s\000i\000f\000i\000c\000a\000c\000i\000\363\000n\000:\000\040\000i\000n\000c\000i\000d\000e\000n\000t\000e\000\040\000d\000e\000\040\000n\000u\000l\000i\000d\000a\000d\000,\000\040\000r\000e\000c\000u\000r\000s\000o\000s\000\040\000y\000\040\000o\000t\000r\000o\000s\000\040\000m\000e\000d\000i\000o\000s}{section.77.5}% 744
\BOOKMARK [2][-]{subsection.77.5.2}{\376\377\000O\000t\000r\000o\000s\000\040\000a\000c\000t\000o\000s\000\040\000d\000e\000\040\000i\000m\000p\000u\000g\000n\000a\000c\000i\000\363\000n\000\040\000\050\000m\000e\000n\000o\000s\000\040\000f\000r\000e\000c\000u\000e\000n\000t\000e\000s\000\051}{section.77.5}% 745
\BOOKMARK [2][-]{subsection.77.5.3}{\376\377\000S\000e\000g\000u\000n\000d\000a\000\040\000c\000l\000a\000s\000i\000f\000i\000c\000a\000c\000i\000\363\000n\000:\000\040\000r\000e\000m\000e\000d\000i\000o\000s\000\040\000y\000\040\000r\000e\000c\000u\000r\000s\000o\000s}{section.77.5}% 746
\BOOKMARK [2][-]{subsection.77.5.4}{\376\377\000C\000l\000a\000s\000i\000f\000i\000c\000a\000c\000i\000\363\000n\000\040\000g\000e\000n\000e\000r\000a\000l\000\040\000d\000e\000\040\000l\000o\000s\000\040\000r\000e\000c\000u\000r\000s\000o\000s}{section.77.5}% 747
\BOOKMARK [0][-]{chapter.78}{\376\377\000R\000e\000q\000u\000i\000s\000i\000t\000o\000s\000\040\000c\000o\000m\000u\000n\000e\000s\000\040\000y\000\040\000r\000e\000c\000u\000r\000s\000o\000\040\000i\000n\000d\000i\000f\000e\000r\000e\000n\000t\000e}{part.10}% 748
\BOOKMARK [1][-]{section.78.1}{\376\377\000L\000e\000g\000i\000t\000i\000m\000a\000c\000i\000\363\000n}{chapter.78}% 749
\BOOKMARK [1][-]{section.78.2}{\376\377\000E\000l\000\040\000a\000g\000r\000a\000v\000i\000o\000,\000\040\000g\000r\000a\000v\000a\000m\000e\000n\000\040\000o\000\040\000p\000e\000r\000j\000u\000i\000c\000i\000o}{chapter.78}% 750
\BOOKMARK [1][-]{section.78.3}{\376\377\000E\000l\000\040\000p\000l\000a\000z\000o\000\040\000p\000e\000r\000e\000n\000t\000o\000r\000i\000o}{chapter.78}% 751
\BOOKMARK [1][-]{section.78.4}{\376\377\000A\000d\000m\000i\000s\000i\000b\000i\000l\000i\000d\000a\000d\000\040\000y\000\040\000f\000u\000n\000d\000a\000b\000i\000l\000i\000d\000a\000d}{chapter.78}% 752
\BOOKMARK [2][-]{subsection.78.4.1}{\376\377\000A\000d\000m\000i\000s\000i\000b\000i\000l\000i\000d\000a\000d}{section.78.4}% 753
\BOOKMARK [2][-]{subsection.78.4.2}{\376\377\000F\000u\000n\000d\000a\000b\000i\000l\000i\000d\000a\000d}{section.78.4}% 754
\BOOKMARK [1][-]{section.78.5}{\376\377\000E\000l\000\040\000r\000e\000c\000u\000r\000s\000o\000\040\000i\000n\000d\000i\000f\000e\000r\000e\000n\000t\000e}{chapter.78}% 755
\BOOKMARK [2][-]{subsection.78.5.1}{\376\377\000C\000a\000s\000o\000s\000\040\000Y\000P\000F\000\040\000y\000\040\000T\000e\000j\000i\000d\000a\000\040\000\050\000C\000S\000J\000N\000\051}{section.78.5}% 756
\BOOKMARK [0][-]{chapter.79}{\376\377\000D\000o\000b\000l\000e\000\040\000i\000n\000s\000t\000a\000n\000c\000i\000a\000\040\000y\000\040\000l\000\355\000m\000i\000t\000e\000s\000\040\000d\000e\000l\000\040\000t\000r\000i\000b\000u\000n\000a\000l\000\040\000d\000e\000\040\000a\000l\000z\000a\000d\000a}{part.10}% 757
\BOOKMARK [1][-]{section.79.1}{\376\377\000L\000a\000\040\000g\000a\000r\000a\000n\000t\000\355\000a\000\040\000d\000e\000\040\000l\000a\000\040\000d\000o\000b\000l\000e\000\040\000i\000n\000s\000t\000a\000n\000c\000i\000a}{chapter.79}% 758
\BOOKMARK [2][-]{subsection.79.1.1}{\376\377\000P\000e\000r\000s\000p\000e\000c\000t\000i\000v\000a\000\040\000h\000i\000s\000t\000\363\000r\000i\000c\000a}{section.79.1}% 759
\BOOKMARK [2][-]{subsection.79.1.2}{\376\377\000L\000a\000\040\000C\000o\000n\000s\000t\000i\000t\000u\000c\000i\000\363\000n\000\040\000N\000a\000c\000i\000o\000n\000a\000l\000\040\000d\000e\000\040\0001\0008\0005\0003\000:\000\040\000a\000u\000s\000e\000n\000c\000i\000a\000\040\000d\000e\000\040\000g\000a\000r\000a\000n\000t\000\355\000a\000\040\000e\000x\000p\000r\000e\000s\000a}{section.79.1}% 760
\BOOKMARK [2][-]{subsection.79.1.3}{\376\377\000E\000l\000\040\000P\000a\000c\000t\000o\000\040\000d\000e\000\040\000S\000a\000n\000\040\000J\000o\000s\000\351\000\040\000d\000e\000\040\000C\000o\000s\000t\000a\000\040\000R\000i\000c\000a\000\040\000y\000\040\000l\000a\000\040\000r\000e\000f\000o\000r\000m\000a\000\040\000d\000e\000\040\0001\0009\0009\0004}{section.79.1}% 761
\BOOKMARK [2][-]{subsection.79.1.4}{\376\377\000E\000l\000\040\000c\000a\000s\000o\000\040\000G\000i\000r\000o\000l\000d\000i\000\040\000\050\000C\000S\000J\000N\000\051}{section.79.1}% 762
\BOOKMARK [2][-]{subsection.79.1.5}{\376\377\000M\000a\000t\000e\000r\000i\000a\000\040\000n\000o\000\040\000p\000e\000n\000a\000l\000:\000\040\000a\000u\000s\000e\000n\000c\000i\000a\000\040\000d\000e\000\040\000g\000a\000r\000a\000n\000t\000\355\000a\000\040\000c\000o\000n\000s\000t\000i\000t\000u\000c\000i\000o\000n\000a\000l}{section.79.1}% 763
\BOOKMARK [1][-]{section.79.2}{\376\377\000L\000\355\000m\000i\000t\000e\000s\000\040\000d\000e\000l\000\040\000c\000o\000n\000o\000c\000i\000m\000i\000e\000n\000t\000o\000\040\000d\000e\000l\000\040\000t\000r\000i\000b\000u\000n\000a\000l\000\040\000d\000e\000\040\000a\000l\000z\000a\000d\000a}{chapter.79}% 764
\BOOKMARK [2][-]{subsection.79.2.1}{\376\377\000P\000r\000i\000m\000e\000r\000\040\000l\000\355\000m\000i\000t\000e\000:\000\040\000l\000o\000s\000\040\000e\000s\000c\000r\000i\000t\000o\000s\000\040\000c\000o\000n\000s\000t\000i\000t\000u\000t\000i\000v\000o\000s\000\040\000d\000e\000l\000\040\000p\000r\000o\000c\000e\000s\000o}{section.79.2}% 765
\BOOKMARK [2][-]{subsection.79.2.2}{\376\377\000S\000e\000g\000u\000n\000d\000o\000\040\000l\000\355\000m\000i\000t\000e\000:\000\040\000l\000o\000s\000\040\000a\000g\000r\000a\000v\000i\000o\000s\000\040\000e\000x\000p\000r\000e\000s\000a\000d\000o\000s\000\040\000y\000\040\000s\000u\000s\000\040\000c\000o\000n\000t\000e\000s\000t\000a\000c\000i\000o\000n\000e\000s}{section.79.2}% 766
\BOOKMARK [1][-]{section.79.3}{\376\377\000E\000l\000\040\000p\000r\000i\000n\000c\000i\000p\000i\000o\000\040\000d\000e\000\040\000r\000e\000f\000o\000r\000m\000a\000t\000i\000o\000\040\000i\000n\000\040\000p\000e\000i\000u\000s}{chapter.79}% 767
\BOOKMARK [0][-]{chapter.80}{\376\377\000A\000c\000l\000a\000r\000a\000t\000o\000r\000i\000a\000\040\000y\000\040\000r\000e\000p\000o\000s\000i\000c\000i\000\363\000n}{part.10}% 768
\BOOKMARK [1][-]{section.80.1}{\376\377\000E\000l\000\040\000r\000e\000c\000u\000r\000s\000o\000\040\000d\000e\000\040\000a\000c\000l\000a\000r\000a\000t\000o\000r\000i\000a}{chapter.80}% 769
\BOOKMARK [2][-]{subsection.80.1.1}{\376\377\000S\000u\000p\000u\000e\000s\000t\000o\000s\000\040\000q\000u\000e\000\040\000h\000a\000b\000i\000l\000i\000t\000a\000n\000\040\000l\000a\000\040\000a\000c\000l\000a\000r\000a\000t\000o\000r\000i\000a}{section.80.1}% 770
\BOOKMARK [2][-]{subsection.80.1.2}{\376\377\000C\000a\000r\000a\000c\000t\000e\000r\000\355\000s\000t\000i\000c\000a\000s\000\040\000p\000r\000o\000c\000e\000s\000a\000l\000e\000s\000\040\000d\000e\000\040\000l\000a\000\040\000a\000c\000l\000a\000r\000a\000t\000o\000r\000i\000a}{section.80.1}% 771
\BOOKMARK [1][-]{section.80.2}{\376\377\000E\000l\000\040\000r\000e\000c\000u\000r\000s\000o\000\040\000d\000e\000\040\000r\000e\000p\000o\000s\000i\000c\000i\000\363\000n\000\040\000o\000\040\000r\000e\000v\000o\000c\000a\000t\000o\000r\000i\000a}{chapter.80}% 772
\BOOKMARK [2][-]{subsection.80.2.1}{\376\377\000R\000e\000c\000a\000u\000d\000o\000s\000\040\000d\000e\000\040\000a\000d\000m\000i\000s\000i\000b\000i\000l\000i\000d\000a\000d}{section.80.2}% 773
\BOOKMARK [2][-]{subsection.80.2.2}{\376\377\000P\000l\000a\000z\000o}{section.80.2}% 774
\BOOKMARK [2][-]{subsection.80.2.3}{\376\377\000F\000o\000r\000m\000a\000\040\000d\000e\000\040\000i\000n\000t\000e\000r\000p\000o\000s\000i\000c\000i\000\363\000n\000\040\000y\000\040\000f\000u\000n\000d\000a\000m\000e\000n\000t\000a\000c\000i\000\363\000n}{section.80.2}% 775
\BOOKMARK [2][-]{subsection.80.2.4}{\376\377\000T\000r\000\341\000m\000i\000t\000e\000\040\000y\000\040\000r\000e\000s\000o\000l\000u\000c\000i\000\363\000n}{section.80.2}% 776
\BOOKMARK [2][-]{subsection.80.2.5}{\376\377\000E\000f\000e\000c\000t\000o\000s\000:\000\040\000l\000a\000\040\000e\000j\000e\000c\000u\000t\000o\000r\000i\000a\000\040\000y\000\040\000s\000u\000s\000\040\000e\000x\000c\000e\000p\000c\000i\000o\000n\000e\000s}{section.80.2}% 777
\BOOKMARK [0][-]{chapter.81}{\376\377\000E\000l\000\040\000i\000n\000c\000i\000d\000e\000n\000t\000e\000\040\000d\000e\000\040\000n\000u\000l\000i\000d\000a\000d}{part.10}% 778
\BOOKMARK [1][-]{section.81.1}{\376\377\000P\000r\000i\000n\000c\000i\000p\000i\000o\000\040\000g\000e\000n\000e\000r\000a\000l\000:\000\040\000c\000o\000n\000s\000e\000r\000v\000a\000c\000i\000\363\000n\000\040\000d\000e\000\040\000l\000o\000s\000\040\000a\000c\000t\000o\000s\000\040\000p\000r\000o\000c\000e\000s\000a\000l\000e\000s}{chapter.81}% 779
\BOOKMARK [1][-]{section.81.2}{\376\377\000L\000o\000s\000\040\000c\000i\000n\000c\000o\000\040\000p\000r\000i\000n\000c\000i\000p\000i\000o\000s\000\040\000q\000u\000e\000\040\000r\000i\000g\000e\000n\000\040\000l\000a\000s\000\040\000n\000u\000l\000i\000d\000a\000d\000e\000s\000\040\000p\000r\000o\000c\000e\000s\000a\000l\000e\000s}{chapter.81}% 780
\BOOKMARK [2][-]{subsection.81.2.1}{\376\377\000P\000r\000i\000n\000c\000i\000p\000i\000o\000\040\000d\000e\000\040\000e\000s\000p\000e\000c\000i\000f\000i\000c\000i\000d\000a\000d\000\040\000\050\000a\000r\000t\000.\000\040\0001\0006\0009\000,\000\040\000p\000r\000i\000m\000e\000r\000\040\000p\000\341\000r\000r\000a\000f\000o\000\051}{section.81.2}% 781
\BOOKMARK [2][-]{subsection.81.2.2}{\376\377\000P\000r\000i\000n\000c\000i\000p\000i\000o\000\040\000d\000e\000\040\000f\000i\000n\000a\000l\000i\000d\000a\000d\000\040\000o\000\040\000c\000o\000n\000s\000e\000r\000v\000a\000c\000i\000\363\000n\000\040\000\050\000a\000r\000t\000.\000\040\0001\0006\0009\000,\000\040\000s\000e\000g\000u\000n\000d\000o\000\040\000p\000\341\000r\000r\000a\000f\000o\000\051}{section.81.2}% 782
\BOOKMARK [2][-]{subsection.81.2.3}{\376\377\000P\000r\000i\000n\000c\000i\000p\000i\000o\000\040\000d\000e\000\040\000s\000u\000b\000s\000a\000n\000a\000c\000i\000\363\000n\000\040\000\050\000a\000r\000t\000s\000.\000\040\0001\0007\0000\000\040\000y\000\040\0001\0007\0002\000\051}{section.81.2}% 783
\BOOKMARK [2][-]{subsection.81.2.4}{\376\377\000P\000r\000i\000n\000c\000i\000p\000i\000o\000\040\000d\000e\000\040\000t\000r\000a\000s\000c\000e\000n\000d\000e\000n\000c\000i\000a\000\040\000\050\000a\000r\000t\000.\000\040\0001\0007\0002\000\051}{section.81.2}% 784
\BOOKMARK [2][-]{subsection.81.2.5}{\376\377\000P\000r\000i\000n\000c\000i\000p\000i\000o\000\040\000d\000e\000\040\000p\000r\000o\000t\000e\000c\000c\000i\000\363\000n\000\040\000\050\000a\000r\000t\000.\000\040\0001\0007\0001\000\051}{section.81.2}% 785
\BOOKMARK [0][-]{chapter.82}{\376\377\000R\000e\000c\000u\000r\000s\000o\000\040\000d\000e\000\040\000a\000p\000e\000l\000a\000c\000i\000\363\000n\000:\000\040\000c\000o\000n\000c\000e\000p\000t\000o\000,\000\040\000p\000r\000o\000c\000e\000d\000e\000n\000c\000i\000a\000\040\000y\000\040\000f\000o\000r\000m\000a}{part.10}% 786
\BOOKMARK [1][-]{section.82.1}{\376\377\000D\000e\000f\000i\000n\000i\000c\000i\000\363\000n\000\040\000d\000e\000l\000\040\000r\000e\000c\000u\000r\000s\000o\000\040\000d\000e\000\040\000a\000p\000e\000l\000a\000c\000i\000\363\000n}{chapter.82}% 787
\BOOKMARK [1][-]{section.82.2}{\376\377\000L\000e\000g\000i\000t\000i\000m\000a\000d\000o\000s\000\040\000p\000a\000r\000a\000\040\000i\000n\000t\000e\000r\000p\000o\000n\000e\000r\000\040\000e\000l\000\040\000r\000e\000c\000u\000r\000s\000o}{chapter.82}% 788
\BOOKMARK [1][-]{section.82.3}{\376\377\000R\000e\000s\000o\000l\000u\000c\000i\000o\000n\000e\000s\000\040\000a\000p\000e\000l\000a\000b\000l\000e\000s\000:\000\040\000l\000a\000\040\000r\000e\000g\000l\000a\000\040\000d\000e\000\040\000l\000a\000\040\000a\000p\000e\000l\000a\000b\000i\000l\000i\000d\000a\000d}{chapter.82}% 789
\BOOKMARK [2][-]{subsection.82.3.1}{\376\377\000A\000r\000t\000\355\000c\000u\000l\000o\000\040\0003\0007\0009\000\040\000C\000P\000C\000C\000N\000:\000\040\000i\000n\000a\000p\000e\000l\000a\000b\000i\000l\000i\000d\000a\000d\000\040\000d\000e\000\040\000r\000e\000s\000o\000l\000u\000c\000i\000o\000n\000e\000s\000\040\000s\000o\000b\000r\000e\000\040\000p\000r\000u\000e\000b\000a}{section.82.3}% 790
\BOOKMARK [2][-]{subsection.82.3.2}{\376\377\000A\000r\000t\000\355\000c\000u\000l\000o\000\040\0002\0004\0002\000\040\000C\000P\000C\000C\000N\000:\000\040\000l\000\355\000m\000i\000t\000e\000\040\000p\000o\000r\000\040\000m\000o\000n\000t\000o}{section.82.3}% 791
\BOOKMARK [1][-]{section.82.4}{\376\377\000R\000e\000v\000o\000c\000a\000t\000o\000r\000i\000a\000\040\000c\000o\000n\000\040\000a\000p\000e\000l\000a\000c\000i\000\363\000n\000\040\000e\000n\000\040\000s\000u\000b\000s\000i\000d\000i\000o}{chapter.82}% 792
\BOOKMARK [1][-]{section.82.5}{\376\377\000E\000r\000r\000o\000r\000e\000s\000\040\000q\000u\000e\000\040\000c\000o\000m\000p\000r\000e\000n\000d\000e\000\040\000e\000l\000\040\000r\000e\000c\000u\000r\000s\000o\000\040\000d\000e\000\040\000a\000p\000e\000l\000a\000c\000i\000\363\000n}{chapter.82}% 793
\BOOKMARK [1][-]{section.82.6}{\376\377\000P\000l\000a\000z\000o\000\040\000y\000\040\000f\000o\000r\000m\000a\000\040\000d\000e\000\040\000i\000n\000t\000e\000r\000p\000o\000s\000i\000c\000i\000\363\000n}{chapter.82}% 794
\BOOKMARK [1][-]{section.82.7}{\376\377\000L\000o\000s\000\040\000d\000o\000s\000\040\000m\000o\000m\000e\000n\000t\000o\000s\000\040\000d\000e\000l\000\040\000r\000e\000c\000u\000r\000s\000o\000\040\000d\000e\000\040\000a\000p\000e\000l\000a\000c\000i\000\363\000n}{chapter.82}% 795
\BOOKMARK [0][-]{chapter.83}{\376\377\000C\000o\000n\000c\000e\000s\000i\000\363\000n\000,\000\040\000t\000r\000\341\000m\000i\000t\000e\000\040\000y\000\040\000e\000f\000e\000c\000t\000o\000s\000\040\000d\000e\000\040\000l\000a\000\040\000a\000p\000e\000l\000a\000c\000i\000\363\000n}{part.10}% 796
\BOOKMARK [1][-]{section.83.1}{\376\377\000L\000a\000s\000\040\000t\000r\000e\000s\000\040\000c\000o\000n\000s\000e\000c\000u\000e\000n\000c\000i\000a\000s\000\040\000d\000e\000\040\000l\000a\000\040\000c\000o\000n\000c\000e\000s\000i\000\363\000n}{chapter.83}% 797
\BOOKMARK [1][-]{section.83.2}{\376\377\000F\000o\000r\000m\000a\000\040\000d\000e\000\040\000c\000o\000n\000c\000e\000s\000i\000\363\000n\000:\000\040\000l\000i\000b\000r\000e\000\040\000v\000s\000.\000\040\000e\000n\000\040\000r\000e\000l\000a\000c\000i\000\363\000n}{chapter.83}% 798
\BOOKMARK [2][-]{subsection.83.2.1}{\376\377\000P\000r\000o\000c\000e\000d\000i\000m\000i\000e\000n\000t\000o\000\040\000c\000u\000a\000n\000d\000o\000\040\000s\000e\000\040\000c\000o\000n\000c\000e\000d\000e\000\040\000e\000n\000\040\000r\000e\000l\000a\000c\000i\000\363\000n}{section.83.2}% 799
\BOOKMARK [2][-]{subsection.83.2.2}{\376\377\000P\000r\000o\000c\000e\000d\000i\000m\000i\000e\000n\000t\000o\000\040\000c\000u\000a\000n\000d\000o\000\040\000s\000e\000\040\000c\000o\000n\000c\000e\000d\000e\000\040\000l\000i\000b\000r\000e\000m\000e\000n\000t\000e}{section.83.2}% 800
\BOOKMARK [2][-]{subsection.83.2.3}{\376\377\000A\000r\000t\000\355\000c\000u\000l\000o\000\040\0002\0006\0000\000:\000\040\000a\000c\000t\000i\000v\000i\000d\000a\000d\000\040\000a\000d\000i\000c\000i\000o\000n\000a\000l\000\040\000e\000n\000\040\000c\000\341\000m\000a\000r\000a}{section.83.2}% 801
\BOOKMARK [1][-]{section.83.3}{\376\377\000L\000\355\000m\000i\000t\000e\000s\000\040\000d\000e\000\040\000l\000a\000\040\000a\000l\000z\000a\000d\000a\000\040\000a\000l\000\040\000r\000e\000s\000o\000l\000v\000e\000r}{chapter.83}% 802
\BOOKMARK [1][-]{section.83.4}{\376\377\000T\000r\000\341\000m\000i\000t\000e\000:\000\040\000i\000n\000m\000e\000d\000i\000a\000t\000o\000\040\000v\000s\000.\000\040\000d\000i\000f\000e\000r\000i\000d\000o}{chapter.83}% 803
\BOOKMARK [2][-]{subsection.83.4.1}{\376\377\000S\000u\000p\000u\000e\000s\000t\000o\000s\000\040\000d\000e\000\040\000t\000r\000\341\000m\000i\000t\000e\000\040\000d\000i\000f\000e\000r\000i\000d\000o}{section.83.4}% 804
\BOOKMARK [1][-]{section.83.5}{\376\377\000E\000f\000e\000c\000t\000o\000s\000:\000\040\000s\000u\000s\000p\000e\000n\000s\000i\000v\000o\000\040\000v\000s\000.\000\040\000n\000o\000\040\000s\000u\000s\000p\000e\000n\000s\000i\000v\000o\000\040\000\050\000d\000e\000v\000o\000l\000u\000t\000i\000v\000o\000\051}{chapter.83}% 805
\BOOKMARK [2][-]{subsection.83.5.1}{\376\377\000O\000r\000i\000g\000e\000n\000\040\000h\000i\000s\000t\000\363\000r\000i\000c\000o\000\040\000d\000e\000l\000\040\000t\000\351\000r\000m\000i\000n\000o\000\040\000`\000`\000d\000e\000v\000o\000l\000u\000t\000i\000v\000o\000'\000'}{section.83.5}% 806
\BOOKMARK [2][-]{subsection.83.5.2}{\376\377\000S\000u\000p\000u\000e\000s\000t\000o\000s\000\040\000d\000e\000\040\000e\000f\000e\000c\000t\000o\000\040\000n\000o\000\040\000s\000u\000s\000p\000e\000n\000s\000i\000v\000o}{section.83.5}% 807
\BOOKMARK [1][-]{section.83.6}{\376\377\000A\000r\000t\000\355\000c\000u\000l\000o\000\040\0002\0005\0000\000:\000\040\000p\000r\000o\000c\000e\000d\000i\000m\000i\000e\000n\000t\000o\000\040\000s\000e\000g\000\372\000n\000\040\000e\000l\000\040\000t\000i\000p\000o\000\040\000d\000e\000\040\000r\000e\000s\000o\000l\000u\000c\000i\000\363\000n}{chapter.83}% 808
\BOOKMARK [0][-]{chapter.84}{\376\377\000R\000e\000g\000l\000a\000s\000\040\000y\000\040\000m\000e\000c\000a\000n\000i\000s\000m\000o\000s\000\040\000e\000s\000p\000e\000c\000i\000a\000l\000e\000s\000\040\000d\000e\000\040\000l\000a\000\040\000a\000p\000e\000l\000a\000c\000i\000\363\000n}{part.10}% 809
\BOOKMARK [1][-]{section.84.1}{\376\377\000L\000a\000s\000\040\000s\000e\000i\000s\000\040\000r\000e\000g\000l\000a\000s\000\040\000d\000e\000l\000\040\000r\000e\000c\000u\000r\000s\000o\000\040\000d\000e\000\040\000a\000p\000e\000l\000a\000c\000i\000\363\000n}{chapter.84}% 810
\BOOKMARK [1][-]{section.84.2}{\376\377\000A\000d\000m\000i\000s\000i\000b\000i\000l\000i\000d\000a\000d\000\040\000v\000s\000.\000\040\000f\000u\000n\000d\000a\000b\000i\000l\000i\000d\000a\000d\000:\000\040\000\277\000q\000u\000i\000\351\000n\000\040\000a\000n\000a\000l\000i\000z\000a\000\040\000q\000u\000\351\000?}{chapter.84}% 811
\BOOKMARK [1][-]{section.84.3}{\376\377\000C\000a\000s\000o\000\040\000p\000r\000\341\000c\000t\000i\000c\000o\000:\000\040\000c\000o\000n\000t\000e\000s\000t\000a\000c\000i\000\363\000n\000\040\000d\000e\000\040\000d\000e\000m\000a\000n\000d\000a\000\040\000d\000e\000c\000l\000a\000r\000a\000d\000a\000\040\000e\000x\000t\000e\000m\000p\000o\000r\000\341\000n\000e\000a}{chapter.84}% 812
\BOOKMARK [1][-]{section.84.4}{\376\377\000R\000e\000v\000o\000c\000a\000c\000i\000\363\000n\000\040\000n\000o\000m\000i\000n\000a\000d\000a\000:\000\040\000a\000r\000t\000\355\000c\000u\000l\000o\000\040\0003\0008\000\040\000t\000e\000r\000\040\000C\000P\000C\000C\000N}{chapter.84}% 813
\BOOKMARK [1][-]{section.84.5}{\376\377\000R\000e\000p\000o\000s\000i\000c\000i\000\363\000n\000\040\000i\000n\000\040\000e\000x\000t\000r\000e\000m\000i\000s\000:\000\040\000c\000r\000e\000a\000c\000i\000\363\000n\000\040\000p\000r\000e\000t\000o\000r\000i\000a\000n\000a}{chapter.84}% 814
\BOOKMARK [2][-]{subsection.84.5.1}{\376\377\000J\000u\000r\000i\000s\000p\000r\000u\000d\000e\000n\000c\000i\000a\000\040\000s\000o\000b\000r\000e\000\040\000l\000a\000\040\000r\000e\000p\000o\000s\000i\000c\000i\000\363\000n\000\040\000i\000n\000\040\000e\000x\000t\000r\000e\000m\000i\000s}{section.84.5}% 815
\BOOKMARK [1][-]{section.84.6}{\376\377\000S\000\355\000n\000t\000e\000s\000i\000s\000\040\000g\000e\000n\000e\000r\000a\000l\000\040\000d\000e\000\040\000l\000a\000\040\000i\000m\000p\000u\000g\000n\000a\000c\000i\000\363\000n\000\040\000y\000\040\000l\000o\000s\000\040\000r\000e\000c\000u\000r\000s\000o\000s}{chapter.84}% 816
\BOOKMARK [-1][-]{part.11}{\376\377\000X\000I\000\040\000E\000j\000e\000c\000u\000c\000i\000\363\000n\000\040\000d\000e\000\040\000l\000a\000\040\000s\000e\000n\000t\000e\000n\000c\000i\000a\000\040\000y\000\040\000j\000u\000i\000c\000i\000o\000\040\000e\000j\000e\000c\000u\000t\000i\000v\000o}{}% 817
\BOOKMARK [0][-]{chapter.85}{\376\377\000N\000a\000t\000u\000r\000a\000l\000e\000z\000a\000\040\000y\000\040\000e\000n\000c\000u\000a\000d\000r\000e\000\040\000d\000e\000\040\000l\000a\000\040\000e\000j\000e\000c\000u\000c\000i\000\363\000n}{part.11}% 818
\BOOKMARK [1][-]{section.85.1}{\376\377\000U\000b\000i\000c\000a\000c\000i\000\363\000n\000\040\000n\000o\000r\000m\000a\000t\000i\000v\000a\000\040\000e\000n\000\040\000e\000l\000\040\000C\000\363\000d\000i\000g\000o\000\040\000P\000r\000o\000c\000e\000s\000a\000l}{chapter.85}% 819
\BOOKMARK [1][-]{section.85.2}{\376\377\000L\000a\000\040\000e\000j\000e\000c\000u\000c\000i\000\363\000n\000\040\000d\000e\000\040\000s\000e\000n\000t\000e\000n\000c\000i\000a\000\040\000n\000o\000\040\000e\000s\000\040\000u\000n\000\040\000p\000r\000o\000c\000e\000s\000o\000\040\000i\000n\000d\000e\000p\000e\000n\000d\000i\000e\000n\000t\000e}{chapter.85}% 820
\BOOKMARK [1][-]{section.85.3}{\376\377\000D\000i\000f\000e\000r\000e\000n\000c\000i\000a\000s\000\040\000e\000n\000t\000r\000e\000\040\000e\000j\000e\000c\000u\000c\000i\000\363\000n\000\040\000d\000e\000\040\000s\000e\000n\000t\000e\000n\000c\000i\000a\000\040\000y\000\040\000j\000u\000i\000c\000i\000o\000\040\000e\000j\000e\000c\000u\000t\000i\000v\000o}{chapter.85}% 821
\BOOKMARK [1][-]{section.85.4}{\376\377\000L\000a\000\040\000s\000e\000n\000t\000e\000n\000c\000i\000a\000\040\000c\000o\000m\000o\000\040\000t\000\355\000t\000u\000l\000o\000\040\000e\000j\000e\000c\000u\000t\000o\000r\000i\000o\000:\000\040\000e\000l\000\040\000d\000e\000r\000e\000c\000h\000o\000\040\000c\000i\000e\000r\000t\000o}{chapter.85}% 822
\BOOKMARK [0][-]{chapter.86}{\376\377\000R\000e\000q\000u\000i\000s\000i\000t\000o\000s\000\040\000p\000a\000r\000a\000\040\000e\000j\000e\000c\000u\000t\000a\000r\000\040\000l\000a\000\040\000s\000e\000n\000t\000e\000n\000c\000i\000a}{part.11}% 823
\BOOKMARK [1][-]{section.86.1}{\376\377\000L\000a\000\040\000s\000e\000n\000t\000e\000n\000c\000i\000a\000\040\000c\000o\000n\000s\000e\000n\000t\000i\000d\000a}{chapter.86}% 824
\BOOKMARK [1][-]{section.86.2}{\376\377\000L\000a\000\040\000s\000e\000n\000t\000e\000n\000c\000i\000a\000\040\000e\000j\000e\000c\000u\000t\000o\000r\000i\000a\000d\000a}{chapter.86}% 825
\BOOKMARK [1][-]{section.86.3}{\376\377\000P\000l\000a\000z\000o\000\040\000v\000e\000n\000c\000i\000d\000o\000,\000\040\000i\000n\000c\000u\000m\000p\000l\000i\000m\000i\000e\000n\000t\000o\000\040\000e\000\040\000i\000n\000s\000t\000a\000n\000c\000i\000a\000\040\000d\000e\000\040\000p\000a\000r\000t\000e}{chapter.86}% 826
\BOOKMARK [1][-]{section.86.4}{\376\377\000E\000x\000c\000e\000p\000c\000i\000\363\000n\000:\000\040\000l\000a\000\040\000e\000j\000e\000c\000u\000c\000i\000\363\000n\000\040\000p\000r\000o\000v\000i\000s\000o\000r\000i\000a}{chapter.86}% 827
\BOOKMARK [2][-]{subsection.86.4.1}{\376\377\000A\000l\000i\000m\000e\000n\000t\000o\000s}{section.86.4}% 828
\BOOKMARK [2][-]{subsection.86.4.2}{\376\377\000P\000r\000o\000c\000e\000s\000o\000\040\000s\000u\000m\000a\000r\000\355\000s\000i\000m\000o}{section.86.4}% 829
\BOOKMARK [2][-]{subsection.86.4.3}{\376\377\000R\000e\000c\000u\000r\000s\000o\000\040\000e\000x\000t\000r\000a\000o\000r\000d\000i\000n\000a\000r\000i\000o}{section.86.4}% 830
\BOOKMARK [1][-]{section.86.5}{\376\377\000E\000j\000e\000c\000u\000c\000i\000\363\000n\000\040\000p\000a\000r\000c\000i\000a\000l\000\040\000d\000e\000\040\000l\000a\000\040\000s\000e\000n\000t\000e\000n\000c\000i\000a}{chapter.86}% 831
\BOOKMARK [0][-]{chapter.87}{\376\377\000C\000o\000m\000p\000e\000t\000e\000n\000c\000i\000a\000\040\000y\000\040\000p\000r\000o\000c\000e\000d\000i\000m\000i\000e\000n\000t\000o\000\040\000d\000e\000\040\000l\000a\000\040\000e\000j\000e\000c\000u\000c\000i\000\363\000n}{part.11}% 832
\BOOKMARK [1][-]{section.87.1}{\376\377\000C\000o\000m\000p\000e\000t\000e\000n\000c\000i\000a\000:\000\040\000e\000l\000\040\000j\000u\000e\000z\000\040\000q\000u\000e\000\040\000d\000i\000c\000t\000\363\000\040\000l\000a\000\040\000s\000e\000n\000t\000e\000n\000c\000i\000a}{chapter.87}% 833
\BOOKMARK [2][-]{subsection.87.1.1}{\376\377\000D\000e\000l\000e\000g\000a\000c\000i\000\363\000n\000\040\000a\000\040\000u\000n\000\040\000j\000u\000e\000z\000\040\000d\000e\000\040\000o\000t\000r\000a\000\040\000c\000o\000m\000p\000e\000t\000e\000n\000c\000i\000a\000\040\000t\000e\000r\000r\000i\000t\000o\000r\000i\000a\000l}{section.87.1}% 834
\BOOKMARK [2][-]{subsection.87.1.2}{\376\377\000C\000o\000n\000e\000x\000i\000\363\000n\000\040\000d\000i\000r\000e\000c\000t\000a\000\040\000e\000n\000t\000r\000e\000\040\000c\000a\000u\000s\000a\000s\000\040\000s\000u\000c\000e\000s\000i\000v\000a\000s}{section.87.1}% 835
\BOOKMARK [1][-]{section.87.2}{\376\377\000C\000o\000n\000d\000e\000n\000a\000\040\000a\000\040\000p\000a\000g\000a\000r\000\040\000c\000a\000n\000t\000i\000d\000a\000d\000\040\000l\000\355\000q\000u\000i\000d\000a}{chapter.87}% 836
\BOOKMARK [1][-]{section.87.3}{\376\377\000L\000a\000\040\000t\000r\000a\000b\000a\000\040\000d\000e\000l\000\040\000e\000m\000b\000a\000r\000g\000o}{chapter.87}% 837
\BOOKMARK [2][-]{subsection.87.3.1}{\376\377\000B\000i\000e\000n\000e\000s\000\040\000i\000n\000m\000u\000e\000b\000l\000e\000s}{section.87.3}% 838
\BOOKMARK [2][-]{subsection.87.3.2}{\376\377\000B\000i\000e\000n\000e\000s\000\040\000m\000u\000e\000b\000l\000e\000s\000\040\000r\000e\000g\000i\000s\000t\000r\000a\000b\000l\000e\000s}{section.87.3}% 839
\BOOKMARK [2][-]{subsection.87.3.3}{\376\377\000B\000i\000e\000n\000e\000s\000\040\000m\000u\000e\000b\000l\000e\000s\000\040\000n\000o\000\040\000r\000e\000g\000i\000s\000t\000r\000a\000b\000l\000e\000s}{section.87.3}% 840
\BOOKMARK [1][-]{section.87.4}{\376\377\000E\000f\000e\000c\000t\000o\000s\000\040\000d\000e\000l\000\040\000e\000m\000b\000a\000r\000g\000o}{chapter.87}% 841
\BOOKMARK [1][-]{section.87.5}{\376\377\000C\000i\000t\000a\000c\000i\000\363\000n\000\040\000d\000e\000\040\000v\000e\000n\000t\000a}{chapter.87}% 842
\BOOKMARK [1][-]{section.87.6}{\376\377\000L\000a\000s\000\040\000e\000x\000c\000e\000p\000c\000i\000o\000n\000e\000s\000\040\000d\000e\000l\000\040\000a\000r\000t\000\355\000c\000u\000l\000o\000\040\0005\0000\0006}{chapter.87}% 843
\BOOKMARK [2][-]{subsection.87.6.1}{\376\377\000F\000a\000l\000s\000e\000d\000a\000d\000\040\000d\000e\000\040\000l\000a\000\040\000e\000j\000e\000c\000u\000t\000o\000r\000i\000a}{section.87.6}% 844
\BOOKMARK [2][-]{subsection.87.6.2}{\376\377\000P\000r\000e\000s\000c\000r\000i\000p\000c\000i\000\363\000n\000\040\000d\000e\000\040\000l\000a\000\040\000e\000j\000e\000c\000u\000t\000o\000r\000i\000a}{section.87.6}% 845
\BOOKMARK [2][-]{subsection.87.6.3}{\376\377\000P\000a\000g\000o}{section.87.6}% 846
\BOOKMARK [2][-]{subsection.87.6.4}{\376\377\000Q\000u\000i\000t\000a\000,\000\040\000e\000s\000p\000e\000r\000a\000\040\000y\000\040\000r\000e\000m\000i\000s\000i\000\363\000n}{section.87.6}% 847
\BOOKMARK [1][-]{section.87.7}{\376\377\000E\000x\000c\000e\000p\000c\000i\000o\000n\000e\000s\000\040\000n\000o\000\040\000e\000n\000u\000m\000e\000r\000a\000d\000a\000s\000\040\000a\000d\000m\000i\000t\000i\000d\000a\000s\000\040\000p\000o\000r\000\040\000l\000a\000\040\000j\000u\000r\000i\000s\000p\000r\000u\000d\000e\000n\000c\000i\000a}{chapter.87}% 848
\BOOKMARK [1][-]{section.87.8}{\376\377\000T\000r\000\341\000m\000i\000t\000e\000\040\000d\000e\000\040\000l\000a\000s\000\040\000e\000x\000c\000e\000p\000c\000i\000o\000n\000e\000s\000\040\000y\000\040\000s\000e\000n\000t\000e\000n\000c\000i\000a\000\040\000d\000e\000\040\000v\000e\000n\000t\000a}{chapter.87}% 849
\BOOKMARK [0][-]{chapter.88}{\376\377\000C\000o\000n\000d\000e\000n\000a\000\040\000i\000l\000\355\000q\000u\000i\000d\000a\000\040\000y\000\040\000l\000i\000q\000u\000i\000d\000a\000c\000i\000\363\000n}{part.11}% 850
\BOOKMARK [1][-]{section.88.1}{\376\377\000C\000u\000\341\000n\000d\000o\000\040\000c\000o\000r\000r\000e\000s\000p\000o\000n\000d\000e\000\040\000p\000r\000a\000c\000t\000i\000c\000a\000r\000\040\000l\000i\000q\000u\000i\000d\000a\000c\000i\000\363\000n}{chapter.88}% 851
\BOOKMARK [1][-]{section.88.2}{\376\377\000Q\000u\000i\000\351\000n\000\040\000p\000r\000a\000c\000t\000i\000c\000a\000\040\000l\000a\000\040\000l\000i\000q\000u\000i\000d\000a\000c\000i\000\363\000n\000\040\000y\000\040\000e\000n\000\040\000q\000u\000\351\000\040\000p\000l\000a\000z\000o}{chapter.88}% 852
\BOOKMARK [1][-]{section.88.3}{\376\377\000I\000m\000p\000u\000g\000n\000a\000c\000i\000\363\000n\000\040\000d\000e\000\040\000l\000a\000\040\000l\000i\000q\000u\000i\000d\000a\000c\000i\000\363\000n}{chapter.88}% 853
\BOOKMARK [1][-]{section.88.4}{\376\377\000D\000e\000b\000a\000t\000e\000\040\000d\000o\000c\000t\000r\000i\000n\000a\000l\000\040\000s\000o\000b\000r\000e\000\040\000l\000a\000\040\000a\000p\000e\000l\000a\000c\000i\000\363\000n\000\040\000d\000e\000\040\000l\000a\000\040\000l\000i\000q\000u\000i\000d\000a\000c\000i\000\363\000n\000\040\000a\000p\000r\000o\000b\000a\000d\000a}{chapter.88}% 854
\BOOKMARK [0][-]{chapter.89}{\376\377\000O\000b\000l\000i\000g\000a\000c\000i\000o\000n\000e\000s\000\040\000d\000e\000\040\000h\000a\000c\000e\000r\000,\000\040\000n\000o\000\040\000h\000a\000c\000e\000r\000\040\000y\000\040\000d\000a\000r\000\040\000c\000o\000s\000a\000s}{part.11}% 855
\BOOKMARK [1][-]{section.89.1}{\376\377\000C\000o\000n\000d\000e\000n\000a\000\040\000a\000\040\000h\000a\000c\000e\000r\000\040\000a\000l\000g\000u\000n\000a\000\040\000c\000o\000s\000a}{chapter.89}% 856
\BOOKMARK [1][-]{section.89.2}{\376\377\000C\000o\000n\000d\000e\000n\000a\000\040\000a\000\040\000o\000t\000o\000r\000g\000a\000r\000\040\000e\000s\000c\000r\000i\000t\000u\000r\000a\000\040\000p\000\372\000b\000l\000i\000c\000a}{chapter.89}% 857
\BOOKMARK [1][-]{section.89.3}{\376\377\000C\000o\000n\000d\000e\000n\000a\000\040\000a\000\040\000n\000o\000\040\000h\000a\000c\000e\000r}{chapter.89}% 858
\BOOKMARK [1][-]{section.89.4}{\376\377\000C\000o\000n\000d\000e\000n\000a\000\040\000a\000\040\000d\000a\000r\000\040\000c\000o\000s\000a\000s\000:\000\040\000m\000a\000n\000d\000a\000m\000i\000e\000n\000t\000o\000\040\000d\000e\000\040\000d\000e\000s\000a\000p\000o\000d\000e\000r\000a\000m\000i\000e\000n\000t\000o}{chapter.89}% 859
\BOOKMARK [1][-]{section.89.5}{\376\377\000L\000i\000q\000u\000i\000d\000a\000c\000i\000o\000n\000e\000s\000\040\000e\000s\000p\000e\000c\000i\000a\000l\000e\000s}{chapter.89}% 860
\BOOKMARK [1][-]{section.89.6}{\376\377\000O\000t\000r\000o\000s\000\040\000t\000\355\000t\000u\000l\000o\000s\000\040\000e\000j\000e\000c\000u\000t\000a\000b\000l\000e\000s\000\040\000p\000o\000r\000\040\000e\000s\000t\000e\000\040\000p\000r\000o\000c\000e\000d\000i\000m\000i\000e\000n\000t\000o}{chapter.89}% 861
\BOOKMARK [1][-]{section.89.7}{\376\377\000R\000e\000f\000l\000e\000x\000i\000\363\000n\000\040\000f\000i\000n\000a\000l}{chapter.89}% 862
\BOOKMARK [1][-]{section.89.8}{\376\377\000S\000\355\000n\000t\000e\000s\000i\000s\000\040\000d\000e\000\040\000l\000a\000\040\000e\000j\000e\000c\000u\000c\000i\000\363\000n\000\040\000d\000e\000\040\000s\000e\000n\000t\000e\000n\000c\000i\000a}{chapter.89}% 863
\BOOKMARK [0][-]{chapter.90}{\376\377\000E\000l\000\040\000j\000u\000i\000c\000i\000o\000\040\000e\000j\000e\000c\000u\000t\000i\000v\000o}{part.11}% 864
\BOOKMARK [1][-]{section.90.1}{\376\377\000U\000b\000i\000c\000a\000c\000i\000\363\000n\000\040\000e\000n\000\040\000e\000l\000\040\000c\000\363\000d\000i\000g\000o\000\040\000p\000r\000o\000c\000e\000s\000a\000l}{chapter.90}% 865
\BOOKMARK [1][-]{section.90.2}{\376\377\000C\000o\000n\000c\000e\000p\000t\000o\000\040\000y\000\040\000n\000a\000t\000u\000r\000a\000l\000e\000z\000a\000\040\000j\000u\000r\000\355\000d\000i\000c\000a}{chapter.90}% 866
\BOOKMARK [2][-]{subsection.90.2.1}{\376\377\000E\000l\000\040\000p\000r\000o\000c\000e\000s\000o\000\040\000d\000e\000\040\000c\000o\000n\000o\000c\000i\000m\000i\000e\000n\000t\000o\000\040\000s\000u\000m\000a\000r\000i\000o}{section.90.2}% 867
\BOOKMARK [2][-]{subsection.90.2.2}{\376\377\000L\000a\000\040\000o\000p\000c\000i\000\363\000n\000\040\000p\000o\000r\000\040\000l\000a\000\040\000r\000a\000p\000i\000d\000e\000z}{section.90.2}% 868
\BOOKMARK [1][-]{section.90.3}{\376\377\000D\000i\000f\000e\000r\000e\000n\000c\000i\000a\000\040\000c\000o\000n\000\040\000l\000a\000\040\000e\000j\000e\000c\000u\000c\000i\000\363\000n\000\040\000d\000e\000\040\000s\000e\000n\000t\000e\000n\000c\000i\000a\000s}{chapter.90}% 869
\BOOKMARK [2][-]{subsection.90.3.1}{\376\377\000E\000l\000\040\000d\000e\000s\000d\000o\000b\000l\000a\000m\000i\000e\000n\000t\000o\000\040\000d\000e\000l\000\040\000c\000o\000n\000o\000c\000i\000m\000i\000e\000n\000t\000o\000\040\000d\000e\000l\000\040\000c\000o\000n\000f\000l\000i\000c\000t\000o}{section.90.3}% 870
\BOOKMARK [2][-]{subsection.90.3.2}{\376\377\000L\000a\000\040\000c\000o\000s\000a\000\040\000j\000u\000z\000g\000a\000d\000a\000\040\000e\000n\000\040\000e\000l\000\040\000j\000u\000i\000c\000i\000o\000\040\000e\000j\000e\000c\000u\000t\000i\000v\000o}{section.90.3}% 871
\BOOKMARK [1][-]{section.90.4}{\376\377\000R\000e\000q\000u\000i\000s\000i\000t\000o\000s\000\040\000p\000a\000r\000a\000\040\000a\000c\000c\000e\000d\000e\000r\000\040\000a\000\040\000l\000a\000\040\000v\000\355\000a\000\040\000e\000j\000e\000c\000u\000t\000i\000v\000a}{chapter.90}% 872
\BOOKMARK [2][-]{subsection.90.4.1}{\376\377\000L\000a\000\040\000e\000x\000i\000g\000i\000b\000i\000l\000i\000d\000a\000d}{section.90.4}% 873
\BOOKMARK [2][-]{subsection.90.4.2}{\376\377\000L\000a\000\040\000l\000i\000q\000u\000i\000d\000e\000z\000\040\000o\000\040\000f\000\341\000c\000i\000l\000\040\000l\000i\000q\000u\000i\000d\000a\000b\000i\000l\000i\000d\000a\000d}{section.90.4}% 874
\BOOKMARK [2][-]{subsection.90.4.3}{\376\377\000E\000l\000\040\000c\000a\000s\000o\000\040\000d\000e\000\040\000l\000a\000\040\000m\000o\000n\000e\000d\000a\000\040\000e\000x\000t\000r\000a\000n\000j\000e\000r\000a}{section.90.4}% 875
\BOOKMARK [1][-]{section.90.5}{\376\377\000T\000\355\000t\000u\000l\000o\000s\000\040\000e\000j\000e\000c\000u\000t\000i\000v\000o\000s\000\040\040\024\000\040\000A\000r\000t\000\355\000c\000u\000l\000o\000\040\0005\0002\0003}{chapter.90}% 876
\BOOKMARK [2][-]{subsection.90.5.1}{\376\377\000E\000l\000\040\000i\000n\000c\000i\000s\000o\000\040\0007\000.\000\272\000:\000\040\000a\000p\000e\000r\000t\000u\000r\000a\000\040\000a\000\040\000t\000\355\000t\000u\000l\000o\000s\000\040\000e\000s\000p\000e\000c\000i\000a\000l\000e\000s}{section.90.5}% 877
\BOOKMARK [1][-]{section.90.6}{\376\377\000T\000\355\000t\000u\000l\000o\000s\000\040\000i\000n\000c\000o\000m\000p\000l\000e\000t\000o\000s\000\040\000y\000\040\000p\000r\000e\000p\000a\000r\000a\000c\000i\000\363\000n\000\040\000d\000e\000\040\000l\000a\000\040\000v\000\355\000a\000\040\000e\000j\000e\000c\000u\000t\000i\000v\000a}{chapter.90}% 878
\BOOKMARK [1][-]{section.90.7}{\376\377\000E\000l\000\040\000e\000m\000b\000a\000r\000g\000o\000\040\000e\000j\000e\000c\000u\000t\000i\000v\000o}{chapter.90}% 879
\BOOKMARK [1][-]{section.90.8}{\376\377\000L\000a\000\040\000i\000n\000t\000i\000m\000a\000c\000i\000\363\000n\000\040\000d\000e\000\040\000p\000a\000g\000o\000\040\040\024\000\040\000A\000r\000t\000\355\000c\000u\000l\000o\000\040\0005\0003\0001}{chapter.90}% 880
\BOOKMARK [1][-]{section.90.9}{\376\377\000A\000m\000p\000l\000i\000a\000c\000i\000\363\000n\000\040\000d\000e\000\040\000l\000a\000\040\000e\000j\000e\000c\000u\000c\000i\000\363\000n\000\040\040\024\000\040\000A\000r\000t\000\355\000c\000u\000l\000o\000s\000\040\0005\0004\0000\000\040\000y\000\040\0005\0004\0001}{chapter.90}% 881
\BOOKMARK [1][-]{section.90.10}{\376\377\000E\000x\000c\000e\000p\000c\000i\000o\000n\000e\000s\000\040\000a\000d\000m\000i\000s\000i\000b\000l\000e\000s\000\040\040\024\000\040\000A\000r\000t\000\355\000c\000u\000l\000o\000\040\0005\0004\0004}{chapter.90}% 882
\BOOKMARK [1][-]{section.90.11}{\376\377\000F\000a\000l\000s\000e\000d\000a\000d\000\040\000e\000\040\000i\000n\000h\000a\000b\000i\000l\000i\000d\000a\000d\000\040\000d\000e\000l\000\040\000t\000\355\000t\000u\000l\000o\000\040\000\050\000a\000r\000t\000.\000\040\0005\0004\0004\000,\000\040\000i\000n\000c\000.\000\040\0004\000.\000\272\000\051}{chapter.90}% 883
\BOOKMARK [2][-]{subsection.90.11.1}{\376\377\000F\000a\000l\000s\000e\000d\000a\000d\000\040\000m\000a\000t\000e\000r\000i\000a\000l\000\040\000y\000\040\000f\000a\000l\000s\000e\000d\000a\000d\000\040\000i\000d\000e\000o\000l\000\363\000g\000i\000c\000a}{section.90.11}% 884
\BOOKMARK [2][-]{subsection.90.11.2}{\376\377\000E\000l\000\040\000c\000a\000s\000o\000\040\000e\000x\000t\000r\000e\000m\000o\000:\000\040\000o\000r\000d\000i\000n\000a\000r\000i\000z\000a\000c\000i\000\363\000n\000\040\000d\000e\000l\000\040\000p\000r\000o\000c\000e\000s\000o}{section.90.11}% 885
\BOOKMARK [2][-]{subsection.90.11.3}{\376\377\000L\000a\000\040\000i\000n\000h\000a\000b\000i\000l\000i\000d\000a\000d\000\040\000d\000e\000l\000\040\000t\000\355\000t\000u\000l\000o}{section.90.11}% 886
\BOOKMARK [1][-]{section.90.12}{\376\377\000A\000p\000e\000r\000t\000u\000r\000a\000\040\000a\000\040\000p\000r\000u\000e\000b\000a\000\040\000y\000\040\000s\000e\000n\000t\000e\000n\000c\000i\000a\000\040\000d\000e\000\040\000t\000r\000a\000n\000c\000e\000\040\000y\000\040\000r\000e\000m\000a\000t\000e}{chapter.90}% 887
\BOOKMARK [1][-]{section.90.13}{\376\377\000A\000p\000e\000l\000a\000c\000i\000\363\000n\000\040\000e\000\040\000i\000n\000a\000p\000e\000l\000a\000b\000i\000l\000i\000d\000a\000d\000\040\000e\000n\000\040\000e\000l\000\040\000j\000u\000i\000c\000i\000o\000\040\000e\000j\000e\000c\000u\000t\000i\000v\000o}{chapter.90}% 888
\BOOKMARK [1][-]{section.90.14}{\376\377\000C\000o\000s\000t\000a\000s\000\040\000y\000\040\000j\000u\000i\000c\000i\000o\000\040\000o\000r\000d\000i\000n\000a\000r\000i\000o\000\040\000p\000o\000s\000t\000e\000r\000i\000o\000r}{chapter.90}% 889
\BOOKMARK [1][-]{section.90.15}{\376\377\000E\000j\000e\000c\000u\000c\000i\000o\000n\000e\000s\000\040\000e\000s\000p\000e\000c\000i\000a\000l\000e\000s\000\040\040\024\000\040\000A\000r\000t\000\355\000c\000u\000l\000o\000\040\0005\0009\0005\000\040\000y\000\040\000s\000i\000g\000u\000i\000e\000n\000t\000e\000s}{chapter.90}% 890
\BOOKMARK [2][-]{subsection.90.15.1}{\376\377\000L\000a\000\040\000e\000j\000e\000c\000u\000c\000i\000\363\000n\000\040\000h\000i\000p\000o\000t\000e\000c\000a\000r\000i\000a}{section.90.15}% 891
\BOOKMARK [0][-]{chapter.91}{\376\377\000C\000u\000m\000p\000l\000i\000m\000i\000e\000n\000t\000o\000\040\000d\000e\000\040\000l\000a\000\040\000s\000e\000n\000t\000e\000n\000c\000i\000a\000\040\000d\000e\000\040\000r\000e\000m\000a\000t\000e}{part.11}% 892
\BOOKMARK [1][-]{section.91.1}{\376\377\000L\000a\000\040\000e\000t\000a\000p\000a\000\040\000c\000o\000e\000r\000c\000i\000t\000i\000v\000a\000\040\000d\000e\000l\000\040\000p\000r\000o\000c\000e\000s\000o}{chapter.91}% 893
\BOOKMARK [2][-]{subsection.91.1.1}{\376\377\000T\000\355\000t\000u\000l\000o\000s\000\040\000a\000s\000i\000m\000i\000l\000a\000b\000l\000e\000s\000\040\000a\000\040\000l\000a\000\040\000s\000e\000n\000t\000e\000n\000c\000i\000a}{section.91.1}% 894
\BOOKMARK [2][-]{subsection.91.1.2}{\376\377\000I\000n\000a\000p\000e\000l\000a\000b\000i\000l\000i\000d\000a\000d\000\040\000d\000e\000l\000\040\000e\000j\000e\000c\000u\000t\000a\000d\000o\000\040\040\024\000\040\000A\000r\000t\000\355\000c\000u\000l\000o\000\040\0005\0006\0000}{section.91.1}% 895
\BOOKMARK [1][-]{section.91.2}{\376\377\000E\000l\000\040\000e\000m\000b\000a\000r\000g\000o\000\040\000e\000j\000e\000c\000u\000t\000o\000r\000i\000o\000:\000\040\000p\000r\000e\000s\000u\000p\000u\000e\000s\000t\000o\000\040\000d\000e\000l\000\040\000r\000e\000m\000a\000t\000e}{chapter.91}% 896
\BOOKMARK [1][-]{section.91.3}{\376\377\000B\000i\000e\000n\000e\000s\000\040\000s\000u\000b\000a\000s\000t\000a\000b\000l\000e\000s}{chapter.91}% 897
\BOOKMARK [1][-]{section.91.4}{\376\377\000E\000l\000\040\000m\000a\000r\000t\000i\000l\000l\000e\000r\000o\000:\000\040\000d\000e\000s\000i\000g\000n\000a\000c\000i\000\363\000n\000\040\000y\000\040\000f\000u\000n\000c\000i\000o\000n\000e\000s}{chapter.91}% 898
\BOOKMARK [2][-]{subsection.91.4.1}{\376\377\000O\000b\000l\000i\000g\000a\000c\000i\000o\000n\000e\000s\000\040\000d\000e\000l\000\040\000m\000a\000r\000t\000i\000l\000l\000e\000r\000o}{section.91.4}% 899
\BOOKMARK [1][-]{section.91.5}{\376\377\000L\000a\000\040\000l\000i\000g\000a\000:\000\040\000d\000i\000s\000t\000o\000r\000s\000i\000\363\000n\000\040\000d\000e\000l\000\040\000s\000i\000s\000t\000e\000m\000a\000\040\000d\000e\000\040\000s\000u\000b\000a\000s\000t\000a\000s}{chapter.91}% 900
\BOOKMARK [1][-]{section.91.6}{\376\377\000S\000u\000b\000a\000s\000t\000a\000s\000\040\000e\000l\000e\000c\000t\000r\000\363\000n\000i\000c\000a\000s}{chapter.91}% 901
\BOOKMARK [1][-]{section.91.7}{\376\377\000T\000r\000\341\000m\000i\000t\000e\000s\000\040\000p\000r\000e\000v\000i\000o\000s\000\040\000a\000\040\000l\000a\000\040\000s\000u\000b\000a\000s\000t\000a\000\040\000d\000e\000\040\000i\000n\000m\000u\000e\000b\000l\000e\000s}{chapter.91}% 902
\BOOKMARK [2][-]{subsection.91.7.1}{\376\377\000I\000n\000f\000o\000r\000m\000e\000s\000\040\000r\000e\000g\000i\000s\000t\000r\000a\000l\000e\000s\000\040\000y\000\040\000d\000e\000\040\000d\000e\000u\000d\000a\000s}{section.91.7}% 903
\BOOKMARK [2][-]{subsection.91.7.2}{\376\377\000C\000i\000t\000a\000c\000i\000\363\000n\000\040\000d\000e\000\040\000l\000o\000s\000\040\000a\000c\000r\000e\000e\000d\000o\000r\000e\000s\000\040\000c\000o\000n\000\040\000g\000r\000a\000v\000\341\000m\000e\000n\000e\000s}{section.91.7}% 904
\BOOKMARK [1][-]{section.91.8}{\376\377\000L\000o\000s\000\040\000e\000d\000i\000c\000t\000o\000s\000\040\000y\000\040\000l\000a\000\040\000p\000u\000b\000l\000i\000c\000i\000d\000a\000d\000\040\040\024\000\040\000A\000r\000t\000\355\000c\000u\000l\000o\000\040\0005\0006\0006}{chapter.91}% 905
\BOOKMARK [1][-]{section.91.9}{\376\377\000L\000a\000\040\000b\000a\000s\000e\000\040\000d\000e\000\040\000l\000a\000\040\000s\000u\000b\000a\000s\000t\000a\000\040\040\024\000\040\000A\000r\000t\000\355\000c\000u\000l\000o\000\040\0005\0007\0008}{chapter.91}% 906
\BOOKMARK [1][-]{section.91.10}{\376\377\000E\000l\000\040\000a\000c\000t\000o\000\040\000d\000e\000\040\000r\000e\000m\000a\000t\000e}{chapter.91}% 907
\BOOKMARK [2][-]{subsection.91.10.1}{\376\377\000C\000u\000a\000n\000d\000o\000\040\000h\000a\000y\000\040\000c\000o\000m\000p\000r\000a\000d\000o\000r}{section.91.10}% 908
\BOOKMARK [2][-]{subsection.91.10.2}{\376\377\000C\000r\000\355\000t\000i\000c\000a\000\040\000a\000\040\000l\000a\000\040\000e\000x\000i\000g\000e\000n\000c\000i\000a\000\040\000d\000e\000l\000\040\000d\000i\000n\000e\000r\000o\000\040\000e\000n\000\040\000e\000f\000e\000c\000t\000i\000v\000o}{section.91.10}% 909
\BOOKMARK [1][-]{section.91.11}{\376\377\000A\000p\000r\000o\000b\000a\000c\000i\000\363\000n\000\040\000y\000\040\000n\000u\000l\000i\000d\000a\000d\000e\000s}{chapter.91}% 910
\BOOKMARK [1][-]{section.91.12}{\376\377\000E\000l\000\040\000s\000o\000b\000r\000e\000s\000e\000i\000m\000i\000e\000n\000t\000o\000\040\000d\000e\000l\000\040\000j\000u\000i\000c\000i\000o\000\040\040\024\000\040\000A\000r\000t\000\355\000c\000u\000l\000o\000\040\0005\0008\0003}{chapter.91}% 911
\BOOKMARK [1][-]{section.91.13}{\376\377\000T\000\355\000t\000u\000l\000o\000\040\000d\000e\000l\000\040\000a\000d\000q\000u\000i\000r\000e\000n\000t\000e\000\040\000e\000\040\000i\000n\000s\000c\000r\000i\000p\000c\000i\000\363\000n\000\040\000r\000e\000g\000i\000s\000t\000r\000a\000l}{chapter.91}% 912
\BOOKMARK [2][-]{subsection.91.13.1}{\376\377\000L\000e\000v\000a\000n\000t\000a\000m\000i\000e\000n\000t\000o\000\040\000d\000e\000\040\000g\000r\000a\000v\000\341\000m\000e\000n\000e\000s}{section.91.13}% 913
\BOOKMARK [1][-]{section.91.14}{\376\377\000D\000i\000s\000t\000r\000i\000b\000u\000c\000i\000\363\000n\000\040\000d\000e\000l\000\040\000p\000r\000o\000d\000u\000c\000i\000d\000o\000:\000\040\000l\000a\000\040\000l\000i\000q\000u\000i\000d\000a\000c\000i\000\363\000n}{chapter.91}% 914
\BOOKMARK [1][-]{section.91.15}{\376\377\000S\000u\000b\000a\000s\000t\000a\000\040\000f\000r\000a\000c\000a\000s\000a\000d\000a\000\040\000y\000\040\000a\000c\000r\000e\000e\000d\000o\000r\000\040\000c\000o\000m\000p\000r\000a\000d\000o\000r}{chapter.91}% 915
\BOOKMARK [2][-]{subsection.91.15.1}{\376\377\000F\000r\000a\000c\000a\000s\000o\000\040\000p\000o\000r\000\040\000f\000a\000l\000t\000a\000\040\000d\000e\000\040\000p\000o\000s\000t\000o\000r\000e\000s}{section.91.15}% 916
\BOOKMARK [2][-]{subsection.91.15.2}{\376\377\000E\000l\000\040\000a\000c\000r\000e\000e\000d\000o\000r\000\040\000c\000o\000m\000o\000\040\000c\000o\000m\000p\000r\000a\000d\000o\000r}{section.91.15}% 917
\BOOKMARK [1][-]{section.91.16}{\376\377\000L\000o\000s\000\040\000p\000l\000e\000n\000a\000r\000i\000o\000s\000:\000\040\000d\000i\000f\000e\000r\000e\000n\000c\000i\000a\000\040\000e\000n\000t\000r\000e\000\040\000f\000u\000e\000r\000o\000s}{chapter.91}% 918
\BOOKMARK [1][-]{section.91.17}{\376\377\000D\000e\000s\000o\000c\000u\000p\000a\000c\000i\000\363\000n\000\040\000d\000e\000l\000\040\000i\000n\000m\000u\000e\000b\000l\000e\000\040\040\024\000\040\000A\000r\000t\000\355\000c\000u\000l\000o\000\040\0005\0008\0009}{chapter.91}% 919
\BOOKMARK [-1][-]{part.12}{\376\377\000X\000I\000I\000\040\000S\000i\000s\000t\000e\000m\000a\000s\000\040\000c\000a\000u\000t\000e\000l\000a\000r\000e\000s}{}% 920
\BOOKMARK [0][-]{chapter.92}{\376\377\000F\000u\000n\000d\000a\000m\000e\000n\000t\000o\000s\000\040\000d\000e\000\040\000l\000o\000s\000\040\000s\000i\000s\000t\000e\000m\000a\000s\000\040\000c\000a\000u\000t\000e\000l\000a\000r\000e\000s}{part.12}% 921
\BOOKMARK [1][-]{section.92.1}{\376\377\000I\000m\000p\000o\000r\000t\000a\000n\000c\000i\000a\000\040\000d\000e\000\040\000l\000o\000s\000\040\000s\000i\000s\000t\000e\000m\000a\000s\000\040\000c\000a\000u\000t\000e\000l\000a\000r\000e\000s}{chapter.92}% 922
\BOOKMARK [1][-]{section.92.2}{\376\377\000L\000a\000\040\000a\000c\000t\000u\000a\000c\000i\000\363\000n\000\040\000d\000e\000\040\000l\000a\000\040\000l\000e\000y\000\040\000e\000n\000\040\000e\000l\000\040\000p\000r\000o\000c\000e\000s\000o}{chapter.92}% 923
\BOOKMARK [1][-]{section.92.3}{\376\377\000E\000l\000\040\000p\000o\000d\000e\000r\000\040\000c\000a\000u\000t\000e\000l\000a\000r}{chapter.92}% 924
\BOOKMARK [1][-]{section.92.4}{\376\377\000C\000a\000u\000t\000e\000l\000a\000\040\000y\000\040\000c\000o\000n\000d\000e\000n\000a}{chapter.92}% 925
\BOOKMARK [0][-]{chapter.93}{\376\377\000C\000l\000a\000s\000i\000f\000i\000c\000a\000c\000i\000\363\000n\000\040\000d\000e\000\040\000l\000o\000s\000\040\000s\000i\000s\000t\000e\000m\000a\000s\000\040\000c\000a\000u\000t\000e\000l\000a\000r\000e\000s}{part.12}% 926
\BOOKMARK [1][-]{section.93.1}{\376\377\000E\000l\000\040\000t\000r\000a\000t\000a\000m\000i\000e\000n\000t\000o\000\040\000c\000o\000m\000o\000\040\000s\000i\000s\000t\000e\000m\000a}{chapter.93}% 927
\BOOKMARK [1][-]{section.93.2}{\376\377\000\301\000m\000b\000i\000t\000o\000\040\000n\000o\000r\000m\000a\000l\000\040\000y\000\040\000\341\000m\000b\000i\000t\000o\000\040\000e\000x\000c\000e\000p\000c\000i\000o\000n\000a\000l}{chapter.93}% 928
\BOOKMARK [1][-]{section.93.3}{\376\377\000\301\000m\000b\000i\000t\000o\000\040\000n\000o\000r\000m\000a\000l}{chapter.93}% 929
\BOOKMARK [2][-]{subsection.93.3.1}{\376\377\000S\000i\000s\000t\000e\000m\000a\000s\000\040\000a\000s\000e\000g\000u\000r\000a\000t\000i\000v\000o\000s\000\040\000p\000r\000o\000b\000a\000t\000o\000r\000i\000o\000s}{section.93.3}% 930
\BOOKMARK [2][-]{subsection.93.3.2}{\376\377\000S\000i\000s\000t\000e\000m\000a\000s\000\040\000p\000r\000e\000c\000a\000u\000t\000o\000r\000i\000o\000s\000\040\000t\000r\000a\000d\000i\000c\000i\000o\000n\000a\000l\000e\000s}{section.93.3}% 931
\BOOKMARK [2][-]{subsection.93.3.3}{\376\377\000S\000i\000s\000t\000e\000m\000a\000s\000\040\000a\000s\000e\000g\000u\000r\000a\000t\000i\000v\000o\000s\000\040\000g\000a\000r\000a\000n\000t\000i\000z\000a\000d\000o\000r\000e\000s}{section.93.3}% 932
\BOOKMARK [2][-]{subsection.93.3.4}{\376\377\000S\000i\000s\000t\000e\000m\000a\000s\000\040\000a\000s\000e\000g\000u\000r\000a\000t\000i\000v\000o\000s\000\040\000g\000e\000n\000\351\000r\000i\000c\000o\000s}{section.93.3}% 933
\BOOKMARK [1][-]{section.93.4}{\376\377\000\301\000m\000b\000i\000t\000o\000\040\000e\000x\000c\000e\000p\000c\000i\000o\000n\000a\000l}{chapter.93}% 934
\BOOKMARK [1][-]{section.93.5}{\376\377\000P\000a\000n\000o\000r\000a\000m\000a\000\040\000d\000e\000\040\000l\000o\000s\000\040\000s\000i\000s\000t\000e\000m\000a\000s\000\040\000c\000a\000u\000t\000e\000l\000a\000r\000e\000s}{chapter.93}% 935
\BOOKMARK [0][-]{chapter.94}{\376\377\000M\000e\000d\000i\000d\000a\000s\000\040\000c\000a\000u\000t\000e\000l\000a\000r\000e\000s\000\040\000y\000\040\000p\000r\000e\000s\000u\000p\000u\000e\000s\000t\000o\000s}{part.12}% 936
\BOOKMARK [1][-]{section.94.1}{\376\377\000C\000o\000n\000c\000e\000p\000t\000o\000\040\000d\000e\000\040\000m\000e\000d\000i\000d\000a\000s\000\040\000c\000a\000u\000t\000e\000l\000a\000r\000e\000s}{chapter.94}% 937
\BOOKMARK [1][-]{section.94.2}{\376\377\000P\000r\000e\000s\000u\000p\000u\000e\000s\000t\000o\000s\000\040\000d\000e\000\040\000l\000a\000s\000\040\000m\000e\000d\000i\000d\000a\000s\000\040\000c\000a\000u\000t\000e\000l\000a\000r\000e\000s}{chapter.94}% 938
\BOOKMARK [1][-]{section.94.3}{\376\377\000P\000r\000e\000s\000u\000p\000u\000e\000s\000t\000o\000s\000\040\000s\000u\000s\000t\000a\000n\000c\000i\000a\000l\000e\000s}{chapter.94}% 939
\BOOKMARK [2][-]{subsection.94.3.1}{\376\377\000V\000e\000r\000o\000s\000i\000m\000i\000l\000i\000t\000u\000d\000\040\000e\000n\000\040\000e\000l\000\040\000d\000e\000r\000e\000c\000h\000o\000\040\000\050\000f\000u\000m\000u\000s\000\040\000b\000o\000n\000i\000\040\000i\000u\000r\000i\000s\000\051}{section.94.3}% 940
\BOOKMARK [2][-]{subsection.94.3.2}{\376\377\000P\000e\000l\000i\000g\000r\000o\000\040\000e\000n\000\040\000l\000a\000\040\000d\000e\000m\000o\000r\000a}{section.94.3}% 941
\BOOKMARK [2][-]{subsection.94.3.3}{\376\377\000L\000a\000\040\000c\000o\000n\000t\000r\000a\000c\000a\000u\000t\000e\000l\000a}{section.94.3}% 942
\BOOKMARK [1][-]{section.94.4}{\376\377\000P\000r\000e\000s\000u\000p\000u\000e\000s\000t\000o\000s\000\040\000p\000r\000o\000c\000e\000s\000a\000l\000e\000s\000:\000\040\000a\000r\000t\000\355\000c\000u\000l\000o\000\040\0001\0009\0005\000\040\000C\000P\000C\000C\000N}{chapter.94}% 943
\BOOKMARK [0][-]{chapter.95}{\376\377\000C\000a\000r\000a\000c\000t\000e\000r\000e\000s\000\040\000y\000\040\000c\000l\000a\000s\000i\000f\000i\000c\000a\000c\000i\000\363\000n\000\040\000d\000e\000\040\000l\000a\000s\000\040\000m\000e\000d\000i\000d\000a\000s\000\040\000c\000a\000u\000t\000e\000l\000a\000r\000e\000s}{part.12}% 944
\BOOKMARK [1][-]{section.95.1}{\376\377\000P\000r\000o\000v\000i\000s\000o\000r\000i\000e\000d\000a\000d\000:\000\040\000a\000r\000t\000\355\000c\000u\000l\000o\000\040\0002\0000\0002\000\040\000C\000P\000C\000C\000N}{chapter.95}% 945
\BOOKMARK [1][-]{section.95.2}{\376\377\000M\000o\000d\000i\000f\000i\000c\000a\000b\000i\000l\000i\000d\000a\000d\000:\000\040\000a\000r\000t\000\355\000c\000u\000l\000o\000\040\0002\0000\0003\000\040\000C\000P\000C\000C\000N}{chapter.95}% 946
\BOOKMARK [1][-]{section.95.3}{\376\377\000F\000a\000c\000u\000l\000t\000a\000d\000e\000s\000\040\000d\000e\000l\000\040\000j\000u\000e\000z\000:\000\040\000a\000r\000t\000\355\000c\000u\000l\000o\000\040\0002\0000\0004\000\040\000C\000P\000C\000C\000N}{chapter.95}% 947
\BOOKMARK [1][-]{section.95.4}{\376\377\000C\000a\000d\000u\000c\000i\000d\000a\000d\000:\000\040\000a\000r\000t\000\355\000c\000u\000l\000o\000\040\0002\0000\0007\000\040\000C\000P\000C\000C\000N}{chapter.95}% 948
\BOOKMARK [1][-]{section.95.5}{\376\377\000T\000r\000a\000m\000i\000t\000a\000c\000i\000\363\000n\000\040\000i\000n\000a\000u\000d\000i\000t\000a\000\040\000p\000a\000r\000t\000e\000\040\000y\000\040\000r\000e\000c\000u\000r\000s\000o\000s\000:\000\040\000a\000r\000t\000\355\000c\000u\000l\000o\000\040\0001\0009\0008\000\040\000C\000P\000C\000C\000N}{chapter.95}% 949
\BOOKMARK [1][-]{section.95.6}{\376\377\000C\000l\000a\000s\000i\000f\000i\000c\000a\000c\000i\000\363\000n\000\040\000s\000o\000b\000r\000e\000\040\000b\000i\000e\000n\000e\000s\000,\000\040\000e\000n\000t\000e\000s\000\040\000i\000d\000e\000a\000l\000e\000s\000\040\000y\000\040\000p\000e\000r\000s\000o\000n\000a\000s}{chapter.95}% 950
\BOOKMARK [0][-]{chapter.96}{\376\377\000S\000i\000s\000t\000e\000m\000a\000\040\000a\000s\000e\000g\000u\000r\000a\000t\000i\000v\000o\000\040\000g\000e\000n\000\351\000r\000i\000c\000o}{part.12}% 951
\BOOKMARK [1][-]{section.96.1}{\376\377\000C\000a\000r\000a\000c\000t\000e\000r\000i\000z\000a\000c\000i\000\363\000n\000\040\000g\000e\000n\000e\000r\000a\000l}{chapter.96}% 952
\BOOKMARK [1][-]{section.96.2}{\376\377\000I\000n\000h\000i\000b\000i\000c\000i\000\363\000n\000\040\000g\000e\000n\000e\000r\000a\000l\000\040\000d\000e\000\040\000b\000i\000e\000n\000e\000s\000\040\000\050\000A\000r\000t\000.\000\040\0002\0002\0008\000\040\000C\000P\000C\000C\000\051}{chapter.96}% 953
\BOOKMARK [2][-]{subsection.96.2.1}{\376\377\000D\000e\000f\000i\000n\000i\000c\000i\000\363\000n\000\040\000y\000\040\000f\000i\000n\000a\000l\000i\000d\000a\000d}{section.96.2}% 954
\BOOKMARK [2][-]{subsection.96.2.2}{\376\377\000C\000a\000r\000\341\000c\000t\000e\000r\000\040\000r\000e\000s\000i\000d\000u\000a\000l\000:\000\040\000c\000u\000\341\000n\000d\000o\000\040\000p\000r\000o\000c\000e\000d\000e}{section.96.2}% 955
\BOOKMARK [2][-]{subsection.96.2.3}{\376\377\000D\000i\000f\000e\000r\000e\000n\000c\000i\000a\000s\000\040\000c\000o\000n\000\040\000e\000l\000\040\000e\000m\000b\000a\000r\000g\000o}{section.96.2}% 956
\BOOKMARK [2][-]{subsection.96.2.4}{\376\377\000A\000l\000c\000a\000n\000c\000e\000\040\000t\000e\000m\000p\000o\000r\000a\000l\000\040\000y\000\040\000e\000f\000e\000c\000t\000o\000s}{section.96.2}% 957
\BOOKMARK [2][-]{subsection.96.2.5}{\376\377\000P\000r\000o\000c\000e\000d\000i\000m\000i\000e\000n\000t\000o}{section.96.2}% 958
\BOOKMARK [2][-]{subsection.96.2.6}{\376\377\000C\000e\000s\000e\000\040\000d\000e\000\040\000l\000a\000\040\000i\000n\000h\000i\000b\000i\000c\000i\000\363\000n}{section.96.2}% 959
\BOOKMARK [1][-]{section.96.3}{\376\377\000M\000e\000d\000i\000d\000a\000\040\000c\000a\000u\000t\000e\000l\000a\000r\000\040\000g\000e\000n\000\351\000r\000i\000c\000a\000\040\000o\000\040\000i\000n\000n\000o\000m\000i\000n\000a\000d\000a\000\040\000\050\000A\000r\000t\000.\000\040\0002\0003\0002\000\040\000C\000P\000C\000C\000\051}{chapter.96}% 960
\BOOKMARK [1][-]{section.96.4}{\376\377\000P\000r\000o\000h\000i\000b\000i\000c\000i\000\363\000n\000\040\000d\000e\000\040\000i\000n\000n\000o\000v\000a\000r\000\040\000\050\000A\000r\000t\000.\000\040\0002\0003\0000\000\040\000C\000P\000C\000C\000\051}{chapter.96}% 961
\BOOKMARK [2][-]{subsection.96.4.1}{\376\377\000L\000a\000\040\000p\000r\000o\000h\000i\000b\000i\000c\000i\000\363\000n\000\040\000d\000e\000\040\000i\000n\000n\000o\000v\000a\000r\000\040\000c\000o\000m\000o\000\040\000m\000e\000d\000i\000d\000a\000\040\000c\000a\000u\000t\000e\000l\000a\000r\000\040\000m\000a\000t\000r\000i\000z}{section.96.4}% 962
\BOOKMARK [2][-]{subsection.96.4.2}{\376\377\000L\000a\000s\000\040\000d\000o\000s\000\040\000f\000a\000c\000e\000t\000a\000s\000\040\000d\000e\000\040\000l\000a\000\040\000p\000r\000o\000h\000i\000b\000i\000c\000i\000\363\000n\000\040\000d\000e\000\040\000i\000n\000n\000o\000v\000a\000r}{section.96.4}% 963
\BOOKMARK [2][-]{subsection.96.4.3}{\376\377\000L\000o\000s\000\040\000d\000o\000s\000\040\000\341\000m\000b\000i\000t\000o\000s\000\040\000e\000n\000\040\000q\000u\000e\000\040\000o\000p\000e\000r\000a}{section.96.4}% 964
\BOOKMARK [1][-]{section.96.5}{\376\377\000C\000a\000u\000t\000e\000l\000a\000\040\000a\000u\000t\000\363\000n\000o\000m\000a}{chapter.96}% 965
\BOOKMARK [2][-]{subsection.96.5.1}{\376\377\000U\000b\000i\000c\000a\000c\000i\000\363\000n\000\040\000e\000n\000\040\000e\000l\000\040\000s\000i\000s\000t\000e\000m\000a\000\040\000y\000\040\000o\000r\000i\000g\000e\000n}{section.96.5}% 966
\BOOKMARK [2][-]{subsection.96.5.2}{\376\377\000E\000n\000\040\000q\000u\000\351\000\040\000c\000o\000n\000s\000i\000s\000t\000e}{section.96.5}% 967
\BOOKMARK [2][-]{subsection.96.5.3}{\376\377\000L\000a\000\040\000p\000r\000e\000s\000u\000n\000c\000i\000\363\000n\000\040\000d\000e\000\040\000l\000e\000g\000i\000t\000i\000m\000i\000d\000a\000d\000\040\000\050\000A\000r\000t\000.\000\040\0001\0002\000\040\000L\000e\000y\000\040\0001\0009\000.\0005\0004\0009\000\051}{section.96.5}% 968
\BOOKMARK [2][-]{subsection.96.5.4}{\376\377\000P\000o\000r\000\040\000q\000u\000\351\000\040\000s\000e\000\040\000l\000l\000a\000m\000a\000\040\000`\000`\000a\000u\000t\000\363\000n\000o\000m\000a\000'\000'}{section.96.5}% 969
\BOOKMARK [2][-]{subsection.96.5.5}{\376\377\000C\000r\000e\000a\000c\000i\000\363\000n\000\040\000p\000r\000e\000t\000o\000r\000i\000a\000n\000a\000\040\000y\000\040\000t\000r\000\341\000m\000i\000t\000e\000\040\000o\000r\000i\000g\000i\000n\000a\000l}{section.96.5}% 970
\BOOKMARK [2][-]{subsection.96.5.6}{\376\377\000L\000a\000\040\000L\000e\000y\000\040\0002\0006\000.\0008\0005\0004\000:\000\040\000m\000e\000d\000i\000d\000a\000s\000\040\000c\000a\000u\000t\000e\000l\000a\000r\000e\000s\000\040\000c\000o\000n\000t\000r\000a\000\040\000e\000l\000\040\000E\000s\000t\000a\000d\000o}{section.96.5}% 971
\BOOKMARK [0][-]{chapter.97}{\376\377\000\301\000m\000b\000i\000t\000o\000\040\000e\000x\000c\000e\000p\000c\000i\000o\000n\000a\000l\000:\000\040\000t\000u\000t\000e\000l\000a\000\040\000a\000n\000t\000i\000c\000i\000p\000a\000d\000a}{part.12}% 972
\BOOKMARK [1][-]{section.97.1}{\376\377\000Q\000u\000\351\000\040\000d\000e\000t\000e\000r\000m\000i\000n\000a\000\040\000q\000u\000e\000\040\000u\000n\000\040\000\341\000m\000b\000i\000t\000o\000\040\000s\000e\000a\000\040\000e\000x\000c\000e\000p\000c\000i\000o\000n\000a\000l}{chapter.97}% 973
\BOOKMARK [1][-]{section.97.2}{\376\377\000\277\000E\000l\000\040\000j\000u\000e\000z\000\040\000n\000o\000\040\000e\000s\000t\000a\000r\000\355\000a\000\040\000p\000r\000e\000j\000u\000z\000g\000a\000n\000d\000o\000?}{chapter.97}% 974
\BOOKMARK [1][-]{section.97.3}{\376\377\000V\000\355\000a\000s\000\040\000d\000e\000\040\000m\000a\000t\000e\000r\000i\000a\000l\000i\000z\000a\000c\000i\000\363\000n\000\040\000d\000e\000\040\000l\000a\000\040\000t\000u\000t\000e\000l\000a\000\040\000a\000n\000t\000i\000c\000i\000p\000a\000d\000a}{chapter.97}% 975
\BOOKMARK [1][-]{section.97.4}{\376\377\000V\000\355\000a\000s\000\040\000l\000e\000g\000a\000l\000e\000s\000\040\000e\000s\000p\000e\000c\000\355\000f\000i\000c\000a\000s\000\040\000d\000e\000\040\000t\000u\000t\000e\000l\000a\000\040\000a\000n\000t\000i\000c\000i\000p\000a\000d\000a}{chapter.97}% 976
\BOOKMARK [2][-]{subsection.97.4.1}{\376\377\000A\000l\000i\000m\000e\000n\000t\000o\000s\000\040\000p\000r\000o\000v\000i\000s\000o\000r\000i\000o\000s\000\040\000\050\000A\000r\000t\000.\000\040\0005\0004\0004\000\040\000C\000C\000y\000C\000\051}{section.97.4}% 977
\BOOKMARK [2][-]{subsection.97.4.2}{\376\377\000E\000n\000t\000r\000e\000g\000a\000\040\000a\000n\000t\000i\000c\000i\000p\000a\000d\000a\000\040\000d\000e\000l\000\040\000i\000n\000m\000u\000e\000b\000l\000e\000\040\000e\000n\000\040\000e\000l\000\040\000d\000e\000s\000a\000l\000o\000j\000o\000\040\000\050\000A\000r\000t\000.\000\040\0006\0008\0000\000\040\000b\000i\000s\000\040\000C\000P\000C\000C\000\051}{section.97.4}% 978
\BOOKMARK [1][-]{section.97.5}{\376\377\000J\000u\000r\000i\000s\000p\000r\000u\000d\000e\000n\000c\000i\000a\000\040\000d\000e\000\040\000l\000a\000\040\000C\000o\000r\000t\000e\000\040\000S\000u\000p\000r\000e\000m\000a}{chapter.97}% 979
\BOOKMARK [2][-]{subsection.97.5.1}{\376\377\000C\000a\000m\000a\000c\000h\000o\000\040\000A\000c\000o\000s\000t\000a\000\040\000\050\000C\000S\000J\000N\000\040\0003\0002\0000\000:\0001\0006\0003\0003\000\051\000:\000\040\000f\000a\000c\000e\000t\000a\000\040\000i\000n\000n\000o\000v\000a\000t\000i\000v\000a}{section.97.5}% 980
\BOOKMARK [2][-]{subsection.97.5.2}{\376\377\000C\000l\000a\000r\000\355\000n\000\040\000\050\000C\000S\000J\000N\000\040\0003\0003\0003\000:\0001\0008\0008\0005\000\051\000:\000\040\000f\000a\000c\000e\000t\000a\000\040\000n\000o\000\040\000i\000n\000n\000o\000v\000a\000t\000i\000v\000a}{section.97.5}% 981
\BOOKMARK [1][-]{section.97.6}{\376\377\000D\000e\000b\000a\000t\000e\000\040\000d\000o\000c\000t\000r\000i\000n\000a\000r\000i\000o\000\040\000s\000o\000b\000r\000e\000\040\000l\000a\000\040\000r\000e\000g\000u\000l\000a\000c\000i\000\363\000n\000\040\000d\000e\000\040\000l\000a\000\040\000t\000u\000t\000e\000l\000a\000\040\000a\000n\000t\000i\000c\000i\000p\000a\000d\000a}{chapter.97}% 982
\BOOKMARK [2][-]{subsection.97.6.1}{\376\377\000L\000a\000\040\000p\000o\000s\000i\000c\000i\000\363\000n\000\040\000c\000r\000\355\000t\000i\000c\000a\000:\000\040\000r\000e\000g\000u\000l\000a\000c\000i\000\363\000n\000\040\000i\000n\000d\000e\000p\000e\000n\000d\000i\000e\000n\000t\000e\000\040\000e\000n\000\040\000l\000a\000s\000\040\000p\000r\000o\000v\000i\000n\000c\000i\000a\000s}{section.97.6}% 983
\BOOKMARK [2][-]{subsection.97.6.2}{\376\377\000A\000r\000t\000\355\000c\000u\000l\000o\000\040\0004\0000\0003\000\040\000d\000e\000l\000\040\000P\000r\000o\000y\000e\000c\000t\000o\000\040\000d\000e\000\040\000r\000e\000f\000o\000r\000m\000a\000\040\000d\000e\000l\000\040\000C\000P\000C\000C\000:\000\040\000t\000u\000t\000e\000l\000a\000\040\000a\000n\000t\000i\000c\000i\000p\000a\000d\000a\000\040\000d\000e\000\040\000u\000r\000g\000e\000n\000c\000i\000a}{section.97.6}% 984
\BOOKMARK [2][-]{subsection.97.6.3}{\376\377\000P\000r\000i\000n\000c\000i\000p\000i\000o\000s\000\040\000v\000u\000l\000n\000e\000r\000a\000d\000o\000s\000\040\000s\000e\000g\000\372\000n\000\040\000l\000a\000\040\000c\000r\000\355\000t\000i\000c\000a}{section.97.6}% 985
\BOOKMARK [0][-]{chapter.98}{\376\377\000E\000l\000\040\000e\000m\000b\000a\000r\000g\000o}{part.12}% 986
\BOOKMARK [1][-]{section.98.1}{\376\377\000E\000l\000\040\000e\000m\000b\000a\000r\000g\000o\000\040\000c\000o\000m\000o\000\040\000m\000e\000d\000i\000d\000a\000\040\000c\000a\000u\000t\000e\000l\000a\000r\000\040\000p\000o\000r\000\040\000a\000n\000t\000o\000n\000o\000m\000a\000s\000i\000a}{chapter.98}% 987
\BOOKMARK [1][-]{section.98.2}{\376\377\000T\000i\000p\000o\000s\000\040\000d\000e\000\040\000e\000m\000b\000a\000r\000g\000o}{chapter.98}% 988
\BOOKMARK [2][-]{subsection.98.2.1}{\376\377\000E\000l\000\040\000e\000m\000b\000a\000r\000g\000o\000\040\000p\000r\000e\000v\000e\000n\000t\000i\000v\000o}{section.98.2}% 989
\BOOKMARK [2][-]{subsection.98.2.2}{\376\377\000E\000l\000\040\000e\000m\000b\000a\000r\000g\000o\000\040\000e\000j\000e\000c\000u\000t\000i\000v\000o}{section.98.2}% 990
\BOOKMARK [2][-]{subsection.98.2.3}{\376\377\000E\000l\000\040\000e\000m\000b\000a\000r\000g\000o\000\040\000e\000j\000e\000c\000u\000t\000o\000r\000i\000o}{section.98.2}% 991
\BOOKMARK [1][-]{section.98.3}{\376\377\000E\000f\000e\000c\000t\000o\000s\000\040\000d\000e\000\040\000l\000a\000\040\000t\000r\000a\000b\000a\000\040\000d\000e\000l\000\040\000e\000m\000b\000a\000r\000g\000o}{chapter.98}% 992
\BOOKMARK [2][-]{subsection.98.3.1}{\376\377\000E\000l\000\040\000p\000r\000i\000n\000c\000i\000p\000i\000o\000\040\000n\000e\000m\000o\000\040\000p\000l\000u\000s\000\040\000i\000u\000r\000i\000s\000\040\000y\000\040\000e\000l\000\040\000e\000m\000b\000a\000r\000g\000o}{section.98.3}% 993
\BOOKMARK [2][-]{subsection.98.3.2}{\376\377\000E\000l\000\040\000p\000l\000e\000n\000a\000r\000i\000o\000\040\000\253\000S\000e\000r\000t\000o\000p\000\273\000\040\040\024\000\040\000D\000o\000c\000t\000r\000i\000n\000a\000\040\000j\000u\000d\000i\000c\000i\000a\000l\000\040\000o\000b\000l\000i\000g\000a\000t\000o\000r\000i\000a}{section.98.3}% 994
\BOOKMARK [1][-]{section.98.4}{\376\377\000S\000u\000p\000u\000e\000s\000t\000o\000s\000\040\000d\000e\000\040\000p\000r\000o\000c\000e\000d\000e\000n\000c\000i\000a\000\040\000d\000e\000l\000\040\000e\000m\000b\000a\000r\000g\000o\000\040\000p\000r\000e\000v\000e\000n\000t\000i\000v\000o\000\040\000\050\000a\000r\000t\000s\000.\000\040\0002\0000\0009\000\040\000y\000\040\0002\0001\0000\000\040\000C\000P\000C\000C\000N\000\051}{chapter.98}% 995
\BOOKMARK [2][-]{subsection.98.4.1}{\376\377\000H\000i\000p\000\363\000t\000e\000s\000i\000s\000\040\000p\000r\000o\000c\000e\000s\000a\000l\000e\000s\000\040\000d\000e\000l\000\040\000a\000r\000t\000\355\000c\000u\000l\000o\000\040\0002\0001\0002\000\040\000C\000P\000C\000C\000N}{section.98.4}% 996
\BOOKMARK [1][-]{section.98.5}{\376\377\000B\000i\000e\000n\000e\000s\000\040\000i\000n\000e\000m\000b\000a\000r\000g\000a\000b\000l\000e\000s\000\040\040\024\000\040\000A\000r\000t\000\355\000c\000u\000l\000o\000\040\0002\0001\0009\000\040\000C\000P\000C\000C\000N}{chapter.98}% 997
\BOOKMARK [2][-]{subsection.98.5.1}{\376\377\000I\000n\000e\000m\000b\000a\000r\000g\000a\000b\000i\000l\000i\000d\000a\000d\000\040\000d\000e\000l\000\040\000s\000a\000l\000a\000r\000i\000o}{section.98.5}% 998
\BOOKMARK [1][-]{section.98.6}{\376\377\000C\000a\000d\000u\000c\000i\000d\000a\000d\000\040\000d\000e\000l\000\040\000e\000m\000b\000a\000r\000g\000o\000\040\040\024\000\040\000A\000r\000t\000\355\000c\000u\000l\000o\000\040\0002\0000\0007\000\040\000C\000P\000C\000C\000N}{chapter.98}% 999
\BOOKMARK [0][-]{chapter.99}{\376\377\000S\000e\000c\000u\000e\000s\000t\000r\000o\000\040\000e\000\040\000i\000n\000t\000e\000r\000v\000e\000n\000c\000i\000\363\000n\000\040\000j\000u\000d\000i\000c\000i\000a\000l}{part.12}% 1000
\BOOKMARK [1][-]{section.99.1}{\376\377\000E\000l\000\040\000s\000e\000c\000u\000e\000s\000t\000r\000o}{chapter.99}% 1001
\BOOKMARK [2][-]{subsection.99.1.1}{\376\377\000C\000o\000n\000c\000e\000p\000t\000o\000\040\000y\000\040\000\341\000m\000b\000i\000t\000o\000\040\000d\000e\000\040\000a\000p\000l\000i\000c\000a\000c\000i\000\363\000n}{section.99.1}% 1002
\BOOKMARK [2][-]{subsection.99.1.2}{\376\377\000T\000i\000p\000o\000s\000\040\000d\000e\000\040\000s\000e\000c\000u\000e\000s\000t\000r\000o}{section.99.1}% 1003
\BOOKMARK [1][-]{section.99.2}{\376\377\000L\000a\000\040\000i\000n\000t\000e\000r\000v\000e\000n\000c\000i\000\363\000n\000\040\000j\000u\000d\000i\000c\000i\000a\000l}{chapter.99}% 1004
\BOOKMARK [2][-]{subsection.99.2.1}{\376\377\000C\000o\000n\000c\000e\000p\000t\000o\000\040\000y\000\040\000f\000u\000n\000d\000a\000m\000e\000n\000t\000o\000\040\000\050\000a\000r\000t\000s\000.\000\040\0002\0002\0002\000\040\000a\000\040\0002\0002\0007\000\040\000C\000P\000C\000C\000N\000\051}{section.99.2}% 1005
\BOOKMARK [2][-]{subsection.99.2.2}{\376\377\000T\000i\000p\000o\000s\000\040\000d\000e\000\040\000i\000n\000t\000e\000r\000v\000e\000n\000c\000i\000\363\000n\000\040\000j\000u\000d\000i\000c\000i\000a\000l}{section.99.2}% 1006
\BOOKMARK [0][-]{chapter.100}{\376\377\000A\000n\000o\000t\000a\000c\000i\000\363\000n\000\040\000d\000e\000\040\000l\000i\000t\000i\000s\000\040\000y\000\040\000p\000r\000o\000h\000i\000b\000i\000c\000i\000\363\000n\000\040\000d\000e\000\040\000c\000o\000n\000t\000r\000a\000t\000a\000r}{part.12}% 1007
\BOOKMARK [1][-]{section.100.1}{\376\377\000L\000a\000\040\000a\000n\000o\000t\000a\000c\000i\000\363\000n\000\040\000d\000e\000\040\000l\000i\000t\000i\000s}{chapter.100}% 1008
\BOOKMARK [2][-]{subsection.100.1.1}{\376\377\000C\000o\000n\000c\000e\000p\000t\000o\000\040\000y\000\040\000f\000u\000n\000d\000a\000m\000e\000n\000t\000o}{section.100.1}% 1009
\BOOKMARK [2][-]{subsection.100.1.2}{\376\377\000R\000e\000q\000u\000i\000s\000i\000t\000o\000s\000\040\000d\000e\000\040\000p\000r\000o\000c\000e\000d\000e\000n\000c\000i\000a}{section.100.1}% 1010
\BOOKMARK [2][-]{subsection.100.1.3}{\376\377\000S\000u\000p\000u\000e\000s\000t\000o\000s\000\040\000t\000\355\000p\000i\000c\000o\000s\000\040\000d\000e\000\040\000p\000r\000o\000c\000e\000d\000e\000n\000c\000i\000a}{section.100.1}% 1011
\BOOKMARK [2][-]{subsection.100.1.4}{\376\377\000E\000x\000t\000i\000n\000c\000i\000\363\000n\000\040\000d\000e\000\040\000l\000a\000\040\000a\000n\000o\000t\000a\000c\000i\000\363\000n\000\040\000d\000e\000\040\000l\000i\000t\000i\000s}{section.100.1}% 1012
\BOOKMARK [1][-]{section.100.2}{\376\377\000L\000a\000\040\000p\000r\000o\000h\000i\000b\000i\000c\000i\000\363\000n\000\040\000d\000e\000\040\000c\000o\000n\000t\000r\000a\000t\000a\000r}{chapter.100}% 1013
\BOOKMARK [2][-]{subsection.100.2.1}{\376\377\000C\000o\000n\000c\000e\000p\000t\000o\000\040\000y\000\040\000p\000r\000o\000c\000e\000d\000e\000n\000c\000i\000a\000\040\000\050\000a\000r\000t\000.\000\040\0002\0003\0001\000\040\000C\000P\000C\000C\000N\000\051}{section.100.2}% 1014
\BOOKMARK [2][-]{subsection.100.2.2}{\376\377\000N\000o\000t\000i\000f\000i\000c\000a\000c\000i\000\363\000n\000\040\000y\000\040\000p\000u\000b\000l\000i\000c\000i\000d\000a\000d}{section.100.2}% 1015
\BOOKMARK [2][-]{subsection.100.2.3}{\376\377\000C\000a\000d\000u\000c\000i\000d\000a\000d\000\040\000e\000s\000p\000e\000c\000i\000a\000l\000\040\000\050\000a\000r\000t\000.\000\040\0002\0003\0001\000\040\000C\000P\000C\000C\000N\000\051}{section.100.2}% 1016
\BOOKMARK [0][-]{chapter.101}{\376\377\000P\000r\000o\000t\000e\000c\000c\000i\000\363\000n\000\040\000d\000e\000\040\000p\000e\000r\000s\000o\000n\000a\000s\000\040\000y\000\040\000f\000a\000m\000i\000l\000i\000a}{part.12}% 1017
\BOOKMARK [1][-]{section.101.1}{\376\377\000L\000a\000\040\000p\000r\000o\000t\000e\000c\000c\000i\000\363\000n\000\040\000d\000e\000\040\000p\000e\000r\000s\000o\000n\000a\000s\000\040\000y\000\040\000e\000l\000\040\000a\000r\000t\000\355\000c\000u\000l\000o\000\040\0002\0003\0004\000\040\000C\000P\000C\000C\000N}{chapter.101}% 1018
\BOOKMARK [1][-]{section.101.2}{\376\377\000P\000o\000t\000e\000s\000t\000a\000d\000e\000s\000\040\000c\000a\000u\000t\000e\000l\000a\000r\000e\000s\000\040\000e\000n\000\040\000m\000a\000t\000e\000r\000i\000a\000\040\000d\000e\000\040\000v\000i\000o\000l\000e\000n\000c\000i\000a}{chapter.101}% 1019
\BOOKMARK [2][-]{subsection.101.2.1}{\376\377\000L\000e\000y\000\040\0002\0004\000.\0004\0001\0007\000\040\040\024\000\040\000L\000e\000y\000\040\000d\000e\000\040\000V\000i\000o\000l\000e\000n\000c\000i\000a\000\040\000F\000a\000m\000i\000l\000i\000a\000r}{section.101.2}% 1020
\BOOKMARK [2][-]{subsection.101.2.2}{\376\377\000L\000e\000y\000\040\0002\0006\000.\0004\0008\0005\000\040\040\024\000\040\000L\000e\000y\000\040\000d\000e\000\040\000P\000r\000o\000t\000e\000c\000c\000i\000\363\000n\000\040\000d\000e\000\040\000V\000i\000o\000l\000e\000n\000c\000i\000a\000\040\000c\000o\000n\000t\000r\000a\000\040\000l\000a\000\040\000M\000u\000j\000e\000r}{section.101.2}% 1021
\BOOKMARK [1][-]{section.101.3}{\376\377\000M\000e\000d\000i\000d\000a\000s\000\040\000c\000a\000u\000t\000e\000l\000a\000r\000e\000s\000\040\000e\000n\000\040\000e\000l\000\040\000p\000r\000o\000c\000e\000s\000o\000\040\000d\000e\000\040\000f\000a\000m\000i\000l\000i\000a}{chapter.101}% 1022
\BOOKMARK [2][-]{subsection.101.3.1}{\376\377\000L\000a\000s\000\040\000c\000a\000u\000t\000e\000l\000a\000r\000e\000s\000\040\000d\000e\000\040\000f\000a\000m\000i\000l\000i\000a\000\040\000e\000n\000\040\000e\000l\000\040\000C\000\363\000d\000i\000g\000o\000\040\000C\000i\000v\000i\000l\000\040\000y\000\040\000C\000o\000m\000e\000r\000c\000i\000a\000l\000\040\000d\000e\000\040\000l\000a\000\040\000N\000a\000c\000i\000\363\000n}{section.101.3}% 1023
\BOOKMARK [0][-]{chapter*.185}{\376\377\000B\000i\000b\000l\000i\000o\000g\000r\000a\000f\000\355\000a}{part.12}% 1024
