\BOOKMARK [0][-]{chapter*.2}{\376\377\000I\000n\000t\000r\000o\000d\000u\000c\000c\000i\000\363\000n\000\040\000g\000e\000n\000e\000r\000a\000l}{}% 1
\BOOKMARK [-1][-]{part.1}{\376\377\000I\000\040\000L\000a\000\040\000p\000r\000u\000e\000b\000a\000\040\000y\000\040\000l\000a\000\040\000c\000o\000n\000c\000l\000u\000s\000i\000\363\000n\000\040\000d\000e\000\040\000l\000a\000\040\000c\000a\000u\000s\000a}{}% 2
\BOOKMARK [0][-]{chapter.1}{\376\377\000P\000r\000u\000e\000b\000a\000\040\000t\000e\000s\000t\000i\000m\000o\000n\000i\000a\000l}{part.1}% 3
\BOOKMARK [1][-]{section.1.1}{\376\377\000C\000o\000n\000c\000e\000p\000t\000o\000\040\000d\000e\000\040\000t\000e\000s\000t\000i\000g\000o}{chapter.1}% 4
\BOOKMARK [1][-]{section.1.2}{\376\377\000O\000b\000j\000e\000t\000o\000\040\000d\000e\000l\000\040\000t\000e\000s\000t\000i\000m\000o\000n\000i\000o\000\040\000y\000\040\000v\000a\000l\000o\000r\000\040\000s\000e\000g\000\372\000n\000\040\000e\000l\000\040\000t\000i\000p\000o\000\040\000d\000e\000\040\000p\000e\000r\000c\000e\000p\000c\000i\000\363\000n}{chapter.1}% 5
\BOOKMARK [1][-]{section.1.3}{\376\377\000D\000e\000b\000e\000r\000e\000s\000\040\000d\000e\000l\000\040\000t\000e\000s\000t\000i\000g\000o}{chapter.1}% 6
\BOOKMARK [1][-]{section.1.4}{\376\377\000T\000e\000s\000t\000i\000g\000o\000s\000\040\000e\000x\000c\000l\000u\000i\000d\000o\000s\000:\000\040\000a\000r\000t\000.\000\040\0004\0002\0007\000\040\000C\000P\000C\000C\000N\000\040\000y\000\040\000v\000i\000n\000c\000u\000l\000a\000c\000i\000\363\000n\000\040\000c\000o\000n\000\040\000e\000l\000\040\000C\000C\000y\000C}{chapter.1}% 7
\BOOKMARK [1][-]{section.1.5}{\376\377\000L\000o\000s\000\040\000t\000r\000e\000s\000\040\000m\000o\000m\000e\000n\000t\000o\000s\000\040\000d\000e\000\040\000l\000a\000\040\000p\000r\000u\000e\000b\000a\000\040\000t\000e\000s\000t\000i\000m\000o\000n\000i\000a\000l}{chapter.1}% 8
\BOOKMARK [1][-]{section.1.6}{\376\377\000O\000f\000r\000e\000c\000i\000m\000i\000e\000n\000t\000o\000\040\000d\000e\000\040\000l\000a\000\040\000p\000r\000u\000e\000b\000a\000\040\000t\000e\000s\000t\000i\000m\000o\000n\000i\000a\000l}{chapter.1}% 9
\BOOKMARK [1][-]{section.1.7}{\376\377\000P\000r\000o\000d\000u\000c\000c\000i\000\363\000n\000\040\000d\000e\000\040\000l\000a\000\040\000p\000r\000u\000e\000b\000a\000\040\000t\000e\000s\000t\000i\000m\000o\000n\000i\000a\000l\000:\000\040\000c\000i\000t\000a\000c\000i\000\363\000n\000\040\000a\000\040\000a\000u\000d\000i\000e\000n\000c\000i\000a}{chapter.1}% 10
\BOOKMARK [1][-]{section.1.8}{\376\377\000D\000e\000s\000a\000r\000r\000o\000l\000l\000o\000\040\000d\000e\000\040\000l\000a\000\040\000a\000u\000d\000i\000e\000n\000c\000i\000a\000\040\000t\000e\000s\000t\000i\000m\000o\000n\000i\000a\000l\000\040\000e\000\040\000i\000n\000t\000e\000r\000r\000o\000g\000a\000t\000o\000r\000i\000o\000\040\000p\000r\000e\000l\000i\000m\000i\000n\000a\000r}{chapter.1}% 11
\BOOKMARK [1][-]{section.1.9}{\376\377\000F\000o\000r\000m\000a\000\040\000d\000e\000\040\000l\000a\000s\000\040\000p\000r\000e\000g\000u\000n\000t\000a\000s\000\040\000a\000l\000\040\000t\000e\000s\000t\000i\000g\000o\000:\000\040\000a\000r\000t\000.\000\040\0004\0004\0003}{chapter.1}% 12
\BOOKMARK [1][-]{section.1.10}{\376\377\000T\000e\000s\000t\000i\000g\000o\000\040\000t\000\351\000c\000n\000i\000c\000o\000\040\000y\000\040\000p\000e\000r\000i\000t\000o}{chapter.1}% 13
\BOOKMARK [1][-]{section.1.11}{\376\377\000N\000e\000g\000a\000t\000i\000v\000a\000\040\000a\000\040\000r\000e\000s\000p\000o\000n\000d\000e\000r\000:\000\040\000a\000r\000t\000.\000\040\0004\0004\0004}{chapter.1}% 14
\BOOKMARK [1][-]{section.1.12}{\376\377\000C\000a\000d\000u\000c\000i\000d\000a\000d\000\040\000d\000e\000\040\000l\000a\000\040\000p\000r\000u\000e\000b\000a\000\040\000t\000e\000s\000t\000i\000m\000o\000n\000i\000a\000l\000:\000\040\000a\000r\000t\000s\000.\000\040\0004\0003\0002\000\040\000y\000\040\0004\0003\0007}{chapter.1}% 15
\BOOKMARK [1][-]{section.1.13}{\376\377\000I\000d\000o\000n\000e\000i\000d\000a\000d\000\040\000d\000e\000l\000\040\000t\000e\000s\000t\000i\000g\000o\000:\000\040\000a\000r\000t\000.\000\040\0004\0005\0006}{chapter.1}% 16
\BOOKMARK [0][-]{chapter.2}{\376\377\000P\000r\000u\000e\000b\000a\000\040\000d\000e\000\040\000c\000o\000n\000f\000e\000s\000i\000\363\000n}{part.1}% 17
\BOOKMARK [1][-]{section.2.1}{\376\377\000C\000o\000n\000c\000e\000p\000t\000o\000\040\000d\000e\000\040\000c\000o\000n\000f\000e\000s\000i\000\363\000n\000:\000\040\000c\000o\000n\000f\000e\000s\000i\000\363\000n\000\040\000e\000s\000p\000o\000n\000t\000\341\000n\000e\000a\000\040\000y\000\040\000p\000r\000o\000v\000o\000c\000a\000d\000a}{chapter.2}% 18
\BOOKMARK [1][-]{section.2.2}{\376\377\000M\000o\000m\000e\000n\000t\000o\000\040\000d\000e\000l\000\040\000o\000f\000r\000e\000c\000i\000m\000i\000e\000n\000t\000o\000\040\000y\000\040\000d\000e\000\040\000l\000a\000\040\000p\000r\000o\000d\000u\000c\000c\000i\000\363\000n}{chapter.2}% 19
\BOOKMARK [1][-]{section.2.3}{\376\377\000Q\000u\000i\000\351\000n\000e\000s\000\040\000p\000u\000e\000d\000e\000n\000\040\000s\000e\000r\000\040\000c\000i\000t\000a\000d\000o\000s\000\040\000a\000\040\000a\000b\000s\000o\000l\000v\000e\000r\000\040\000p\000o\000s\000i\000c\000i\000o\000n\000e\000s\000:\000\040\000a\000r\000t\000.\000\040\0004\0000\0005}{chapter.2}% 20
\BOOKMARK [1][-]{section.2.4}{\376\377\000E\000l\000e\000c\000c\000i\000\363\000n\000\040\000d\000e\000l\000\040\000a\000b\000s\000o\000l\000v\000e\000n\000t\000e\000\040\000e\000n\000\040\000p\000e\000r\000s\000o\000n\000a\000s\000\040\000j\000u\000r\000\355\000d\000i\000c\000a\000s\000:\000\040\000a\000r\000t\000.\000\040\0004\0000\0006}{chapter.2}% 21
\BOOKMARK [1][-]{section.2.5}{\376\377\000C\000i\000t\000a\000c\000i\000\363\000n\000:\000\040\000d\000o\000m\000i\000c\000i\000l\000i\000o\000\040\000c\000o\000n\000s\000t\000i\000t\000u\000i\000d\000o\000\040\000y\000\040\000d\000o\000m\000i\000c\000i\000l\000i\000o\000\040\000r\000e\000a\000l}{chapter.2}% 22
\BOOKMARK [1][-]{section.2.6}{\376\377\000R\000e\000s\000e\000r\000v\000a\000\040\000d\000e\000l\000\040\000p\000l\000i\000e\000g\000o\000\040\000d\000e\000\040\000p\000o\000s\000i\000c\000i\000o\000n\000e\000s\000:\000\040\000a\000r\000t\000.\000\040\0004\0001\0000}{chapter.2}% 23
\BOOKMARK [1][-]{section.2.7}{\376\377\000F\000o\000r\000m\000a\000\040\000d\000e\000\040\000r\000e\000d\000a\000c\000t\000a\000r\000\040\000l\000a\000s\000\040\000p\000o\000s\000i\000c\000i\000o\000n\000e\000s\000:\000\040\000a\000r\000t\000.\000\040\0004\0001\0001}{chapter.2}% 24
\BOOKMARK [1][-]{section.2.8}{\376\377\000P\000o\000s\000i\000c\000i\000\363\000n\000\040\000i\000m\000p\000e\000r\000t\000i\000n\000e\000n\000t\000e\000:\000\040\000a\000r\000t\000.\000\040\0004\0001\0004}{chapter.2}% 25
\BOOKMARK [1][-]{section.2.9}{\376\377\000I\000n\000t\000e\000r\000r\000o\000g\000a\000t\000o\000r\000i\000o\000\040\000d\000e\000\040\000l\000a\000s\000\040\000p\000a\000r\000t\000e\000s\000:\000\040\000a\000r\000t\000.\000\040\0004\0001\0005}{chapter.2}% 26
\BOOKMARK [1][-]{section.2.10}{\376\377\000C\000o\000n\000f\000e\000s\000i\000\363\000n\000\040\000f\000i\000c\000t\000a\000:\000\040\000a\000r\000t\000.\000\040\0004\0001\0007}{chapter.2}% 27
\BOOKMARK [1][-]{section.2.11}{\376\377\000V\000a\000l\000o\000r\000\040\000p\000r\000o\000b\000a\000t\000o\000r\000i\000o\000\040\000d\000e\000\040\000l\000a\000\040\000c\000o\000n\000f\000e\000s\000i\000\363\000n\000\040\000f\000i\000c\000t\000a}{chapter.2}% 28
\BOOKMARK [1][-]{section.2.12}{\376\377\000C\000o\000n\000f\000e\000s\000i\000\363\000n\000\040\000e\000x\000p\000r\000e\000s\000a\000:\000\040\000a\000r\000t\000.\000\040\0004\0002\0003}{chapter.2}% 29
\BOOKMARK [1][-]{section.2.13}{\376\377\000C\000o\000n\000f\000e\000s\000i\000\363\000n\000\040\000e\000x\000t\000r\000a\000j\000u\000d\000i\000c\000i\000a\000l\000:\000\040\000a\000r\000t\000.\000\040\0004\0002\0004}{chapter.2}% 30
\BOOKMARK [1][-]{section.2.14}{\376\377\000A\000u\000s\000e\000n\000c\000i\000a\000\040\000d\000e\000l\000\040\000a\000b\000s\000o\000l\000v\000e\000n\000t\000e\000\040\000p\000o\000r\000\040\000e\000n\000f\000e\000r\000m\000e\000d\000a\000d\000\040\000y\000\040\000r\000e\000g\000l\000a\000\040\000d\000e\000\040\000l\000o\000s\000\040\0003\0000\0000\000\040\000k\000i\000l\000\363\000m\000e\000t\000r\000o\000s}{chapter.2}% 31
\BOOKMARK [1][-]{section.2.15}{\376\377\000D\000e\000s\000a\000r\000r\000o\000l\000l\000o\000\040\000d\000e\000\040\000l\000a\000\040\000a\000u\000d\000i\000e\000n\000c\000i\000a\000\040\000d\000e\000\040\000a\000b\000s\000o\000l\000u\000c\000i\000\363\000n\000\040\000d\000e\000\040\000p\000o\000s\000i\000c\000i\000o\000n\000e\000s}{chapter.2}% 32
\BOOKMARK [0][-]{chapter.3}{\376\377\000L\000a\000\040\000p\000r\000u\000e\000b\000a\000\040\000p\000e\000r\000i\000c\000i\000a\000l}{part.1}% 33
\BOOKMARK [1][-]{section.3.1}{\376\377\000F\000i\000n\000a\000l\000i\000d\000a\000d\000\040\000d\000e\000\040\000l\000a\000\040\000p\000r\000u\000e\000b\000a\000\040\000e\000n\000\040\000e\000l\000\040\000p\000r\000o\000c\000e\000s\000o}{chapter.3}% 34
\BOOKMARK [1][-]{section.3.2}{\376\377\000C\000u\000\341\000n\000d\000o\000\040\000e\000s\000\040\000n\000e\000c\000e\000s\000a\000r\000i\000a\000\040\000l\000a\000\040\000p\000r\000u\000e\000b\000a\000\040\000p\000e\000r\000i\000c\000i\000a\000l}{chapter.3}% 35
\BOOKMARK [2][-]{subsection.3.2.1}{\376\377\000C\000a\000r\000a\000c\000t\000e\000r\000\355\000s\000t\000i\000c\000a\000s\000\040\000d\000e\000\040\000l\000a\000\040\000p\000e\000r\000i\000t\000a\000c\000i\000\363\000n}{section.3.2}% 36
\BOOKMARK [1][-]{section.3.3}{\376\377\000Q\000u\000i\000\351\000n\000e\000s\000\040\000s\000o\000n\000\040\000l\000o\000s\000\040\000p\000e\000r\000i\000t\000o\000s}{chapter.3}% 37
\BOOKMARK [2][-]{subsection.3.3.1}{\376\377\000D\000\363\000n\000d\000e\000\040\000s\000e\000\040\000u\000b\000i\000c\000a\000\040\000a\000\040\000l\000o\000s\000\040\000p\000e\000r\000i\000t\000o\000s}{section.3.3}% 38
\BOOKMARK [1][-]{section.3.4}{\376\377\000E\000l\000\040\000c\000o\000n\000s\000u\000l\000t\000o\000r\000\040\000t\000\351\000c\000n\000i\000c\000o\000\040\000\050\000p\000e\000r\000i\000t\000o\000\040\000d\000e\000\040\000p\000a\000r\000t\000e\000\051}{chapter.3}% 39
\BOOKMARK [2][-]{subsection.3.4.1}{\376\377\000D\000i\000f\000e\000r\000e\000n\000c\000i\000a\000s\000\040\000e\000n\000t\000r\000e\000\040\000p\000e\000r\000i\000t\000o\000\040\000d\000e\000s\000i\000g\000n\000a\000d\000o\000\040\000d\000e\000\040\000o\000f\000i\000c\000i\000o\000\040\000y\000\040\000c\000o\000n\000s\000u\000l\000t\000o\000r\000\040\000t\000\351\000c\000n\000i\000c\000o}{section.3.4}% 40
\BOOKMARK [1][-]{section.3.5}{\376\377\000A\000c\000t\000i\000v\000i\000d\000a\000d\000\040\000d\000e\000\040\000l\000a\000\040\000c\000o\000n\000t\000r\000a\000p\000a\000r\000t\000e\000\040\000a\000l\000\040\000o\000f\000r\000e\000c\000e\000r\000\040\000l\000a\000\040\000p\000r\000u\000e\000b\000a\000\040\000p\000e\000r\000i\000c\000i\000a\000l}{chapter.3}% 41
\BOOKMARK [2][-]{subsection.3.5.1}{\376\377\000C\000o\000s\000t\000a\000s\000,\000\040\000t\000r\000a\000s\000l\000a\000d\000o\000s\000\040\000y\000\040\000s\000i\000m\000e\000t\000r\000\355\000a}{section.3.5}% 42
\BOOKMARK [1][-]{section.3.6}{\376\377\000L\000a\000\040\000a\000u\000d\000i\000e\000n\000c\000i\000a\000\040\000p\000r\000e\000l\000i\000m\000i\000n\000a\000r\000\040\000y\000\040\000l\000a\000\040\000d\000e\000s\000i\000g\000n\000a\000c\000i\000\363\000n\000\040\000d\000e\000l\000\040\000p\000e\000r\000i\000t\000o}{chapter.3}% 43
\BOOKMARK [1][-]{section.3.7}{\376\377\000R\000e\000c\000u\000s\000a\000c\000i\000\363\000n\000\040\000d\000e\000l\000\040\000p\000e\000r\000i\000t\000o}{chapter.3}% 44
\BOOKMARK [1][-]{section.3.8}{\376\377\000A\000c\000e\000p\000t\000a\000c\000i\000\363\000n\000\040\000d\000e\000l\000\040\000c\000a\000r\000g\000o\000,\000\040\000o\000b\000l\000i\000g\000a\000c\000i\000o\000n\000e\000s\000\040\000y\000\040\000s\000a\000n\000c\000i\000o\000n\000e\000s\000\040\000d\000e\000l\000\040\000p\000e\000r\000i\000t\000o}{chapter.3}% 45
\BOOKMARK [1][-]{section.3.9}{\376\377\000A\000n\000t\000i\000c\000i\000p\000o\000\040\000p\000a\000r\000a\000\040\000g\000a\000s\000t\000o\000s}{chapter.3}% 46
\BOOKMARK [1][-]{section.3.10}{\376\377\000R\000e\000m\000o\000c\000i\000\363\000n\000\040\000d\000e\000l\000\040\000p\000e\000r\000i\000t\000o}{chapter.3}% 47
\BOOKMARK [0][-]{chapter.4}{\376\377\000P\000r\000\341\000c\000t\000i\000c\000a\000\040\000d\000e\000\040\000l\000a\000\040\000p\000e\000r\000i\000c\000i\000a}{part.1}% 48
\BOOKMARK [1][-]{section.4.1}{\376\377\000P\000r\000e\000s\000e\000n\000c\000i\000a\000\040\000d\000e\000\040\000l\000a\000s\000\040\000p\000a\000r\000t\000e\000s\000\040\000e\000n\000\040\000l\000a\000\040\000r\000e\000a\000l\000i\000z\000a\000c\000i\000\363\000n\000\040\000d\000e\000\040\000l\000a\000\040\000p\000e\000r\000i\000c\000i\000a}{chapter.4}% 49
\BOOKMARK [1][-]{section.4.2}{\376\377\000L\000o\000s\000\040\000p\000a\000s\000o\000s\000\040\000p\000a\000r\000a\000\040\000r\000e\000a\000l\000i\000z\000a\000r\000\040\000l\000a\000\040\000p\000r\000u\000e\000b\000a\000\040\000p\000e\000r\000i\000c\000i\000a\000l}{chapter.4}% 50
\BOOKMARK [2][-]{subsection.4.2.1}{\376\377\000P\000a\000s\000o\000\040\0001\000:\000\040\000d\000e\000t\000e\000r\000m\000i\000n\000a\000c\000i\000\363\000n\000\040\000d\000e\000l\000\040\000t\000e\000m\000a\000\040\000p\000e\000r\000i\000c\000i\000a\000l}{section.4.2}% 51
\BOOKMARK [2][-]{subsection.4.2.2}{\376\377\000P\000a\000s\000o\000\040\0002\000:\000\040\000o\000b\000s\000e\000r\000v\000a\000c\000i\000\363\000n\000\040\000d\000e\000l\000\040\000c\000a\000m\000p\000o\000\040\000d\000e\000\040\000t\000r\000a\000b\000a\000j\000o}{section.4.2}% 52
\BOOKMARK [2][-]{subsection.4.2.3}{\376\377\000P\000a\000s\000o\000\040\0003\000:\000\040\000e\000l\000e\000c\000c\000i\000\363\000n\000\040\000d\000e\000\040\000l\000o\000s\000\040\000m\000e\000d\000i\000o\000s}{section.4.2}% 53
\BOOKMARK [2][-]{subsection.4.2.4}{\376\377\000P\000a\000s\000o\000\040\0004\000:\000\040\000a\000g\000r\000e\000g\000a\000c\000i\000\363\000n\000\040\000y\000\040\000p\000r\000e\000s\000e\000r\000v\000a\000c\000i\000\363\000n\000\040\000d\000e\000\040\000l\000o\000s\000\040\000e\000l\000e\000m\000e\000n\000t\000o\000s}{section.4.2}% 54
\BOOKMARK [2][-]{subsection.4.2.5}{\376\377\000P\000a\000s\000o\000\040\0005\000:\000\040\000r\000e\000a\000l\000i\000z\000a\000c\000i\000\363\000n\000\040\000d\000e\000\040\000l\000a\000s\000\040\000o\000p\000e\000r\000a\000c\000i\000o\000n\000e\000s\000\040\000t\000\351\000c\000n\000i\000c\000a\000s\000\040\000y\000\040\000e\000m\000i\000s\000i\000\363\000n\000\040\000d\000e\000l\000\040\000d\000i\000c\000t\000a\000m\000e\000n}{section.4.2}% 55
\BOOKMARK [1][-]{section.4.3}{\376\377\000L\000a\000\040\000p\000r\000u\000e\000b\000a\000\040\000d\000o\000c\000u\000m\000e\000n\000t\000a\000l\000\040\000q\000u\000e\000\040\000a\000c\000o\000m\000p\000a\000\361\000a\000\040\000e\000l\000\040\000p\000e\000r\000i\000t\000o}{chapter.4}% 56
\BOOKMARK [1][-]{section.4.4}{\376\377\000N\000o\000t\000i\000f\000i\000c\000a\000c\000i\000\363\000n\000\040\000d\000e\000l\000\040\000d\000i\000c\000t\000a\000m\000e\000n\000\040\000y\000\040\000a\000c\000t\000i\000v\000i\000d\000a\000d\000\040\000d\000e\000\040\000l\000a\000s\000\040\000p\000a\000r\000t\000e\000s}{chapter.4}% 57
\BOOKMARK [1][-]{section.4.5}{\376\377\000E\000l\000\040\000a\000r\000t\000\355\000c\000u\000l\000o\000\040\0004\0007\0005\000\040\000C\000P\000C\000C\000N\000:\000\040\000m\000e\000d\000i\000d\000a\000s\000\040\000c\000o\000m\000p\000l\000e\000m\000e\000n\000t\000a\000r\000i\000a\000s}{chapter.4}% 58
\BOOKMARK [1][-]{section.4.6}{\376\377\000V\000a\000l\000o\000r\000a\000c\000i\000\363\000n\000\040\000d\000e\000l\000\040\000d\000i\000c\000t\000a\000m\000e\000n\000\040\000p\000e\000r\000i\000c\000i\000a\000l\000\040\000\050\000a\000r\000t\000.\000\040\0004\0007\0007\000\040\000C\000P\000C\000C\000N\000\051}{chapter.4}% 59
\BOOKMARK [1][-]{section.4.7}{\376\377\000E\000l\000\040\000p\000e\000r\000i\000t\000o\000\040\000\341\000r\000b\000i\000t\000r\000o\000:\000\040\000c\000u\000a\000n\000d\000o\000\040\000e\000l\000\040\000d\000i\000c\000t\000a\000m\000e\000n\000\040\000s\000\355\000\040\000e\000s\000\040\000v\000i\000n\000c\000u\000l\000a\000n\000t\000e}{chapter.4}% 60
\BOOKMARK [0][-]{chapter.5}{\376\377\000P\000r\000u\000e\000b\000a\000\040\000i\000n\000d\000i\000c\000i\000a\000r\000i\000a\000\040\000y\000\040\000r\000e\000c\000o\000n\000o\000c\000i\000m\000i\000e\000n\000t\000o\000\040\000j\000u\000d\000i\000c\000i\000a\000l}{part.1}% 61
\BOOKMARK [1][-]{section.5.1}{\376\377\000L\000a\000\040\000p\000r\000u\000e\000b\000a\000\040\000i\000n\000d\000i\000c\000i\000a\000r\000i\000a\000:\000\040\000c\000o\000n\000c\000e\000p\000t\000o\000\040\000y\000\040\000n\000e\000c\000e\000s\000i\000d\000a\000d}{chapter.5}% 62
\BOOKMARK [1][-]{section.5.2}{\376\377\000P\000r\000e\000s\000u\000n\000c\000i\000o\000n\000e\000s\000:\000\040\000c\000o\000n\000c\000e\000p\000t\000o\000\040\000y\000\040\000t\000i\000p\000o\000s}{chapter.5}% 63
\BOOKMARK [1][-]{section.5.3}{\376\377\000P\000r\000e\000s\000u\000n\000c\000i\000o\000n\000e\000s\000\040\000j\000u\000d\000i\000c\000i\000a\000l\000e\000s\000\040\000\050\000h\000o\000m\000i\000n\000i\000s\000\051}{chapter.5}% 64
\BOOKMARK [1][-]{section.5.4}{\376\377\000L\000a\000\040\000c\000o\000n\000d\000u\000c\000t\000a\000\040\000p\000r\000o\000c\000e\000s\000a\000l\000\040\000d\000e\000\040\000l\000a\000s\000\040\000p\000a\000r\000t\000e\000s\000\040\000c\000o\000m\000o\000\040\000i\000n\000d\000i\000c\000i\000o}{chapter.5}% 65
\BOOKMARK [1][-]{section.5.5}{\376\377\000E\000l\000\040\000r\000e\000c\000o\000n\000o\000c\000i\000m\000i\000e\000n\000t\000o\000\040\000j\000u\000d\000i\000c\000i\000a\000l\000\040\000\050\000a\000r\000t\000.\000\040\0004\0007\0009\000\040\000C\000P\000C\000C\000N\000\051}{chapter.5}% 66
\BOOKMARK [1][-]{section.5.6}{\376\377\000F\000o\000r\000m\000a\000\040\000d\000e\000\040\000l\000a\000\040\000d\000i\000l\000i\000g\000e\000n\000c\000i\000a\000\040\000d\000e\000l\000\040\000r\000e\000c\000o\000n\000o\000c\000i\000m\000i\000e\000n\000t\000o\000\040\000j\000u\000d\000i\000c\000i\000a\000l}{chapter.5}% 67
\BOOKMARK [0][-]{chapter.6}{\376\377\000L\000o\000s\000\040\000a\000l\000e\000g\000a\000t\000o\000s}{part.1}% 68
\BOOKMARK [1][-]{section.6.1}{\376\377\000C\000o\000n\000c\000e\000p\000t\000o\000\040\000d\000e\000\040\000a\000l\000e\000g\000a\000t\000o}{chapter.6}% 69
\BOOKMARK [1][-]{section.6.2}{\376\377\000N\000a\000t\000u\000r\000a\000l\000e\000z\000a\000\040\000j\000u\000r\000\355\000d\000i\000c\000a\000:\000\040\000a\000c\000t\000o\000\040\000e\000s\000c\000r\000i\000t\000o\000\040\000y\000\040\000f\000a\000c\000u\000l\000t\000a\000t\000i\000v\000o}{chapter.6}% 70
\BOOKMARK [1][-]{section.6.3}{\376\377\000U\000t\000i\000l\000i\000d\000a\000d\000\040\000d\000e\000l\000\040\000a\000l\000e\000g\000a\000t\000o}{chapter.6}% 71
\BOOKMARK [2][-]{subsection.6.3.1}{\376\377\000F\000o\000r\000m\000a\000r\000\040\000l\000a\000\040\000c\000o\000n\000v\000i\000c\000c\000i\000\363\000n\000\040\000d\000e\000l\000\040\000j\000u\000e\000z}{section.6.3}% 72
\BOOKMARK [2][-]{subsection.6.3.2}{\376\377\000B\000a\000s\000e\000\040\000p\000a\000r\000a\000\040\000l\000a\000\040\000e\000x\000p\000r\000e\000s\000i\000\363\000n\000\040\000d\000e\000\040\000a\000g\000r\000a\000v\000i\000o\000s\000\040\000e\000n\000\040\000a\000p\000e\000l\000a\000c\000i\000\363\000n}{section.6.3}% 73
\BOOKMARK [1][-]{section.6.4}{\376\377\000P\000r\000o\000c\000e\000s\000o\000s\000\040\000e\000n\000\040\000l\000o\000s\000\040\000q\000u\000e\000\040\000e\000l\000\040\000a\000l\000e\000g\000a\000t\000o\000\040\000e\000s\000t\000\341\000\040\000e\000x\000c\000l\000u\000i\000d\000o}{chapter.6}% 74
\BOOKMARK [1][-]{section.6.5}{\376\377\000R\000e\000g\000u\000l\000a\000c\000i\000\363\000n\000\040\000l\000e\000g\000a\000l\000:\000\040\000a\000r\000t\000\355\000c\000u\000l\000o\000\040\0004\0008\0002\000\040\000C\000P\000C\000C\000N}{chapter.6}% 75
\BOOKMARK [2][-]{subsection.6.5.1}{\376\377\000P\000r\000o\000c\000e\000d\000i\000m\000i\000e\000n\000t\000o\000\040\000p\000a\000r\000a\000\040\000l\000l\000e\000g\000a\000r\000\040\000a\000\040\000l\000a\000\040\000e\000t\000a\000p\000a\000\040\000d\000e\000\040\000a\000l\000e\000g\000a\000t\000o\000s}{section.6.5}% 76
\BOOKMARK [2][-]{subsection.6.5.2}{\376\377\000P\000l\000a\000z\000o\000s\000:\000\040\000i\000n\000d\000i\000v\000i\000d\000u\000a\000l\000\040\000y\000\040\000c\000o\000m\000\372\000n}{section.6.5}% 77
\BOOKMARK [2][-]{subsection.6.5.3}{\376\377\000C\000o\000n\000s\000e\000c\000u\000e\000n\000c\000i\000a\000\040\000p\000o\000r\000\040\000n\000o\000\040\000d\000e\000v\000o\000l\000v\000e\000r\000\040\000e\000l\000\040\000e\000x\000p\000e\000d\000i\000e\000n\000t\000e\000\040\000e\000n\000\040\000t\000\351\000r\000m\000i\000n\000o}{section.6.5}% 78
\BOOKMARK [2][-]{subsection.6.5.4}{\376\377\000C\000\363\000m\000p\000u\000t\000o\000\040\000d\000e\000l\000\040\000p\000l\000a\000z\000o\000:\000\040\000f\000i\000r\000m\000e\000z\000a\000\040\000d\000e\000\040\000l\000a\000\040\000r\000e\000s\000o\000l\000u\000c\000i\000\363\000n}{section.6.5}% 79
\BOOKMARK [1][-]{section.6.6}{\376\377\000C\000o\000n\000t\000e\000n\000i\000d\000o\000\040\000e\000s\000t\000r\000u\000c\000t\000u\000r\000a\000l\000\040\000d\000e\000l\000\040\000a\000l\000e\000g\000a\000t\000o}{chapter.6}% 80
\BOOKMARK [1][-]{section.6.7}{\376\377\000E\000l\000\040\000a\000l\000e\000g\000a\000t\000o\000\040\000y\000\040\000l\000a\000\040\000i\000m\000p\000l\000e\000m\000e\000n\000t\000a\000c\000i\000\363\000n\000\040\000d\000e\000\040\000l\000a\000\040\000o\000r\000a\000l\000i\000d\000a\000d}{chapter.6}% 81
\BOOKMARK [0][-]{chapter.7}{\376\377\000E\000t\000a\000p\000a\000\040\000c\000o\000n\000c\000l\000u\000s\000i\000o\000n\000a\000l}{part.1}% 82
\BOOKMARK [1][-]{section.7.1}{\376\377\000C\000o\000n\000c\000e\000p\000t\000o}{chapter.7}% 83
\BOOKMARK [1][-]{section.7.2}{\376\377\000V\000\355\000a\000s\000\040\000d\000e\000\040\000a\000c\000c\000e\000s\000o\000\040\000a\000\040\000l\000a\000\040\000e\000t\000a\000p\000a\000\040\000c\000o\000n\000c\000l\000u\000s\000i\000o\000n\000a\000l}{chapter.7}% 84
\BOOKMARK [2][-]{subsection.7.2.1}{\376\377\000V\000\355\000a\000\040\000n\000o\000r\000m\000a\000l\000:\000\040\000l\000u\000e\000g\000o\000\040\000d\000e\000\040\000l\000a\000\040\000e\000t\000a\000p\000a\000\040\000p\000r\000o\000b\000a\000t\000o\000r\000i\000a\000\040\000y\000\040\000l\000o\000s\000\040\000a\000l\000e\000g\000a\000t\000o\000s}{section.7.2}% 85
\BOOKMARK [2][-]{subsection.7.2.2}{\376\377\000C\000u\000e\000s\000t\000i\000\363\000n\000\040\000d\000e\000\040\000p\000u\000r\000o\000\040\000d\000e\000r\000e\000c\000h\000o\000\040\000\050\000a\000r\000t\000.\000\040\0003\0005\0009\000,\000\040\000p\000r\000i\000m\000e\000r\000\040\000p\000\341\000r\000r\000a\000f\000o\000,\000\040\000C\000P\000C\000C\000N\000\051}{section.7.2}% 86
\BOOKMARK [2][-]{subsection.7.2.3}{\376\377\000S\000u\000p\000u\000e\000s\000t\000o\000s\000\040\000e\000n\000\040\000l\000a\000\040\000a\000u\000d\000i\000e\000n\000c\000i\000a\000\040\000p\000r\000e\000l\000i\000m\000i\000n\000a\000r\000\040\000\050\000a\000r\000t\000.\000\040\0003\0006\0000\000\040\000i\000n\000c\000.\000\040\0006\000\040\000y\000\040\000a\000r\000t\000s\000.\000\040\0003\0006\0001\040\023\0003\0006\0002\000\040\000C\000P\000C\000C\000N\000\051}{section.7.2}% 87
\BOOKMARK [1][-]{section.7.3}{\376\377\000E\000l\000\040\000a\000u\000t\000o\000\040\000p\000a\000r\000a\000\040\000s\000e\000n\000t\000e\000n\000c\000i\000a}{chapter.7}% 88
\BOOKMARK [2][-]{subsection.7.3.1}{\376\377\000E\000f\000e\000c\000t\000o\000s\000\040\000d\000e\000l\000\040\000a\000u\000t\000o\000\040\000p\000a\000r\000a\000\040\000s\000e\000n\000t\000e\000n\000c\000i\000a}{section.7.3}% 89
\BOOKMARK [2][-]{subsection.7.3.2}{\376\377\000E\000x\000c\000e\000p\000c\000i\000\363\000n\000:\000\040\000m\000e\000d\000i\000d\000a\000s\000\040\000p\000a\000r\000a\000\040\000m\000e\000j\000o\000r\000\040\000p\000r\000o\000v\000e\000e\000r\000\040\000\050\000a\000r\000t\000.\000\040\0003\0006\000\040\000i\000n\000c\000.\000\040\0004\000\040\000C\000P\000C\000C\000N\000\051}{section.7.3}% 90
\BOOKMARK [2][-]{subsection.7.3.3}{\376\377\000E\000x\000c\000e\000p\000c\000i\000\363\000n\000:\000\040\000c\000a\000m\000b\000i\000o\000\040\000d\000e\000\040\000j\000u\000e\000z}{section.7.3}% 91
\BOOKMARK [1][-]{section.7.4}{\376\377\000P\000l\000a\000z\000o\000s\000\040\000p\000a\000r\000a\000\040\000d\000i\000c\000t\000a\000r\000\040\000s\000e\000n\000t\000e\000n\000c\000i\000a\000\040\000y\000\040\000n\000o\000t\000i\000f\000i\000c\000a\000c\000i\000\363\000n}{chapter.7}% 92
\BOOKMARK [1][-]{section.7.5}{\376\377\000M\000o\000r\000o\000s\000i\000d\000a\000d\000\040\000j\000u\000d\000i\000c\000i\000a\000l\000\040\000\050\000a\000r\000t\000s\000.\000\040\0001\0006\0007\000\040\000y\000\040\0001\0006\0008\000\040\000C\000P\000C\000C\000N\000\051}{chapter.7}% 93
\BOOKMARK [0][-]{chapter.8}{\376\377\000V\000a\000l\000o\000r\000a\000c\000i\000\363\000n\000\040\000d\000e\000\040\000l\000a\000\040\000p\000r\000u\000e\000b\000a}{part.1}% 94
\BOOKMARK [1][-]{section.8.1}{\376\377\000C\000o\000n\000c\000e\000p\000t\000o\000\040\000d\000e\000\040\000v\000a\000l\000o\000r\000a\000c\000i\000\363\000n\000\040\000d\000e\000\040\000l\000a\000\040\000p\000r\000u\000e\000b\000a}{chapter.8}% 95
\BOOKMARK [1][-]{section.8.2}{\376\377\000S\000i\000s\000t\000e\000m\000a\000s\000\040\000d\000e\000\040\000a\000p\000r\000e\000c\000i\000a\000c\000i\000\363\000n\000\040\000d\000e\000\040\000l\000a\000\040\000p\000r\000u\000e\000b\000a\000\040\000\050\000s\000e\000g\000\372\000n\000\040\000F\000a\000l\000c\000\363\000n\000\051}{chapter.8}% 96
\BOOKMARK [2][-]{subsection.8.2.1}{\376\377\000S\000i\000s\000t\000e\000m\000a\000\040\000d\000e\000\040\000a\000p\000r\000e\000c\000i\000a\000c\000i\000\363\000n\000\040\000p\000r\000o\000h\000i\000b\000i\000d\000a\000\040\000o\000\040\000e\000x\000c\000l\000u\000i\000d\000a}{section.8.2}% 97
\BOOKMARK [2][-]{subsection.8.2.2}{\376\377\000S\000i\000s\000t\000e\000m\000a\000\040\000d\000e\000\040\000l\000a\000\040\000p\000r\000u\000e\000b\000a\000\040\000t\000a\000s\000a\000d\000a\000\040\000o\000\040\000p\000r\000u\000e\000b\000a\000\040\000l\000e\000g\000a\000l}{section.8.2}% 98
\BOOKMARK [2][-]{subsection.8.2.3}{\376\377\000S\000i\000s\000t\000e\000m\000a\000\040\000d\000e\000\040\000a\000p\000r\000e\000c\000i\000a\000c\000i\000\363\000n\000\040\000n\000o\000\040\000t\000a\000s\000a\000d\000a\000\040\000o\000\040\000l\000i\000b\000r\000e\000\040\000c\000o\000n\000v\000i\000c\000c\000i\000\363\000n}{section.8.2}% 99
\BOOKMARK [2][-]{subsection.8.2.4}{\376\377\000S\000i\000s\000t\000e\000m\000a\000\040\000d\000e\000\040\000a\000p\000r\000e\000c\000i\000a\000c\000i\000\363\000n\000\040\000c\000o\000n\000j\000u\000n\000t\000a}{section.8.2}% 100
\BOOKMARK [1][-]{section.8.3}{\376\377\000L\000a\000\040\000s\000a\000n\000a\000\040\000c\000r\000\355\000t\000i\000c\000a\000:\000\040\000e\000l\000\040\000s\000i\000s\000t\000e\000m\000a\000\040\000d\000e\000l\000\040\000C\000\363\000d\000i\000g\000o\000\040\000\050\000a\000r\000t\000.\000\040\0003\0008\0006\000\040\000C\000P\000C\000C\000N\000\051}{chapter.8}% 101
\BOOKMARK [1][-]{section.8.4}{\376\377\000L\000a\000s\000\040\000r\000e\000g\000l\000a\000s\000\040\000d\000e\000\040\000l\000a\000\040\000s\000a\000n\000a\000\040\000c\000r\000\355\000t\000i\000c\000a\000\040\000s\000e\000g\000\372\000n\000\040\000F\000a\000l\000c\000\363\000n}{chapter.8}% 102
\BOOKMARK [1][-]{section.8.5}{\376\377\000E\000j\000e\000m\000p\000l\000o\000s\000\040\000d\000e\000\040\000s\000e\000n\000t\000e\000n\000c\000i\000a\000s\000\040\000r\000e\000a\000l\000e\000s\000\040\000\050\000a\000c\000c\000i\000d\000e\000n\000t\000e\000s\000\040\000d\000e\000\040\000t\000r\000\341\000n\000s\000i\000t\000o\000\051}{chapter.8}% 103
\BOOKMARK [2][-]{subsection.8.5.1}{\376\377\000E\000j\000e\000m\000p\000l\000o\000\040\0001\000:\000\040\000s\000e\000n\000t\000e\000n\000c\000i\000a\000\040\000c\000o\000n\000\040\000v\000a\000l\000o\000r\000a\000c\000i\000\363\000n\000\040\000d\000e\000\040\000t\000e\000s\000t\000i\000g\000o\000s\000\040\000p\000r\000e\000s\000e\000n\000c\000i\000a\000l\000e\000s}{section.8.5}% 104
\BOOKMARK [2][-]{subsection.8.5.2}{\376\377\000E\000j\000e\000m\000p\000l\000o\000\040\0002\000:\000\040\000s\000e\000n\000t\000e\000n\000c\000i\000a\000\040\000c\000o\000n\000\040\000i\000m\000p\000u\000g\000n\000a\000c\000i\000\363\000n\000\040\000d\000e\000\040\000t\000e\000s\000t\000i\000g\000o\000\040\000\050\000c\000o\000n\000c\000u\000b\000i\000n\000a\000\040\000d\000e\000l\000\040\000d\000e\000m\000a\000n\000d\000a\000d\000o\000\051}{section.8.5}% 105
\BOOKMARK [-1][-]{part.2}{\376\377\000I\000I\000\040\000L\000a\000\040\000t\000e\000r\000m\000i\000n\000a\000c\000i\000\363\000n\000\040\000d\000e\000l\000\040\000p\000r\000o\000c\000e\000s\000o\000\040\000y\000\040\000l\000a\000\040\000s\000e\000n\000t\000e\000n\000c\000i\000a}{}% 106
\BOOKMARK [0][-]{chapter.9}{\376\377\000M\000o\000d\000o\000s\000\040\000a\000n\000o\000r\000m\000a\000l\000e\000s\000\040\000d\000e\000\040\000t\000e\000r\000m\000i\000n\000a\000c\000i\000\363\000n}{part.2}% 107
\BOOKMARK [1][-]{section.9.1}{\376\377\000E\000n\000c\000u\000a\000d\000r\000e\000:\000\040\000m\000o\000d\000o\000\040\000n\000o\000r\000m\000a\000l\000\040\000y\000\040\000m\000o\000d\000o\000s\000\040\000a\000n\000o\000r\000m\000a\000l\000e\000s\000\040\000d\000e\000\040\000t\000e\000r\000m\000i\000n\000a\000c\000i\000\363\000n}{chapter.9}% 108
\BOOKMARK [1][-]{section.9.2}{\376\377\000E\000l\000\040\000d\000e\000s\000i\000s\000t\000i\000m\000i\000e\000n\000t\000o\000\040\000\050\000a\000r\000t\000.\000\040\0003\0000\0004\000\040\000y\000\040\000s\000s\000.\000,\000\040\000C\000P\000C\000C\000N\000\051}{chapter.9}% 109
\BOOKMARK [2][-]{subsection.9.2.1}{\376\377\000\277\000Q\000u\000i\000\351\000n\000\040\000p\000u\000e\000d\000e\000\040\000d\000e\000s\000i\000s\000t\000i\000r\000?}{section.9.2}% 110
\BOOKMARK [2][-]{subsection.9.2.2}{\376\377\000T\000i\000p\000o\000s\000\040\000d\000e\000\040\000d\000e\000s\000i\000s\000t\000i\000m\000i\000e\000n\000t\000o\000:\000\040\000d\000e\000l\000\040\000p\000r\000o\000c\000e\000s\000o\000\040\000y\000\040\000d\000e\000l\000\040\000d\000e\000r\000e\000c\000h\000o}{section.9.2}% 111
\BOOKMARK [2][-]{subsection.9.2.3}{\376\377\000L\000e\000g\000i\000t\000i\000m\000a\000c\000i\000\363\000n\000\040\000p\000a\000r\000a\000\040\000d\000e\000s\000i\000s\000t\000i\000r}{section.9.2}% 112
\BOOKMARK [2][-]{subsection.9.2.4}{\376\377\000O\000p\000o\000r\000t\000u\000n\000i\000d\000a\000d\000\040\000p\000a\000r\000a\000\040\000d\000e\000s\000i\000s\000t\000i\000r}{section.9.2}% 113
\BOOKMARK [1][-]{section.9.3}{\376\377\000E\000l\000\040\000a\000l\000l\000a\000n\000a\000m\000i\000e\000n\000t\000o\000\040\000\050\000a\000r\000t\000.\000\040\0003\0000\0007\000,\000\040\000C\000P\000C\000C\000N\000\051}{chapter.9}% 114
\BOOKMARK [2][-]{subsection.9.3.1}{\376\377\000N\000a\000t\000u\000r\000a\000l\000e\000z\000a\000:\000\040\000\277\000r\000e\000c\000o\000n\000o\000c\000i\000m\000i\000e\000n\000t\000o\000\040\000d\000e\000\040\000l\000o\000s\000\040\000h\000e\000c\000h\000o\000s\000\040\000o\000\040\000d\000e\000l\000\040\000d\000e\000r\000e\000c\000h\000o\000?}{section.9.3}% 115
\BOOKMARK [2][-]{subsection.9.3.2}{\376\377\000C\000a\000r\000a\000c\000t\000e\000r\000\355\000s\000t\000i\000c\000a\000s}{section.9.3}% 116
\BOOKMARK [2][-]{subsection.9.3.3}{\376\377\000M\000o\000d\000a\000l\000i\000d\000a\000d\000e\000s\000:\000\040\000e\000x\000p\000r\000e\000s\000o\000\040\000y\000\040\000t\000\341\000c\000i\000t\000o}{section.9.3}% 117
\BOOKMARK [2][-]{subsection.9.3.4}{\376\377\000A\000l\000l\000a\000n\000a\000m\000i\000e\000n\000t\000o\000\040\000t\000o\000t\000a\000l\000\040\000y\000\040\000p\000a\000r\000c\000i\000a\000l\000:\000\040\000e\000f\000e\000c\000t\000o\000s}{section.9.3}% 118
\BOOKMARK [2][-]{subsection.9.3.5}{\376\377\000L\000a\000\040\000c\000o\000s\000a\000\040\000j\000u\000z\000g\000a\000d\000a\000\040\000e\000n\000\040\000e\000l\000\040\000a\000l\000l\000a\000n\000a\000m\000i\000e\000n\000t\000o}{section.9.3}% 119
\BOOKMARK [1][-]{section.9.4}{\376\377\000L\000a\000\040\000t\000r\000a\000n\000s\000a\000c\000c\000i\000\363\000n\000\040\000\050\000a\000r\000t\000.\000\040\0003\0000\0008\000,\000\040\000C\000P\000C\000C\000N\000;\000\040\000a\000r\000t\000s\000.\000\040\0001\0006\0004\0001\000\040\000y\000\040\000s\000s\000.\000,\000\040\000C\000C\000y\000C\000N\000\051}{chapter.9}% 120
\BOOKMARK [2][-]{subsection.9.4.1}{\376\377\000C\000o\000n\000c\000e\000p\000t\000o\000\040\000y\000\040\000n\000a\000t\000u\000r\000a\000l\000e\000z\000a}{section.9.4}% 121
\BOOKMARK [2][-]{subsection.9.4.2}{\376\377\000R\000e\000q\000u\000i\000s\000i\000t\000o\000s\000\040\000f\000o\000r\000m\000a\000l\000e\000s}{section.9.4}% 122
\BOOKMARK [2][-]{subsection.9.4.3}{\376\377\000M\000a\000t\000e\000r\000i\000a\000s\000\040\000e\000x\000c\000l\000u\000i\000d\000a\000s\000\040\000d\000e\000\040\000l\000a\000\040\000t\000r\000a\000n\000s\000a\000c\000c\000i\000\363\000n}{section.9.4}% 123
\BOOKMARK [1][-]{section.9.5}{\376\377\000L\000a\000\040\000c\000o\000n\000c\000i\000l\000i\000a\000c\000i\000\363\000n\000\040\000\050\000a\000r\000t\000.\000\040\0003\0000\0009\000,\000\040\000C\000P\000C\000C\000N\000\051}{chapter.9}% 124
\BOOKMARK [2][-]{subsection.9.5.1}{\376\377\000C\000o\000n\000c\000e\000p\000t\000o}{section.9.5}% 125
\BOOKMARK [2][-]{subsection.9.5.2}{\376\377\000E\000f\000e\000c\000t\000o\000\040\000d\000e\000\040\000c\000o\000s\000a\000\040\000j\000u\000z\000g\000a\000d\000a}{section.9.5}% 126
\BOOKMARK [2][-]{subsection.9.5.3}{\376\377\000C\000o\000n\000c\000i\000l\000i\000a\000c\000i\000\363\000n\000\040\000y\000\040\000t\000r\000a\000n\000s\000a\000c\000c\000i\000\363\000n\000:\000\040\000d\000i\000f\000e\000r\000e\000n\000c\000i\000a\000s\000\040\000e\000s\000e\000n\000c\000i\000a\000l\000e\000s}{section.9.5}% 127
\BOOKMARK [0][-]{chapter.10}{\376\377\000L\000a\000\040\000c\000a\000d\000u\000c\000i\000d\000a\000d\000\040\000d\000e\000\040\000l\000a\000\040\000i\000n\000s\000t\000a\000n\000c\000i\000a}{part.2}% 128
\BOOKMARK [1][-]{section.10.1}{\376\377\000M\000a\000r\000c\000o\000\040\000n\000o\000r\000m\000a\000t\000i\000v\000o\000\040\000y\000\040\000c\000o\000n\000c\000e\000p\000t\000o}{chapter.10}% 129
\BOOKMARK [2][-]{subsection.10.1.1}{\376\377\000N\000o\000t\000a\000\040\000e\000s\000e\000n\000c\000i\000a\000l\000:\000\040\000l\000a\000\040\000i\000n\000a\000c\000t\000i\000v\000i\000d\000a\000d\000\040\000p\000r\000o\000c\000e\000s\000a\000l}{section.10.1}% 130
\BOOKMARK [2][-]{subsection.10.1.2}{\376\377\000\301\000m\000b\000i\000t\000o\000\040\000d\000e\000\040\000a\000p\000l\000i\000c\000a\000c\000i\000\363\000n\000:\000\040\000p\000r\000o\000c\000e\000s\000o\000s\000\040\000d\000i\000s\000p\000o\000s\000i\000t\000i\000v\000o\000s}{section.10.1}% 131
\BOOKMARK [2][-]{subsection.10.1.3}{\376\377\000F\000u\000n\000d\000a\000m\000e\000n\000t\000o\000\040\000d\000e\000l\000\040\000i\000n\000s\000t\000i\000t\000u\000t\000o}{section.10.1}% 132
\BOOKMARK [2][-]{subsection.10.1.4}{\376\377\000D\000i\000s\000t\000i\000n\000c\000i\000\363\000n\000\040\000c\000o\000n\000\040\000l\000a\000\040\000p\000r\000e\000s\000c\000r\000i\000p\000c\000i\000\363\000n\000\040\000d\000e\000\040\000l\000a\000\040\000a\000c\000c\000i\000\363\000n}{section.10.1}% 133
\BOOKMARK [1][-]{section.10.2}{\376\377\000P\000l\000a\000z\000o\000s\000\040\000d\000e\000\040\000c\000a\000d\000u\000c\000i\000d\000a\000d\000\040\000\050\000a\000r\000t\000.\000\040\0003\0001\0000\000,\000\040\000C\000P\000C\000C\000N\000\051}{chapter.10}% 134
\BOOKMARK [1][-]{section.10.3}{\376\377\000C\000\363\000m\000p\000u\000t\000o\000\040\000d\000e\000l\000\040\000p\000l\000a\000z\000o\000\040\000\050\000a\000r\000t\000.\000\040\0003\0001\0001\000,\000\040\000C\000P\000C\000C\000N\000\051}{chapter.10}% 135
\BOOKMARK [1][-]{section.10.4}{\376\377\000L\000i\000t\000i\000s\000c\000o\000n\000s\000o\000r\000c\000i\000o\000\040\000\050\000a\000r\000t\000.\000\040\0003\0001\0002\000,\000\040\000C\000P\000C\000C\000N\000\051}{chapter.10}% 136
\BOOKMARK [1][-]{section.10.5}{\376\377\000S\000u\000p\000u\000e\000s\000t\000o\000s\000\040\000d\000e\000\040\000i\000m\000p\000r\000o\000c\000e\000d\000e\000n\000c\000i\000a\000\040\000\050\000a\000r\000t\000.\000\040\0003\0001\0003\000,\000\040\000C\000P\000C\000C\000N\000\051}{chapter.10}% 137
\BOOKMARK [1][-]{section.10.6}{\376\377\000L\000e\000g\000i\000t\000i\000m\000a\000c\000i\000\363\000n\000\040\000y\000\040\000m\000o\000d\000o\000\040\000d\000e\000\040\000o\000p\000e\000r\000a\000r\000s\000e\000\040\000\050\000a\000r\000t\000s\000.\000\040\0003\0001\0004\000\040\000a\000\040\0003\0001\0006\000,\000\040\000C\000P\000C\000C\000N\000\051}{chapter.10}% 138
\BOOKMARK [1][-]{section.10.7}{\376\377\000E\000f\000e\000c\000t\000o\000s\000\040\000d\000e\000\040\000l\000a\000\040\000c\000a\000d\000u\000c\000i\000d\000a\000d\000\040\000\050\000a\000r\000t\000.\000\040\0003\0001\0008\000,\000\040\000C\000P\000C\000C\000N\000\051}{chapter.10}% 139
\BOOKMARK [2][-]{subsection.10.7.1}{\376\377\000C\000a\000d\000u\000c\000i\000d\000a\000d\000\040\000e\000n\000\040\000p\000r\000i\000m\000e\000r\000a\000\040\000o\000\040\000\372\000n\000i\000c\000a\000\040\000i\000n\000s\000t\000a\000n\000c\000i\000a}{section.10.7}% 140
\BOOKMARK [2][-]{subsection.10.7.2}{\376\377\000C\000a\000d\000u\000c\000i\000d\000a\000d\000\040\000e\000n\000\040\000i\000n\000s\000t\000a\000n\000c\000i\000a\000s\000\040\000u\000l\000t\000e\000r\000i\000o\000r\000e\000s}{section.10.7}% 141
\BOOKMARK [2][-]{subsection.10.7.3}{\376\377\000I\000n\000s\000t\000a\000n\000c\000i\000a\000\040\000p\000r\000i\000n\000c\000i\000p\000a\000l\000,\000\040\000r\000e\000c\000o\000n\000v\000e\000n\000c\000i\000\363\000n\000\040\000e\000\040\000i\000n\000c\000i\000d\000e\000n\000t\000e\000s}{section.10.7}% 142
\BOOKMARK [0][-]{chapter.11}{\376\377\000R\000e\000s\000o\000l\000u\000c\000i\000o\000n\000e\000s\000\040\000j\000u\000d\000i\000c\000i\000a\000l\000e\000s}{part.2}% 143
\BOOKMARK [1][-]{section.11.1}{\376\377\000C\000o\000n\000c\000e\000p\000t\000o\000\040\000y\000\040\000c\000l\000a\000s\000i\000f\000i\000c\000a\000c\000i\000\363\000n\000\040\000d\000e\000\040\000l\000a\000s\000\040\000r\000e\000s\000o\000l\000u\000c\000i\000o\000n\000e\000s\000\040\000j\000u\000d\000i\000c\000i\000a\000l\000e\000s}{chapter.11}% 144
\BOOKMARK [1][-]{section.11.2}{\376\377\000P\000r\000o\000v\000i\000d\000e\000n\000c\000i\000a\000s\000\040\000s\000i\000m\000p\000l\000e\000s}{chapter.11}% 145
\BOOKMARK [1][-]{section.11.3}{\376\377\000R\000e\000s\000o\000l\000u\000c\000i\000o\000n\000e\000s\000\040\000i\000n\000t\000e\000r\000l\000o\000c\000u\000t\000o\000r\000i\000a\000s}{chapter.11}% 146
\BOOKMARK [1][-]{section.11.4}{\376\377\000S\000e\000n\000t\000e\000n\000c\000i\000a\000s\000\040\000h\000o\000m\000o\000l\000o\000g\000a\000t\000o\000r\000i\000a\000s}{chapter.11}% 147
\BOOKMARK [1][-]{section.11.5}{\376\377\000S\000e\000n\000t\000e\000n\000c\000i\000a\000\040\000d\000e\000f\000i\000n\000i\000t\000i\000v\000a\000\040\000d\000e\000\040\000p\000r\000i\000m\000e\000r\000a\000\040\000i\000n\000s\000t\000a\000n\000c\000i\000a}{chapter.11}% 148
\BOOKMARK [2][-]{subsection.11.5.1}{\376\377\000E\000s\000t\000r\000u\000c\000t\000u\000r\000a\000\040\000f\000o\000r\000m\000a\000l}{section.11.5}% 149
\BOOKMARK [2][-]{subsection.11.5.2}{\376\377\000C\000o\000n\000t\000e\000n\000i\000d\000o\000\040\000d\000e\000l\000\040\000a\000r\000t\000\355\000c\000u\000l\000o\000\040\0001\0006\0003\000\040\000d\000e\000l\000\040\000C\000P\000C\000C}{section.11.5}% 150
\BOOKMARK [2][-]{subsection.11.5.3}{\376\377\000E\000l\000\040\000d\000e\000b\000e\000r\000\040\000d\000e\000\040\000m\000o\000t\000i\000v\000a\000c\000i\000\363\000n}{section.11.5}% 151
\BOOKMARK [2][-]{subsection.11.5.4}{\376\377\000P\000r\000e\000s\000u\000n\000c\000i\000o\000n\000e\000s\000\040\000e\000\040\000i\000n\000d\000i\000c\000i\000a\000r\000i\000a}{section.11.5}% 152
\BOOKMARK [2][-]{subsection.11.5.5}{\376\377\000L\000a\000\040\000c\000o\000n\000g\000r\000u\000e\000n\000c\000i\000a\000\040\000y\000\040\000l\000o\000s\000\040\000h\000e\000c\000h\000o\000s\000\040\000s\000o\000b\000r\000e\000v\000i\000n\000i\000e\000n\000t\000e\000s}{section.11.5}% 153
\BOOKMARK [2][-]{subsection.11.5.6}{\376\377\000L\000a\000s\000\040\000c\000o\000s\000t\000a\000s}{section.11.5}% 154
\BOOKMARK [0][-]{chapter.12}{\376\377\000S\000e\000g\000u\000n\000d\000a\000\040\000i\000n\000s\000t\000a\000n\000c\000i\000a\000\040\000y\000\040\000a\000c\000t\000u\000a\000c\000i\000\363\000n\000\040\000p\000o\000s\000t\000e\000r\000i\000o\000r}{part.2}% 155
\BOOKMARK [1][-]{section.12.1}{\376\377\000S\000e\000n\000t\000e\000n\000c\000i\000a\000\040\000d\000e\000f\000i\000n\000i\000t\000i\000v\000a\000\040\000d\000e\000\040\000s\000e\000g\000u\000n\000d\000a\000\040\000i\000n\000s\000t\000a\000n\000c\000i\000a}{chapter.12}% 156
\BOOKMARK [1][-]{section.12.2}{\376\377\000A\000c\000t\000u\000a\000c\000i\000\363\000n\000\040\000d\000e\000l\000\040\000j\000u\000e\000z\000\040\000c\000o\000n\000\040\000p\000o\000s\000t\000e\000r\000i\000o\000r\000i\000d\000a\000d\000\040\000a\000\040\000l\000a\000\040\000s\000e\000n\000t\000e\000n\000c\000i\000a}{chapter.12}% 157
\BOOKMARK [1][-]{section.12.3}{\376\377\000E\000l\000\040\000r\000e\000c\000u\000r\000s\000o\000\040\000d\000e\000\040\000a\000c\000l\000a\000r\000a\000t\000o\000r\000i\000a}{chapter.12}% 158
\BOOKMARK [0][-]{chapter.13}{\376\377\000C\000o\000s\000a\000\040\000j\000u\000z\000g\000a\000d\000a}{part.2}% 159
\BOOKMARK [1][-]{section.13.1}{\376\377\000C\000o\000n\000c\000e\000p\000t\000o\000\040\000e\000\040\000i\000n\000m\000u\000t\000a\000b\000i\000l\000i\000d\000a\000d}{chapter.13}% 160
\BOOKMARK [1][-]{section.13.2}{\376\377\000C\000o\000s\000a\000\040\000j\000u\000z\000g\000a\000d\000a\000\040\000f\000o\000r\000m\000a\000l\000\040\000y\000\040\000c\000o\000s\000a\000\040\000j\000u\000z\000g\000a\000d\000a\000\040\000m\000a\000t\000e\000r\000i\000a\000l}{chapter.13}% 161
\BOOKMARK [1][-]{section.13.3}{\376\377\000L\000\355\000m\000i\000t\000e\000s\000\040\000s\000u\000b\000j\000e\000t\000i\000v\000o\000s\000\040\000d\000e\000\040\000l\000a\000\040\000c\000o\000s\000a\000\040\000j\000u\000z\000g\000a\000d\000a}{chapter.13}% 162
\BOOKMARK [1][-]{section.13.4}{\376\377\000L\000\355\000m\000i\000t\000e\000s\000\040\000o\000b\000j\000e\000t\000i\000v\000o\000s\000\040\000d\000e\000\040\000l\000a\000\040\000c\000o\000s\000a\000\040\000j\000u\000z\000g\000a\000d\000a}{chapter.13}% 163
\BOOKMARK [0][-]{chapter.14}{\376\377\000S\000e\000n\000t\000e\000n\000c\000i\000a\000\040\000c\000i\000v\000i\000l\000\040\000y\000\040\000s\000e\000n\000t\000e\000n\000c\000i\000a\000\040\000p\000e\000n\000a\000l}{part.2}% 164
\BOOKMARK [1][-]{section.14.1}{\376\377\000P\000r\000e\000l\000a\000c\000i\000\363\000n\000\040\000d\000e\000\040\000l\000a\000\040\000a\000c\000c\000i\000\363\000n\000\040\000p\000e\000n\000a\000l\000\040\000s\000o\000b\000r\000e\000\040\000l\000a\000\040\000c\000i\000v\000i\000l}{chapter.14}% 165
\BOOKMARK [1][-]{section.14.2}{\376\377\000I\000n\000f\000l\000u\000e\000n\000c\000i\000a\000\040\000d\000e\000\040\000l\000a\000\040\000s\000e\000n\000t\000e\000n\000c\000i\000a\000\040\000p\000e\000n\000a\000l\000\040\000s\000o\000b\000r\000e\000\040\000l\000a\000\040\000c\000i\000v\000i\000l}{chapter.14}% 166
\BOOKMARK [1][-]{section.14.3}{\376\377\000S\000e\000n\000t\000e\000n\000c\000i\000a\000\040\000p\000e\000n\000a\000l\000\040\000p\000o\000s\000t\000e\000r\000i\000o\000r\000\040\000a\000\040\000l\000a\000\040\000c\000i\000v\000i\000l}{chapter.14}% 167
\BOOKMARK [1][-]{section.14.4}{\376\377\000S\000\355\000n\000t\000e\000s\000i\000s\000\040\000d\000e\000\040\000l\000a\000\040\000s\000e\000n\000t\000e\000n\000c\000i\000a\000,\000\040\000l\000a\000\040\000c\000o\000s\000a\000\040\000j\000u\000z\000g\000a\000d\000a\000\040\000y\000\040\000s\000u\000\040\000c\000o\000o\000r\000d\000i\000n\000a\000c\000i\000\363\000n\000\040\000c\000o\000n\000\040\000e\000l\000\040\000p\000r\000o\000c\000e\000s\000o\000\040\000p\000e\000n\000a\000l}{chapter.14}% 168
\BOOKMARK [-1][-]{part.3}{\376\377\000I\000I\000I\000\040\000I\000m\000p\000u\000g\000n\000a\000c\000i\000\363\000n\000\040\000y\000\040\000r\000e\000c\000u\000r\000s\000o\000s}{}% 169
\BOOKMARK [0][-]{chapter.15}{\376\377\000T\000e\000o\000r\000\355\000a\000\040\000g\000e\000n\000e\000r\000a\000l\000\040\000d\000e\000\040\000l\000a\000\040\000i\000m\000p\000u\000g\000n\000a\000c\000i\000\363\000n}{part.3}% 170
\BOOKMARK [1][-]{section.15.1}{\376\377\000U\000b\000i\000c\000a\000c\000i\000\363\000n\000\040\000d\000e\000l\000\040\000t\000e\000m\000a\000\040\000y\000\040\000r\000e\000l\000a\000c\000i\000\363\000n\000\040\000e\000n\000t\000r\000e\000\040\000i\000m\000p\000u\000g\000n\000a\000c\000i\000\363\000n\000\040\000y\000\040\000r\000e\000c\000u\000r\000s\000o}{chapter.15}% 171
\BOOKMARK [1][-]{section.15.2}{\376\377\000E\000t\000i\000m\000o\000l\000o\000g\000\355\000a\000\040\000d\000e\000\040\000l\000a\000\040\000p\000a\000l\000a\000b\000r\000a\000\040\000\253\000i\000m\000p\000u\000g\000n\000a\000c\000i\000\363\000n\000\273}{chapter.15}% 172
\BOOKMARK [1][-]{section.15.3}{\376\377\000F\000u\000n\000d\000a\000m\000e\000n\000t\000o\000\040\000d\000e\000\040\000l\000a\000\040\000i\000m\000p\000u\000g\000n\000a\000c\000i\000\363\000n\000:\000\040\000e\000l\000\040\000e\000r\000r\000o\000r\000\040\000h\000u\000m\000a\000n\000o}{chapter.15}% 173
\BOOKMARK [1][-]{section.15.4}{\376\377\000D\000e\000f\000i\000n\000i\000c\000i\000\363\000n\000\040\000d\000e\000\040\000a\000c\000t\000o\000s\000\040\000p\000r\000o\000c\000e\000s\000a\000l\000e\000s\000\040\000d\000e\000\040\000i\000m\000p\000u\000g\000n\000a\000c\000i\000\363\000n}{chapter.15}% 174
\BOOKMARK [1][-]{section.15.5}{\376\377\000C\000l\000a\000s\000i\000f\000i\000c\000a\000c\000i\000o\000n\000e\000s\000\040\000d\000e\000\040\000l\000o\000s\000\040\000a\000c\000t\000o\000s\000\040\000d\000e\000\040\000i\000m\000p\000u\000g\000n\000a\000c\000i\000\363\000n\000\040\000y\000\040\000d\000e\000\040\000l\000o\000s\000\040\000r\000e\000c\000u\000r\000s\000o\000s}{chapter.15}% 175
\BOOKMARK [2][-]{subsection.15.5.1}{\376\377\000P\000r\000i\000m\000e\000r\000a\000\040\000c\000l\000a\000s\000i\000f\000i\000c\000a\000c\000i\000\363\000n\000:\000\040\000i\000n\000c\000i\000d\000e\000n\000t\000e\000\040\000d\000e\000\040\000n\000u\000l\000i\000d\000a\000d\000,\000\040\000r\000e\000c\000u\000r\000s\000o\000s\000\040\000y\000\040\000o\000t\000r\000o\000s\000\040\000m\000e\000d\000i\000o\000s}{section.15.5}% 176
\BOOKMARK [2][-]{subsection.15.5.2}{\376\377\000O\000t\000r\000o\000s\000\040\000a\000c\000t\000o\000s\000\040\000d\000e\000\040\000i\000m\000p\000u\000g\000n\000a\000c\000i\000\363\000n\000\040\000\050\000m\000e\000n\000o\000s\000\040\000f\000r\000e\000c\000u\000e\000n\000t\000e\000s\000\051}{section.15.5}% 177
\BOOKMARK [2][-]{subsection.15.5.3}{\376\377\000S\000e\000g\000u\000n\000d\000a\000\040\000c\000l\000a\000s\000i\000f\000i\000c\000a\000c\000i\000\363\000n\000:\000\040\000r\000e\000m\000e\000d\000i\000o\000s\000\040\000y\000\040\000r\000e\000c\000u\000r\000s\000o\000s}{section.15.5}% 178
\BOOKMARK [2][-]{subsection.15.5.4}{\376\377\000C\000l\000a\000s\000i\000f\000i\000c\000a\000c\000i\000\363\000n\000\040\000g\000e\000n\000e\000r\000a\000l\000\040\000d\000e\000\040\000l\000o\000s\000\040\000r\000e\000c\000u\000r\000s\000o\000s}{section.15.5}% 179
\BOOKMARK [0][-]{chapter.16}{\376\377\000R\000e\000q\000u\000i\000s\000i\000t\000o\000s\000\040\000c\000o\000m\000u\000n\000e\000s\000\040\000y\000\040\000r\000e\000c\000u\000r\000s\000o\000\040\000i\000n\000d\000i\000f\000e\000r\000e\000n\000t\000e}{part.3}% 180
\BOOKMARK [1][-]{section.16.1}{\376\377\000L\000e\000g\000i\000t\000i\000m\000a\000c\000i\000\363\000n}{chapter.16}% 181
\BOOKMARK [1][-]{section.16.2}{\376\377\000E\000l\000\040\000a\000g\000r\000a\000v\000i\000o\000,\000\040\000g\000r\000a\000v\000a\000m\000e\000n\000\040\000o\000\040\000p\000e\000r\000j\000u\000i\000c\000i\000o}{chapter.16}% 182
\BOOKMARK [1][-]{section.16.3}{\376\377\000E\000l\000\040\000p\000l\000a\000z\000o\000\040\000p\000e\000r\000e\000n\000t\000o\000r\000i\000o}{chapter.16}% 183
\BOOKMARK [1][-]{section.16.4}{\376\377\000A\000d\000m\000i\000s\000i\000b\000i\000l\000i\000d\000a\000d\000\040\000y\000\040\000f\000u\000n\000d\000a\000b\000i\000l\000i\000d\000a\000d}{chapter.16}% 184
\BOOKMARK [2][-]{subsection.16.4.1}{\376\377\000A\000d\000m\000i\000s\000i\000b\000i\000l\000i\000d\000a\000d}{section.16.4}% 185
\BOOKMARK [2][-]{subsection.16.4.2}{\376\377\000F\000u\000n\000d\000a\000b\000i\000l\000i\000d\000a\000d}{section.16.4}% 186
\BOOKMARK [1][-]{section.16.5}{\376\377\000E\000l\000\040\000r\000e\000c\000u\000r\000s\000o\000\040\000i\000n\000d\000i\000f\000e\000r\000e\000n\000t\000e}{chapter.16}% 187
\BOOKMARK [2][-]{subsection.16.5.1}{\376\377\000C\000a\000s\000o\000s\000\040\000Y\000P\000F\000\040\000y\000\040\000T\000e\000j\000i\000d\000a\000\040\000\050\000C\000S\000J\000N\000\051}{section.16.5}% 188
\BOOKMARK [0][-]{chapter.17}{\376\377\000D\000o\000b\000l\000e\000\040\000i\000n\000s\000t\000a\000n\000c\000i\000a\000\040\000y\000\040\000l\000\355\000m\000i\000t\000e\000s\000\040\000d\000e\000l\000\040\000t\000r\000i\000b\000u\000n\000a\000l\000\040\000d\000e\000\040\000a\000l\000z\000a\000d\000a}{part.3}% 189
\BOOKMARK [1][-]{section.17.1}{\376\377\000L\000a\000\040\000g\000a\000r\000a\000n\000t\000\355\000a\000\040\000d\000e\000\040\000l\000a\000\040\000d\000o\000b\000l\000e\000\040\000i\000n\000s\000t\000a\000n\000c\000i\000a}{chapter.17}% 190
\BOOKMARK [2][-]{subsection.17.1.1}{\376\377\000P\000e\000r\000s\000p\000e\000c\000t\000i\000v\000a\000\040\000h\000i\000s\000t\000\363\000r\000i\000c\000a}{section.17.1}% 191
\BOOKMARK [2][-]{subsection.17.1.2}{\376\377\000L\000a\000\040\000C\000o\000n\000s\000t\000i\000t\000u\000c\000i\000\363\000n\000\040\000N\000a\000c\000i\000o\000n\000a\000l\000\040\000d\000e\000\040\0001\0008\0005\0003\000:\000\040\000a\000u\000s\000e\000n\000c\000i\000a\000\040\000d\000e\000\040\000g\000a\000r\000a\000n\000t\000\355\000a\000\040\000e\000x\000p\000r\000e\000s\000a}{section.17.1}% 192
\BOOKMARK [2][-]{subsection.17.1.3}{\376\377\000E\000l\000\040\000P\000a\000c\000t\000o\000\040\000d\000e\000\040\000S\000a\000n\000\040\000J\000o\000s\000\351\000\040\000d\000e\000\040\000C\000o\000s\000t\000a\000\040\000R\000i\000c\000a\000\040\000y\000\040\000l\000a\000\040\000r\000e\000f\000o\000r\000m\000a\000\040\000d\000e\000\040\0001\0009\0009\0004}{section.17.1}% 193
\BOOKMARK [2][-]{subsection.17.1.4}{\376\377\000E\000l\000\040\000c\000a\000s\000o\000\040\000G\000i\000r\000o\000l\000d\000i\000\040\000\050\000C\000S\000J\000N\000\051}{section.17.1}% 194
\BOOKMARK [2][-]{subsection.17.1.5}{\376\377\000M\000a\000t\000e\000r\000i\000a\000\040\000n\000o\000\040\000p\000e\000n\000a\000l\000:\000\040\000a\000u\000s\000e\000n\000c\000i\000a\000\040\000d\000e\000\040\000g\000a\000r\000a\000n\000t\000\355\000a\000\040\000c\000o\000n\000s\000t\000i\000t\000u\000c\000i\000o\000n\000a\000l}{section.17.1}% 195
\BOOKMARK [1][-]{section.17.2}{\376\377\000L\000\355\000m\000i\000t\000e\000s\000\040\000d\000e\000l\000\040\000c\000o\000n\000o\000c\000i\000m\000i\000e\000n\000t\000o\000\040\000d\000e\000l\000\040\000t\000r\000i\000b\000u\000n\000a\000l\000\040\000d\000e\000\040\000a\000l\000z\000a\000d\000a}{chapter.17}% 196
\BOOKMARK [2][-]{subsection.17.2.1}{\376\377\000P\000r\000i\000m\000e\000r\000\040\000l\000\355\000m\000i\000t\000e\000:\000\040\000l\000o\000s\000\040\000e\000s\000c\000r\000i\000t\000o\000s\000\040\000c\000o\000n\000s\000t\000i\000t\000u\000t\000i\000v\000o\000s\000\040\000d\000e\000l\000\040\000p\000r\000o\000c\000e\000s\000o}{section.17.2}% 197
\BOOKMARK [2][-]{subsection.17.2.2}{\376\377\000S\000e\000g\000u\000n\000d\000o\000\040\000l\000\355\000m\000i\000t\000e\000:\000\040\000l\000o\000s\000\040\000a\000g\000r\000a\000v\000i\000o\000s\000\040\000e\000x\000p\000r\000e\000s\000a\000d\000o\000s\000\040\000y\000\040\000s\000u\000s\000\040\000c\000o\000n\000t\000e\000s\000t\000a\000c\000i\000o\000n\000e\000s}{section.17.2}% 198
\BOOKMARK [1][-]{section.17.3}{\376\377\000E\000l\000\040\000p\000r\000i\000n\000c\000i\000p\000i\000o\000\040\000d\000e\000\040\000r\000e\000f\000o\000r\000m\000a\000t\000i\000o\000\040\000i\000n\000\040\000p\000e\000i\000u\000s}{chapter.17}% 199
\BOOKMARK [0][-]{chapter.18}{\376\377\000A\000c\000l\000a\000r\000a\000t\000o\000r\000i\000a\000\040\000y\000\040\000r\000e\000p\000o\000s\000i\000c\000i\000\363\000n}{part.3}% 200
\BOOKMARK [1][-]{section.18.1}{\376\377\000E\000l\000\040\000r\000e\000c\000u\000r\000s\000o\000\040\000d\000e\000\040\000a\000c\000l\000a\000r\000a\000t\000o\000r\000i\000a}{chapter.18}% 201
\BOOKMARK [2][-]{subsection.18.1.1}{\376\377\000S\000u\000p\000u\000e\000s\000t\000o\000s\000\040\000q\000u\000e\000\040\000h\000a\000b\000i\000l\000i\000t\000a\000n\000\040\000l\000a\000\040\000a\000c\000l\000a\000r\000a\000t\000o\000r\000i\000a}{section.18.1}% 202
\BOOKMARK [2][-]{subsection.18.1.2}{\376\377\000C\000a\000r\000a\000c\000t\000e\000r\000\355\000s\000t\000i\000c\000a\000s\000\040\000p\000r\000o\000c\000e\000s\000a\000l\000e\000s\000\040\000d\000e\000\040\000l\000a\000\040\000a\000c\000l\000a\000r\000a\000t\000o\000r\000i\000a}{section.18.1}% 203
\BOOKMARK [1][-]{section.18.2}{\376\377\000E\000l\000\040\000r\000e\000c\000u\000r\000s\000o\000\040\000d\000e\000\040\000r\000e\000p\000o\000s\000i\000c\000i\000\363\000n\000\040\000o\000\040\000r\000e\000v\000o\000c\000a\000t\000o\000r\000i\000a}{chapter.18}% 204
\BOOKMARK [2][-]{subsection.18.2.1}{\376\377\000R\000e\000c\000a\000u\000d\000o\000s\000\040\000d\000e\000\040\000a\000d\000m\000i\000s\000i\000b\000i\000l\000i\000d\000a\000d}{section.18.2}% 205
\BOOKMARK [2][-]{subsection.18.2.2}{\376\377\000P\000l\000a\000z\000o}{section.18.2}% 206
\BOOKMARK [2][-]{subsection.18.2.3}{\376\377\000F\000o\000r\000m\000a\000\040\000d\000e\000\040\000i\000n\000t\000e\000r\000p\000o\000s\000i\000c\000i\000\363\000n\000\040\000y\000\040\000f\000u\000n\000d\000a\000m\000e\000n\000t\000a\000c\000i\000\363\000n}{section.18.2}% 207
\BOOKMARK [2][-]{subsection.18.2.4}{\376\377\000T\000r\000\341\000m\000i\000t\000e\000\040\000y\000\040\000r\000e\000s\000o\000l\000u\000c\000i\000\363\000n}{section.18.2}% 208
\BOOKMARK [2][-]{subsection.18.2.5}{\376\377\000E\000f\000e\000c\000t\000o\000s\000:\000\040\000l\000a\000\040\000e\000j\000e\000c\000u\000t\000o\000r\000i\000a\000\040\000y\000\040\000s\000u\000s\000\040\000e\000x\000c\000e\000p\000c\000i\000o\000n\000e\000s}{section.18.2}% 209
\BOOKMARK [0][-]{chapter.19}{\376\377\000E\000l\000\040\000i\000n\000c\000i\000d\000e\000n\000t\000e\000\040\000d\000e\000\040\000n\000u\000l\000i\000d\000a\000d}{part.3}% 210
\BOOKMARK [1][-]{section.19.1}{\376\377\000P\000r\000i\000n\000c\000i\000p\000i\000o\000\040\000g\000e\000n\000e\000r\000a\000l\000:\000\040\000c\000o\000n\000s\000e\000r\000v\000a\000c\000i\000\363\000n\000\040\000d\000e\000\040\000l\000o\000s\000\040\000a\000c\000t\000o\000s\000\040\000p\000r\000o\000c\000e\000s\000a\000l\000e\000s}{chapter.19}% 211
\BOOKMARK [1][-]{section.19.2}{\376\377\000L\000o\000s\000\040\000c\000i\000n\000c\000o\000\040\000p\000r\000i\000n\000c\000i\000p\000i\000o\000s\000\040\000q\000u\000e\000\040\000r\000i\000g\000e\000n\000\040\000l\000a\000s\000\040\000n\000u\000l\000i\000d\000a\000d\000e\000s\000\040\000p\000r\000o\000c\000e\000s\000a\000l\000e\000s}{chapter.19}% 212
\BOOKMARK [2][-]{subsection.19.2.1}{\376\377\000P\000r\000i\000n\000c\000i\000p\000i\000o\000\040\000d\000e\000\040\000e\000s\000p\000e\000c\000i\000f\000i\000c\000i\000d\000a\000d\000\040\000\050\000a\000r\000t\000.\000\040\0001\0006\0009\000,\000\040\000p\000r\000i\000m\000e\000r\000\040\000p\000\341\000r\000r\000a\000f\000o\000\051}{section.19.2}% 213
\BOOKMARK [2][-]{subsection.19.2.2}{\376\377\000P\000r\000i\000n\000c\000i\000p\000i\000o\000\040\000d\000e\000\040\000f\000i\000n\000a\000l\000i\000d\000a\000d\000\040\000o\000\040\000c\000o\000n\000s\000e\000r\000v\000a\000c\000i\000\363\000n\000\040\000\050\000a\000r\000t\000.\000\040\0001\0006\0009\000,\000\040\000s\000e\000g\000u\000n\000d\000o\000\040\000p\000\341\000r\000r\000a\000f\000o\000\051}{section.19.2}% 214
\BOOKMARK [2][-]{subsection.19.2.3}{\376\377\000P\000r\000i\000n\000c\000i\000p\000i\000o\000\040\000d\000e\000\040\000s\000u\000b\000s\000a\000n\000a\000c\000i\000\363\000n\000\040\000\050\000a\000r\000t\000s\000.\000\040\0001\0007\0000\000\040\000y\000\040\0001\0007\0002\000\051}{section.19.2}% 215
\BOOKMARK [2][-]{subsection.19.2.4}{\376\377\000P\000r\000i\000n\000c\000i\000p\000i\000o\000\040\000d\000e\000\040\000t\000r\000a\000s\000c\000e\000n\000d\000e\000n\000c\000i\000a\000\040\000\050\000a\000r\000t\000.\000\040\0001\0007\0002\000\051}{section.19.2}% 216
\BOOKMARK [2][-]{subsection.19.2.5}{\376\377\000P\000r\000i\000n\000c\000i\000p\000i\000o\000\040\000d\000e\000\040\000p\000r\000o\000t\000e\000c\000c\000i\000\363\000n\000\040\000\050\000a\000r\000t\000.\000\040\0001\0007\0001\000\051}{section.19.2}% 217
\BOOKMARK [0][-]{chapter.20}{\376\377\000R\000e\000c\000u\000r\000s\000o\000\040\000d\000e\000\040\000a\000p\000e\000l\000a\000c\000i\000\363\000n\000:\000\040\000c\000o\000n\000c\000e\000p\000t\000o\000,\000\040\000p\000r\000o\000c\000e\000d\000e\000n\000c\000i\000a\000\040\000y\000\040\000f\000o\000r\000m\000a}{part.3}% 218
\BOOKMARK [1][-]{section.20.1}{\376\377\000D\000e\000f\000i\000n\000i\000c\000i\000\363\000n\000\040\000d\000e\000l\000\040\000r\000e\000c\000u\000r\000s\000o\000\040\000d\000e\000\040\000a\000p\000e\000l\000a\000c\000i\000\363\000n}{chapter.20}% 219
\BOOKMARK [1][-]{section.20.2}{\376\377\000L\000e\000g\000i\000t\000i\000m\000a\000d\000o\000s\000\040\000p\000a\000r\000a\000\040\000i\000n\000t\000e\000r\000p\000o\000n\000e\000r\000\040\000e\000l\000\040\000r\000e\000c\000u\000r\000s\000o}{chapter.20}% 220
\BOOKMARK [1][-]{section.20.3}{\376\377\000R\000e\000s\000o\000l\000u\000c\000i\000o\000n\000e\000s\000\040\000a\000p\000e\000l\000a\000b\000l\000e\000s\000:\000\040\000l\000a\000\040\000r\000e\000g\000l\000a\000\040\000d\000e\000\040\000l\000a\000\040\000a\000p\000e\000l\000a\000b\000i\000l\000i\000d\000a\000d}{chapter.20}% 221
\BOOKMARK [2][-]{subsection.20.3.1}{\376\377\000A\000r\000t\000\355\000c\000u\000l\000o\000\040\0003\0007\0009\000\040\000C\000P\000C\000C\000N\000:\000\040\000i\000n\000a\000p\000e\000l\000a\000b\000i\000l\000i\000d\000a\000d\000\040\000d\000e\000\040\000r\000e\000s\000o\000l\000u\000c\000i\000o\000n\000e\000s\000\040\000s\000o\000b\000r\000e\000\040\000p\000r\000u\000e\000b\000a}{section.20.3}% 222
\BOOKMARK [2][-]{subsection.20.3.2}{\376\377\000A\000r\000t\000\355\000c\000u\000l\000o\000\040\0002\0004\0002\000\040\000C\000P\000C\000C\000N\000:\000\040\000l\000\355\000m\000i\000t\000e\000\040\000p\000o\000r\000\040\000m\000o\000n\000t\000o}{section.20.3}% 223
\BOOKMARK [1][-]{section.20.4}{\376\377\000R\000e\000v\000o\000c\000a\000t\000o\000r\000i\000a\000\040\000c\000o\000n\000\040\000a\000p\000e\000l\000a\000c\000i\000\363\000n\000\040\000e\000n\000\040\000s\000u\000b\000s\000i\000d\000i\000o}{chapter.20}% 224
\BOOKMARK [1][-]{section.20.5}{\376\377\000E\000r\000r\000o\000r\000e\000s\000\040\000q\000u\000e\000\040\000c\000o\000m\000p\000r\000e\000n\000d\000e\000\040\000e\000l\000\040\000r\000e\000c\000u\000r\000s\000o\000\040\000d\000e\000\040\000a\000p\000e\000l\000a\000c\000i\000\363\000n}{chapter.20}% 225
\BOOKMARK [1][-]{section.20.6}{\376\377\000P\000l\000a\000z\000o\000\040\000y\000\040\000f\000o\000r\000m\000a\000\040\000d\000e\000\040\000i\000n\000t\000e\000r\000p\000o\000s\000i\000c\000i\000\363\000n}{chapter.20}% 226
\BOOKMARK [1][-]{section.20.7}{\376\377\000L\000o\000s\000\040\000d\000o\000s\000\040\000m\000o\000m\000e\000n\000t\000o\000s\000\040\000d\000e\000l\000\040\000r\000e\000c\000u\000r\000s\000o\000\040\000d\000e\000\040\000a\000p\000e\000l\000a\000c\000i\000\363\000n}{chapter.20}% 227
\BOOKMARK [0][-]{chapter.21}{\376\377\000C\000o\000n\000c\000e\000s\000i\000\363\000n\000,\000\040\000t\000r\000\341\000m\000i\000t\000e\000\040\000y\000\040\000e\000f\000e\000c\000t\000o\000s\000\040\000d\000e\000\040\000l\000a\000\040\000a\000p\000e\000l\000a\000c\000i\000\363\000n}{part.3}% 228
\BOOKMARK [1][-]{section.21.1}{\376\377\000L\000a\000s\000\040\000t\000r\000e\000s\000\040\000c\000o\000n\000s\000e\000c\000u\000e\000n\000c\000i\000a\000s\000\040\000d\000e\000\040\000l\000a\000\040\000c\000o\000n\000c\000e\000s\000i\000\363\000n}{chapter.21}% 229
\BOOKMARK [1][-]{section.21.2}{\376\377\000F\000o\000r\000m\000a\000\040\000d\000e\000\040\000c\000o\000n\000c\000e\000s\000i\000\363\000n\000:\000\040\000l\000i\000b\000r\000e\000\040\000v\000s\000.\000\040\000e\000n\000\040\000r\000e\000l\000a\000c\000i\000\363\000n}{chapter.21}% 230
\BOOKMARK [2][-]{subsection.21.2.1}{\376\377\000P\000r\000o\000c\000e\000d\000i\000m\000i\000e\000n\000t\000o\000\040\000c\000u\000a\000n\000d\000o\000\040\000s\000e\000\040\000c\000o\000n\000c\000e\000d\000e\000\040\000e\000n\000\040\000r\000e\000l\000a\000c\000i\000\363\000n}{section.21.2}% 231
\BOOKMARK [2][-]{subsection.21.2.2}{\376\377\000P\000r\000o\000c\000e\000d\000i\000m\000i\000e\000n\000t\000o\000\040\000c\000u\000a\000n\000d\000o\000\040\000s\000e\000\040\000c\000o\000n\000c\000e\000d\000e\000\040\000l\000i\000b\000r\000e\000m\000e\000n\000t\000e}{section.21.2}% 232
\BOOKMARK [2][-]{subsection.21.2.3}{\376\377\000A\000r\000t\000\355\000c\000u\000l\000o\000\040\0002\0006\0000\000:\000\040\000a\000c\000t\000i\000v\000i\000d\000a\000d\000\040\000a\000d\000i\000c\000i\000o\000n\000a\000l\000\040\000e\000n\000\040\000c\000\341\000m\000a\000r\000a}{section.21.2}% 233
\BOOKMARK [1][-]{section.21.3}{\376\377\000L\000\355\000m\000i\000t\000e\000s\000\040\000d\000e\000\040\000l\000a\000\040\000a\000l\000z\000a\000d\000a\000\040\000a\000l\000\040\000r\000e\000s\000o\000l\000v\000e\000r}{chapter.21}% 234
\BOOKMARK [1][-]{section.21.4}{\376\377\000T\000r\000\341\000m\000i\000t\000e\000:\000\040\000i\000n\000m\000e\000d\000i\000a\000t\000o\000\040\000v\000s\000.\000\040\000d\000i\000f\000e\000r\000i\000d\000o}{chapter.21}% 235
\BOOKMARK [2][-]{subsection.21.4.1}{\376\377\000S\000u\000p\000u\000e\000s\000t\000o\000s\000\040\000d\000e\000\040\000t\000r\000\341\000m\000i\000t\000e\000\040\000d\000i\000f\000e\000r\000i\000d\000o}{section.21.4}% 236
\BOOKMARK [1][-]{section.21.5}{\376\377\000E\000f\000e\000c\000t\000o\000s\000:\000\040\000s\000u\000s\000p\000e\000n\000s\000i\000v\000o\000\040\000v\000s\000.\000\040\000n\000o\000\040\000s\000u\000s\000p\000e\000n\000s\000i\000v\000o\000\040\000\050\000d\000e\000v\000o\000l\000u\000t\000i\000v\000o\000\051}{chapter.21}% 237
\BOOKMARK [2][-]{subsection.21.5.1}{\376\377\000O\000r\000i\000g\000e\000n\000\040\000h\000i\000s\000t\000\363\000r\000i\000c\000o\000\040\000d\000e\000l\000\040\000t\000\351\000r\000m\000i\000n\000o\000\040\000`\000`\000d\000e\000v\000o\000l\000u\000t\000i\000v\000o\000'\000'}{section.21.5}% 238
\BOOKMARK [2][-]{subsection.21.5.2}{\376\377\000S\000u\000p\000u\000e\000s\000t\000o\000s\000\040\000d\000e\000\040\000e\000f\000e\000c\000t\000o\000\040\000n\000o\000\040\000s\000u\000s\000p\000e\000n\000s\000i\000v\000o}{section.21.5}% 239
\BOOKMARK [1][-]{section.21.6}{\376\377\000A\000r\000t\000\355\000c\000u\000l\000o\000\040\0002\0005\0000\000:\000\040\000p\000r\000o\000c\000e\000d\000i\000m\000i\000e\000n\000t\000o\000\040\000s\000e\000g\000\372\000n\000\040\000e\000l\000\040\000t\000i\000p\000o\000\040\000d\000e\000\040\000r\000e\000s\000o\000l\000u\000c\000i\000\363\000n}{chapter.21}% 240
\BOOKMARK [0][-]{chapter.22}{\376\377\000R\000e\000g\000l\000a\000s\000\040\000y\000\040\000m\000e\000c\000a\000n\000i\000s\000m\000o\000s\000\040\000e\000s\000p\000e\000c\000i\000a\000l\000e\000s\000\040\000d\000e\000\040\000l\000a\000\040\000a\000p\000e\000l\000a\000c\000i\000\363\000n}{part.3}% 241
\BOOKMARK [1][-]{section.22.1}{\376\377\000L\000a\000s\000\040\000s\000e\000i\000s\000\040\000r\000e\000g\000l\000a\000s\000\040\000d\000e\000l\000\040\000r\000e\000c\000u\000r\000s\000o\000\040\000d\000e\000\040\000a\000p\000e\000l\000a\000c\000i\000\363\000n}{chapter.22}% 242
\BOOKMARK [1][-]{section.22.2}{\376\377\000A\000d\000m\000i\000s\000i\000b\000i\000l\000i\000d\000a\000d\000\040\000v\000s\000.\000\040\000f\000u\000n\000d\000a\000b\000i\000l\000i\000d\000a\000d\000:\000\040\000\277\000q\000u\000i\000\351\000n\000\040\000a\000n\000a\000l\000i\000z\000a\000\040\000q\000u\000\351\000?}{chapter.22}% 243
\BOOKMARK [1][-]{section.22.3}{\376\377\000C\000a\000s\000o\000\040\000p\000r\000\341\000c\000t\000i\000c\000o\000:\000\040\000c\000o\000n\000t\000e\000s\000t\000a\000c\000i\000\363\000n\000\040\000d\000e\000\040\000d\000e\000m\000a\000n\000d\000a\000\040\000d\000e\000c\000l\000a\000r\000a\000d\000a\000\040\000e\000x\000t\000e\000m\000p\000o\000r\000\341\000n\000e\000a}{chapter.22}% 244
\BOOKMARK [1][-]{section.22.4}{\376\377\000R\000e\000v\000o\000c\000a\000c\000i\000\363\000n\000\040\000n\000o\000m\000i\000n\000a\000d\000a\000:\000\040\000a\000r\000t\000\355\000c\000u\000l\000o\000\040\0003\0008\000\040\000t\000e\000r\000\040\000C\000P\000C\000C\000N}{chapter.22}% 245
\BOOKMARK [1][-]{section.22.5}{\376\377\000R\000e\000p\000o\000s\000i\000c\000i\000\363\000n\000\040\000i\000n\000\040\000e\000x\000t\000r\000e\000m\000i\000s\000:\000\040\000c\000r\000e\000a\000c\000i\000\363\000n\000\040\000p\000r\000e\000t\000o\000r\000i\000a\000n\000a}{chapter.22}% 246
\BOOKMARK [2][-]{subsection.22.5.1}{\376\377\000J\000u\000r\000i\000s\000p\000r\000u\000d\000e\000n\000c\000i\000a\000\040\000s\000o\000b\000r\000e\000\040\000l\000a\000\040\000r\000e\000p\000o\000s\000i\000c\000i\000\363\000n\000\040\000i\000n\000\040\000e\000x\000t\000r\000e\000m\000i\000s}{section.22.5}% 247
\BOOKMARK [1][-]{section.22.6}{\376\377\000S\000\355\000n\000t\000e\000s\000i\000s\000\040\000g\000e\000n\000e\000r\000a\000l\000\040\000d\000e\000\040\000l\000a\000\040\000i\000m\000p\000u\000g\000n\000a\000c\000i\000\363\000n\000\040\000y\000\040\000l\000o\000s\000\040\000r\000e\000c\000u\000r\000s\000o\000s}{chapter.22}% 248
\BOOKMARK [-1][-]{part.4}{\376\377\000I\000V\000\040\000E\000j\000e\000c\000u\000c\000i\000\363\000n\000\040\000d\000e\000\040\000l\000a\000\040\000s\000e\000n\000t\000e\000n\000c\000i\000a\000\040\000y\000\040\000j\000u\000i\000c\000i\000o\000\040\000e\000j\000e\000c\000u\000t\000i\000v\000o}{}% 249
\BOOKMARK [0][-]{chapter.23}{\376\377\000N\000a\000t\000u\000r\000a\000l\000e\000z\000a\000\040\000y\000\040\000e\000n\000c\000u\000a\000d\000r\000e\000\040\000d\000e\000\040\000l\000a\000\040\000e\000j\000e\000c\000u\000c\000i\000\363\000n}{part.4}% 250
\BOOKMARK [1][-]{section.23.1}{\376\377\000U\000b\000i\000c\000a\000c\000i\000\363\000n\000\040\000n\000o\000r\000m\000a\000t\000i\000v\000a\000\040\000e\000n\000\040\000e\000l\000\040\000C\000\363\000d\000i\000g\000o\000\040\000P\000r\000o\000c\000e\000s\000a\000l}{chapter.23}% 251
\BOOKMARK [1][-]{section.23.2}{\376\377\000L\000a\000\040\000e\000j\000e\000c\000u\000c\000i\000\363\000n\000\040\000d\000e\000\040\000s\000e\000n\000t\000e\000n\000c\000i\000a\000\040\000n\000o\000\040\000e\000s\000\040\000u\000n\000\040\000p\000r\000o\000c\000e\000s\000o\000\040\000i\000n\000d\000e\000p\000e\000n\000d\000i\000e\000n\000t\000e}{chapter.23}% 252
\BOOKMARK [1][-]{section.23.3}{\376\377\000D\000i\000f\000e\000r\000e\000n\000c\000i\000a\000s\000\040\000e\000n\000t\000r\000e\000\040\000e\000j\000e\000c\000u\000c\000i\000\363\000n\000\040\000d\000e\000\040\000s\000e\000n\000t\000e\000n\000c\000i\000a\000\040\000y\000\040\000j\000u\000i\000c\000i\000o\000\040\000e\000j\000e\000c\000u\000t\000i\000v\000o}{chapter.23}% 253
\BOOKMARK [1][-]{section.23.4}{\376\377\000L\000a\000\040\000s\000e\000n\000t\000e\000n\000c\000i\000a\000\040\000c\000o\000m\000o\000\040\000t\000\355\000t\000u\000l\000o\000\040\000e\000j\000e\000c\000u\000t\000o\000r\000i\000o\000:\000\040\000e\000l\000\040\000d\000e\000r\000e\000c\000h\000o\000\040\000c\000i\000e\000r\000t\000o}{chapter.23}% 254
\BOOKMARK [0][-]{chapter.24}{\376\377\000R\000e\000q\000u\000i\000s\000i\000t\000o\000s\000\040\000p\000a\000r\000a\000\040\000e\000j\000e\000c\000u\000t\000a\000r\000\040\000l\000a\000\040\000s\000e\000n\000t\000e\000n\000c\000i\000a}{part.4}% 255
\BOOKMARK [1][-]{section.24.1}{\376\377\000L\000a\000\040\000s\000e\000n\000t\000e\000n\000c\000i\000a\000\040\000c\000o\000n\000s\000e\000n\000t\000i\000d\000a}{chapter.24}% 256
\BOOKMARK [1][-]{section.24.2}{\376\377\000L\000a\000\040\000s\000e\000n\000t\000e\000n\000c\000i\000a\000\040\000e\000j\000e\000c\000u\000t\000o\000r\000i\000a\000d\000a}{chapter.24}% 257
\BOOKMARK [1][-]{section.24.3}{\376\377\000P\000l\000a\000z\000o\000\040\000v\000e\000n\000c\000i\000d\000o\000,\000\040\000i\000n\000c\000u\000m\000p\000l\000i\000m\000i\000e\000n\000t\000o\000\040\000e\000\040\000i\000n\000s\000t\000a\000n\000c\000i\000a\000\040\000d\000e\000\040\000p\000a\000r\000t\000e}{chapter.24}% 258
\BOOKMARK [1][-]{section.24.4}{\376\377\000E\000x\000c\000e\000p\000c\000i\000\363\000n\000:\000\040\000l\000a\000\040\000e\000j\000e\000c\000u\000c\000i\000\363\000n\000\040\000p\000r\000o\000v\000i\000s\000o\000r\000i\000a}{chapter.24}% 259
\BOOKMARK [2][-]{subsection.24.4.1}{\376\377\000A\000l\000i\000m\000e\000n\000t\000o\000s}{section.24.4}% 260
\BOOKMARK [2][-]{subsection.24.4.2}{\376\377\000P\000r\000o\000c\000e\000s\000o\000\040\000s\000u\000m\000a\000r\000\355\000s\000i\000m\000o}{section.24.4}% 261
\BOOKMARK [2][-]{subsection.24.4.3}{\376\377\000R\000e\000c\000u\000r\000s\000o\000\040\000e\000x\000t\000r\000a\000o\000r\000d\000i\000n\000a\000r\000i\000o}{section.24.4}% 262
\BOOKMARK [1][-]{section.24.5}{\376\377\000E\000j\000e\000c\000u\000c\000i\000\363\000n\000\040\000p\000a\000r\000c\000i\000a\000l\000\040\000d\000e\000\040\000l\000a\000\040\000s\000e\000n\000t\000e\000n\000c\000i\000a}{chapter.24}% 263
\BOOKMARK [0][-]{chapter.25}{\376\377\000C\000o\000m\000p\000e\000t\000e\000n\000c\000i\000a\000\040\000y\000\040\000p\000r\000o\000c\000e\000d\000i\000m\000i\000e\000n\000t\000o\000\040\000d\000e\000\040\000l\000a\000\040\000e\000j\000e\000c\000u\000c\000i\000\363\000n}{part.4}% 264
\BOOKMARK [1][-]{section.25.1}{\376\377\000C\000o\000m\000p\000e\000t\000e\000n\000c\000i\000a\000:\000\040\000e\000l\000\040\000j\000u\000e\000z\000\040\000q\000u\000e\000\040\000d\000i\000c\000t\000\363\000\040\000l\000a\000\040\000s\000e\000n\000t\000e\000n\000c\000i\000a}{chapter.25}% 265
\BOOKMARK [2][-]{subsection.25.1.1}{\376\377\000D\000e\000l\000e\000g\000a\000c\000i\000\363\000n\000\040\000a\000\040\000u\000n\000\040\000j\000u\000e\000z\000\040\000d\000e\000\040\000o\000t\000r\000a\000\040\000c\000o\000m\000p\000e\000t\000e\000n\000c\000i\000a\000\040\000t\000e\000r\000r\000i\000t\000o\000r\000i\000a\000l}{section.25.1}% 266
\BOOKMARK [2][-]{subsection.25.1.2}{\376\377\000C\000o\000n\000e\000x\000i\000\363\000n\000\040\000d\000i\000r\000e\000c\000t\000a\000\040\000e\000n\000t\000r\000e\000\040\000c\000a\000u\000s\000a\000s\000\040\000s\000u\000c\000e\000s\000i\000v\000a\000s}{section.25.1}% 267
\BOOKMARK [1][-]{section.25.2}{\376\377\000C\000o\000n\000d\000e\000n\000a\000\040\000a\000\040\000p\000a\000g\000a\000r\000\040\000c\000a\000n\000t\000i\000d\000a\000d\000\040\000l\000\355\000q\000u\000i\000d\000a}{chapter.25}% 268
\BOOKMARK [1][-]{section.25.3}{\376\377\000L\000a\000\040\000t\000r\000a\000b\000a\000\040\000d\000e\000l\000\040\000e\000m\000b\000a\000r\000g\000o}{chapter.25}% 269
\BOOKMARK [2][-]{subsection.25.3.1}{\376\377\000B\000i\000e\000n\000e\000s\000\040\000i\000n\000m\000u\000e\000b\000l\000e\000s}{section.25.3}% 270
\BOOKMARK [2][-]{subsection.25.3.2}{\376\377\000B\000i\000e\000n\000e\000s\000\040\000m\000u\000e\000b\000l\000e\000s\000\040\000r\000e\000g\000i\000s\000t\000r\000a\000b\000l\000e\000s}{section.25.3}% 271
\BOOKMARK [2][-]{subsection.25.3.3}{\376\377\000B\000i\000e\000n\000e\000s\000\040\000m\000u\000e\000b\000l\000e\000s\000\040\000n\000o\000\040\000r\000e\000g\000i\000s\000t\000r\000a\000b\000l\000e\000s}{section.25.3}% 272
\BOOKMARK [1][-]{section.25.4}{\376\377\000E\000f\000e\000c\000t\000o\000s\000\040\000d\000e\000l\000\040\000e\000m\000b\000a\000r\000g\000o}{chapter.25}% 273
\BOOKMARK [1][-]{section.25.5}{\376\377\000C\000i\000t\000a\000c\000i\000\363\000n\000\040\000d\000e\000\040\000v\000e\000n\000t\000a}{chapter.25}% 274
\BOOKMARK [1][-]{section.25.6}{\376\377\000L\000a\000s\000\040\000e\000x\000c\000e\000p\000c\000i\000o\000n\000e\000s\000\040\000d\000e\000l\000\040\000a\000r\000t\000\355\000c\000u\000l\000o\000\040\0005\0000\0006}{chapter.25}% 275
\BOOKMARK [2][-]{subsection.25.6.1}{\376\377\000F\000a\000l\000s\000e\000d\000a\000d\000\040\000d\000e\000\040\000l\000a\000\040\000e\000j\000e\000c\000u\000t\000o\000r\000i\000a}{section.25.6}% 276
\BOOKMARK [2][-]{subsection.25.6.2}{\376\377\000P\000r\000e\000s\000c\000r\000i\000p\000c\000i\000\363\000n\000\040\000d\000e\000\040\000l\000a\000\040\000e\000j\000e\000c\000u\000t\000o\000r\000i\000a}{section.25.6}% 277
\BOOKMARK [2][-]{subsection.25.6.3}{\376\377\000P\000a\000g\000o}{section.25.6}% 278
\BOOKMARK [2][-]{subsection.25.6.4}{\376\377\000Q\000u\000i\000t\000a\000,\000\040\000e\000s\000p\000e\000r\000a\000\040\000y\000\040\000r\000e\000m\000i\000s\000i\000\363\000n}{section.25.6}% 279
\BOOKMARK [1][-]{section.25.7}{\376\377\000E\000x\000c\000e\000p\000c\000i\000o\000n\000e\000s\000\040\000n\000o\000\040\000e\000n\000u\000m\000e\000r\000a\000d\000a\000s\000\040\000a\000d\000m\000i\000t\000i\000d\000a\000s\000\040\000p\000o\000r\000\040\000l\000a\000\040\000j\000u\000r\000i\000s\000p\000r\000u\000d\000e\000n\000c\000i\000a}{chapter.25}% 280
\BOOKMARK [1][-]{section.25.8}{\376\377\000T\000r\000\341\000m\000i\000t\000e\000\040\000d\000e\000\040\000l\000a\000s\000\040\000e\000x\000c\000e\000p\000c\000i\000o\000n\000e\000s\000\040\000y\000\040\000s\000e\000n\000t\000e\000n\000c\000i\000a\000\040\000d\000e\000\040\000v\000e\000n\000t\000a}{chapter.25}% 281
\BOOKMARK [0][-]{chapter.26}{\376\377\000C\000o\000n\000d\000e\000n\000a\000\040\000i\000l\000\355\000q\000u\000i\000d\000a\000\040\000y\000\040\000l\000i\000q\000u\000i\000d\000a\000c\000i\000\363\000n}{part.4}% 282
\BOOKMARK [1][-]{section.26.1}{\376\377\000C\000u\000\341\000n\000d\000o\000\040\000c\000o\000r\000r\000e\000s\000p\000o\000n\000d\000e\000\040\000p\000r\000a\000c\000t\000i\000c\000a\000r\000\040\000l\000i\000q\000u\000i\000d\000a\000c\000i\000\363\000n}{chapter.26}% 283
\BOOKMARK [1][-]{section.26.2}{\376\377\000Q\000u\000i\000\351\000n\000\040\000p\000r\000a\000c\000t\000i\000c\000a\000\040\000l\000a\000\040\000l\000i\000q\000u\000i\000d\000a\000c\000i\000\363\000n\000\040\000y\000\040\000e\000n\000\040\000q\000u\000\351\000\040\000p\000l\000a\000z\000o}{chapter.26}% 284
\BOOKMARK [1][-]{section.26.3}{\376\377\000I\000m\000p\000u\000g\000n\000a\000c\000i\000\363\000n\000\040\000d\000e\000\040\000l\000a\000\040\000l\000i\000q\000u\000i\000d\000a\000c\000i\000\363\000n}{chapter.26}% 285
\BOOKMARK [1][-]{section.26.4}{\376\377\000D\000e\000b\000a\000t\000e\000\040\000d\000o\000c\000t\000r\000i\000n\000a\000l\000\040\000s\000o\000b\000r\000e\000\040\000l\000a\000\040\000a\000p\000e\000l\000a\000c\000i\000\363\000n\000\040\000d\000e\000\040\000l\000a\000\040\000l\000i\000q\000u\000i\000d\000a\000c\000i\000\363\000n\000\040\000a\000p\000r\000o\000b\000a\000d\000a}{chapter.26}% 286
\BOOKMARK [0][-]{chapter.27}{\376\377\000O\000b\000l\000i\000g\000a\000c\000i\000o\000n\000e\000s\000\040\000d\000e\000\040\000h\000a\000c\000e\000r\000,\000\040\000n\000o\000\040\000h\000a\000c\000e\000r\000\040\000y\000\040\000d\000a\000r\000\040\000c\000o\000s\000a\000s}{part.4}% 287
\BOOKMARK [1][-]{section.27.1}{\376\377\000C\000o\000n\000d\000e\000n\000a\000\040\000a\000\040\000h\000a\000c\000e\000r\000\040\000a\000l\000g\000u\000n\000a\000\040\000c\000o\000s\000a}{chapter.27}% 288
\BOOKMARK [1][-]{section.27.2}{\376\377\000C\000o\000n\000d\000e\000n\000a\000\040\000a\000\040\000o\000t\000o\000r\000g\000a\000r\000\040\000e\000s\000c\000r\000i\000t\000u\000r\000a\000\040\000p\000\372\000b\000l\000i\000c\000a}{chapter.27}% 289
\BOOKMARK [1][-]{section.27.3}{\376\377\000C\000o\000n\000d\000e\000n\000a\000\040\000a\000\040\000n\000o\000\040\000h\000a\000c\000e\000r}{chapter.27}% 290
\BOOKMARK [1][-]{section.27.4}{\376\377\000C\000o\000n\000d\000e\000n\000a\000\040\000a\000\040\000d\000a\000r\000\040\000c\000o\000s\000a\000s\000:\000\040\000m\000a\000n\000d\000a\000m\000i\000e\000n\000t\000o\000\040\000d\000e\000\040\000d\000e\000s\000a\000p\000o\000d\000e\000r\000a\000m\000i\000e\000n\000t\000o}{chapter.27}% 291
\BOOKMARK [1][-]{section.27.5}{\376\377\000L\000i\000q\000u\000i\000d\000a\000c\000i\000o\000n\000e\000s\000\040\000e\000s\000p\000e\000c\000i\000a\000l\000e\000s}{chapter.27}% 292
\BOOKMARK [1][-]{section.27.6}{\376\377\000O\000t\000r\000o\000s\000\040\000t\000\355\000t\000u\000l\000o\000s\000\040\000e\000j\000e\000c\000u\000t\000a\000b\000l\000e\000s\000\040\000p\000o\000r\000\040\000e\000s\000t\000e\000\040\000p\000r\000o\000c\000e\000d\000i\000m\000i\000e\000n\000t\000o}{chapter.27}% 293
\BOOKMARK [1][-]{section.27.7}{\376\377\000R\000e\000f\000l\000e\000x\000i\000\363\000n\000\040\000f\000i\000n\000a\000l}{chapter.27}% 294
\BOOKMARK [1][-]{section.27.8}{\376\377\000S\000\355\000n\000t\000e\000s\000i\000s\000\040\000d\000e\000\040\000l\000a\000\040\000e\000j\000e\000c\000u\000c\000i\000\363\000n\000\040\000d\000e\000\040\000s\000e\000n\000t\000e\000n\000c\000i\000a}{chapter.27}% 295
\BOOKMARK [0][-]{chapter.28}{\376\377\000E\000l\000\040\000j\000u\000i\000c\000i\000o\000\040\000e\000j\000e\000c\000u\000t\000i\000v\000o}{part.4}% 296
\BOOKMARK [1][-]{section.28.1}{\376\377\000U\000b\000i\000c\000a\000c\000i\000\363\000n\000\040\000e\000n\000\040\000e\000l\000\040\000c\000\363\000d\000i\000g\000o\000\040\000p\000r\000o\000c\000e\000s\000a\000l}{chapter.28}% 297
\BOOKMARK [1][-]{section.28.2}{\376\377\000C\000o\000n\000c\000e\000p\000t\000o\000\040\000y\000\040\000n\000a\000t\000u\000r\000a\000l\000e\000z\000a\000\040\000j\000u\000r\000\355\000d\000i\000c\000a}{chapter.28}% 298
\BOOKMARK [2][-]{subsection.28.2.1}{\376\377\000E\000l\000\040\000p\000r\000o\000c\000e\000s\000o\000\040\000d\000e\000\040\000c\000o\000n\000o\000c\000i\000m\000i\000e\000n\000t\000o\000\040\000s\000u\000m\000a\000r\000i\000o}{section.28.2}% 299
\BOOKMARK [2][-]{subsection.28.2.2}{\376\377\000L\000a\000\040\000o\000p\000c\000i\000\363\000n\000\040\000p\000o\000r\000\040\000l\000a\000\040\000r\000a\000p\000i\000d\000e\000z}{section.28.2}% 300
\BOOKMARK [1][-]{section.28.3}{\376\377\000D\000i\000f\000e\000r\000e\000n\000c\000i\000a\000\040\000c\000o\000n\000\040\000l\000a\000\040\000e\000j\000e\000c\000u\000c\000i\000\363\000n\000\040\000d\000e\000\040\000s\000e\000n\000t\000e\000n\000c\000i\000a\000s}{chapter.28}% 301
\BOOKMARK [2][-]{subsection.28.3.1}{\376\377\000E\000l\000\040\000d\000e\000s\000d\000o\000b\000l\000a\000m\000i\000e\000n\000t\000o\000\040\000d\000e\000l\000\040\000c\000o\000n\000o\000c\000i\000m\000i\000e\000n\000t\000o\000\040\000d\000e\000l\000\040\000c\000o\000n\000f\000l\000i\000c\000t\000o}{section.28.3}% 302
\BOOKMARK [2][-]{subsection.28.3.2}{\376\377\000L\000a\000\040\000c\000o\000s\000a\000\040\000j\000u\000z\000g\000a\000d\000a\000\040\000e\000n\000\040\000e\000l\000\040\000j\000u\000i\000c\000i\000o\000\040\000e\000j\000e\000c\000u\000t\000i\000v\000o}{section.28.3}% 303
\BOOKMARK [1][-]{section.28.4}{\376\377\000R\000e\000q\000u\000i\000s\000i\000t\000o\000s\000\040\000p\000a\000r\000a\000\040\000a\000c\000c\000e\000d\000e\000r\000\040\000a\000\040\000l\000a\000\040\000v\000\355\000a\000\040\000e\000j\000e\000c\000u\000t\000i\000v\000a}{chapter.28}% 304
\BOOKMARK [2][-]{subsection.28.4.1}{\376\377\000L\000a\000\040\000e\000x\000i\000g\000i\000b\000i\000l\000i\000d\000a\000d}{section.28.4}% 305
\BOOKMARK [2][-]{subsection.28.4.2}{\376\377\000L\000a\000\040\000l\000i\000q\000u\000i\000d\000e\000z\000\040\000o\000\040\000f\000\341\000c\000i\000l\000\040\000l\000i\000q\000u\000i\000d\000a\000b\000i\000l\000i\000d\000a\000d}{section.28.4}% 306
\BOOKMARK [2][-]{subsection.28.4.3}{\376\377\000E\000l\000\040\000c\000a\000s\000o\000\040\000d\000e\000\040\000l\000a\000\040\000m\000o\000n\000e\000d\000a\000\040\000e\000x\000t\000r\000a\000n\000j\000e\000r\000a}{section.28.4}% 307
\BOOKMARK [1][-]{section.28.5}{\376\377\000T\000\355\000t\000u\000l\000o\000s\000\040\000e\000j\000e\000c\000u\000t\000i\000v\000o\000s\000\040\040\024\000\040\000A\000r\000t\000\355\000c\000u\000l\000o\000\040\0005\0002\0003}{chapter.28}% 308
\BOOKMARK [2][-]{subsection.28.5.1}{\376\377\000E\000l\000\040\000i\000n\000c\000i\000s\000o\000\040\0007\000.\000\272\000:\000\040\000a\000p\000e\000r\000t\000u\000r\000a\000\040\000a\000\040\000t\000\355\000t\000u\000l\000o\000s\000\040\000e\000s\000p\000e\000c\000i\000a\000l\000e\000s}{section.28.5}% 309
\BOOKMARK [1][-]{section.28.6}{\376\377\000T\000\355\000t\000u\000l\000o\000s\000\040\000i\000n\000c\000o\000m\000p\000l\000e\000t\000o\000s\000\040\000y\000\040\000p\000r\000e\000p\000a\000r\000a\000c\000i\000\363\000n\000\040\000d\000e\000\040\000l\000a\000\040\000v\000\355\000a\000\040\000e\000j\000e\000c\000u\000t\000i\000v\000a}{chapter.28}% 310
\BOOKMARK [1][-]{section.28.7}{\376\377\000E\000l\000\040\000e\000m\000b\000a\000r\000g\000o\000\040\000e\000j\000e\000c\000u\000t\000i\000v\000o}{chapter.28}% 311
\BOOKMARK [1][-]{section.28.8}{\376\377\000L\000a\000\040\000i\000n\000t\000i\000m\000a\000c\000i\000\363\000n\000\040\000d\000e\000\040\000p\000a\000g\000o\000\040\040\024\000\040\000A\000r\000t\000\355\000c\000u\000l\000o\000\040\0005\0003\0001}{chapter.28}% 312
\BOOKMARK [1][-]{section.28.9}{\376\377\000A\000m\000p\000l\000i\000a\000c\000i\000\363\000n\000\040\000d\000e\000\040\000l\000a\000\040\000e\000j\000e\000c\000u\000c\000i\000\363\000n\000\040\040\024\000\040\000A\000r\000t\000\355\000c\000u\000l\000o\000s\000\040\0005\0004\0000\000\040\000y\000\040\0005\0004\0001}{chapter.28}% 313
\BOOKMARK [1][-]{section.28.10}{\376\377\000E\000x\000c\000e\000p\000c\000i\000o\000n\000e\000s\000\040\000a\000d\000m\000i\000s\000i\000b\000l\000e\000s\000\040\040\024\000\040\000A\000r\000t\000\355\000c\000u\000l\000o\000\040\0005\0004\0004}{chapter.28}% 314
\BOOKMARK [1][-]{section.28.11}{\376\377\000F\000a\000l\000s\000e\000d\000a\000d\000\040\000e\000\040\000i\000n\000h\000a\000b\000i\000l\000i\000d\000a\000d\000\040\000d\000e\000l\000\040\000t\000\355\000t\000u\000l\000o\000\040\000\050\000a\000r\000t\000.\000\040\0005\0004\0004\000,\000\040\000i\000n\000c\000.\000\040\0004\000.\000\272\000\051}{chapter.28}% 315
\BOOKMARK [2][-]{subsection.28.11.1}{\376\377\000F\000a\000l\000s\000e\000d\000a\000d\000\040\000m\000a\000t\000e\000r\000i\000a\000l\000\040\000y\000\040\000f\000a\000l\000s\000e\000d\000a\000d\000\040\000i\000d\000e\000o\000l\000\363\000g\000i\000c\000a}{section.28.11}% 316
\BOOKMARK [2][-]{subsection.28.11.2}{\376\377\000E\000l\000\040\000c\000a\000s\000o\000\040\000e\000x\000t\000r\000e\000m\000o\000:\000\040\000o\000r\000d\000i\000n\000a\000r\000i\000z\000a\000c\000i\000\363\000n\000\040\000d\000e\000l\000\040\000p\000r\000o\000c\000e\000s\000o}{section.28.11}% 317
\BOOKMARK [2][-]{subsection.28.11.3}{\376\377\000L\000a\000\040\000i\000n\000h\000a\000b\000i\000l\000i\000d\000a\000d\000\040\000d\000e\000l\000\040\000t\000\355\000t\000u\000l\000o}{section.28.11}% 318
\BOOKMARK [1][-]{section.28.12}{\376\377\000A\000p\000e\000r\000t\000u\000r\000a\000\040\000a\000\040\000p\000r\000u\000e\000b\000a\000\040\000y\000\040\000s\000e\000n\000t\000e\000n\000c\000i\000a\000\040\000d\000e\000\040\000t\000r\000a\000n\000c\000e\000\040\000y\000\040\000r\000e\000m\000a\000t\000e}{chapter.28}% 319
\BOOKMARK [1][-]{section.28.13}{\376\377\000A\000p\000e\000l\000a\000c\000i\000\363\000n\000\040\000e\000\040\000i\000n\000a\000p\000e\000l\000a\000b\000i\000l\000i\000d\000a\000d\000\040\000e\000n\000\040\000e\000l\000\040\000j\000u\000i\000c\000i\000o\000\040\000e\000j\000e\000c\000u\000t\000i\000v\000o}{chapter.28}% 320
\BOOKMARK [1][-]{section.28.14}{\376\377\000C\000o\000s\000t\000a\000s\000\040\000y\000\040\000j\000u\000i\000c\000i\000o\000\040\000o\000r\000d\000i\000n\000a\000r\000i\000o\000\040\000p\000o\000s\000t\000e\000r\000i\000o\000r}{chapter.28}% 321
\BOOKMARK [1][-]{section.28.15}{\376\377\000E\000j\000e\000c\000u\000c\000i\000o\000n\000e\000s\000\040\000e\000s\000p\000e\000c\000i\000a\000l\000e\000s\000\040\040\024\000\040\000A\000r\000t\000\355\000c\000u\000l\000o\000\040\0005\0009\0005\000\040\000y\000\040\000s\000i\000g\000u\000i\000e\000n\000t\000e\000s}{chapter.28}% 322
\BOOKMARK [2][-]{subsection.28.15.1}{\376\377\000L\000a\000\040\000e\000j\000e\000c\000u\000c\000i\000\363\000n\000\040\000h\000i\000p\000o\000t\000e\000c\000a\000r\000i\000a}{section.28.15}% 323
\BOOKMARK [0][-]{chapter.29}{\376\377\000C\000u\000m\000p\000l\000i\000m\000i\000e\000n\000t\000o\000\040\000d\000e\000\040\000l\000a\000\040\000s\000e\000n\000t\000e\000n\000c\000i\000a\000\040\000d\000e\000\040\000r\000e\000m\000a\000t\000e}{part.4}% 324
\BOOKMARK [1][-]{section.29.1}{\376\377\000L\000a\000\040\000e\000t\000a\000p\000a\000\040\000c\000o\000e\000r\000c\000i\000t\000i\000v\000a\000\040\000d\000e\000l\000\040\000p\000r\000o\000c\000e\000s\000o}{chapter.29}% 325
\BOOKMARK [2][-]{subsection.29.1.1}{\376\377\000T\000\355\000t\000u\000l\000o\000s\000\040\000a\000s\000i\000m\000i\000l\000a\000b\000l\000e\000s\000\040\000a\000\040\000l\000a\000\040\000s\000e\000n\000t\000e\000n\000c\000i\000a}{section.29.1}% 326
\BOOKMARK [2][-]{subsection.29.1.2}{\376\377\000I\000n\000a\000p\000e\000l\000a\000b\000i\000l\000i\000d\000a\000d\000\040\000d\000e\000l\000\040\000e\000j\000e\000c\000u\000t\000a\000d\000o\000\040\040\024\000\040\000A\000r\000t\000\355\000c\000u\000l\000o\000\040\0005\0006\0000}{section.29.1}% 327
\BOOKMARK [1][-]{section.29.2}{\376\377\000E\000l\000\040\000e\000m\000b\000a\000r\000g\000o\000\040\000e\000j\000e\000c\000u\000t\000o\000r\000i\000o\000:\000\040\000p\000r\000e\000s\000u\000p\000u\000e\000s\000t\000o\000\040\000d\000e\000l\000\040\000r\000e\000m\000a\000t\000e}{chapter.29}% 328
\BOOKMARK [1][-]{section.29.3}{\376\377\000B\000i\000e\000n\000e\000s\000\040\000s\000u\000b\000a\000s\000t\000a\000b\000l\000e\000s}{chapter.29}% 329
\BOOKMARK [1][-]{section.29.4}{\376\377\000E\000l\000\040\000m\000a\000r\000t\000i\000l\000l\000e\000r\000o\000:\000\040\000d\000e\000s\000i\000g\000n\000a\000c\000i\000\363\000n\000\040\000y\000\040\000f\000u\000n\000c\000i\000o\000n\000e\000s}{chapter.29}% 330
\BOOKMARK [2][-]{subsection.29.4.1}{\376\377\000O\000b\000l\000i\000g\000a\000c\000i\000o\000n\000e\000s\000\040\000d\000e\000l\000\040\000m\000a\000r\000t\000i\000l\000l\000e\000r\000o}{section.29.4}% 331
\BOOKMARK [1][-]{section.29.5}{\376\377\000L\000a\000\040\000l\000i\000g\000a\000:\000\040\000d\000i\000s\000t\000o\000r\000s\000i\000\363\000n\000\040\000d\000e\000l\000\040\000s\000i\000s\000t\000e\000m\000a\000\040\000d\000e\000\040\000s\000u\000b\000a\000s\000t\000a\000s}{chapter.29}% 332
\BOOKMARK [1][-]{section.29.6}{\376\377\000S\000u\000b\000a\000s\000t\000a\000s\000\040\000e\000l\000e\000c\000t\000r\000\363\000n\000i\000c\000a\000s}{chapter.29}% 333
\BOOKMARK [1][-]{section.29.7}{\376\377\000T\000r\000\341\000m\000i\000t\000e\000s\000\040\000p\000r\000e\000v\000i\000o\000s\000\040\000a\000\040\000l\000a\000\040\000s\000u\000b\000a\000s\000t\000a\000\040\000d\000e\000\040\000i\000n\000m\000u\000e\000b\000l\000e\000s}{chapter.29}% 334
\BOOKMARK [2][-]{subsection.29.7.1}{\376\377\000I\000n\000f\000o\000r\000m\000e\000s\000\040\000r\000e\000g\000i\000s\000t\000r\000a\000l\000e\000s\000\040\000y\000\040\000d\000e\000\040\000d\000e\000u\000d\000a\000s}{section.29.7}% 335
\BOOKMARK [2][-]{subsection.29.7.2}{\376\377\000C\000i\000t\000a\000c\000i\000\363\000n\000\040\000d\000e\000\040\000l\000o\000s\000\040\000a\000c\000r\000e\000e\000d\000o\000r\000e\000s\000\040\000c\000o\000n\000\040\000g\000r\000a\000v\000\341\000m\000e\000n\000e\000s}{section.29.7}% 336
\BOOKMARK [1][-]{section.29.8}{\376\377\000L\000o\000s\000\040\000e\000d\000i\000c\000t\000o\000s\000\040\000y\000\040\000l\000a\000\040\000p\000u\000b\000l\000i\000c\000i\000d\000a\000d\000\040\040\024\000\040\000A\000r\000t\000\355\000c\000u\000l\000o\000\040\0005\0006\0006}{chapter.29}% 337
\BOOKMARK [1][-]{section.29.9}{\376\377\000L\000a\000\040\000b\000a\000s\000e\000\040\000d\000e\000\040\000l\000a\000\040\000s\000u\000b\000a\000s\000t\000a\000\040\040\024\000\040\000A\000r\000t\000\355\000c\000u\000l\000o\000\040\0005\0007\0008}{chapter.29}% 338
\BOOKMARK [1][-]{section.29.10}{\376\377\000E\000l\000\040\000a\000c\000t\000o\000\040\000d\000e\000\040\000r\000e\000m\000a\000t\000e}{chapter.29}% 339
\BOOKMARK [2][-]{subsection.29.10.1}{\376\377\000C\000u\000a\000n\000d\000o\000\040\000h\000a\000y\000\040\000c\000o\000m\000p\000r\000a\000d\000o\000r}{section.29.10}% 340
\BOOKMARK [2][-]{subsection.29.10.2}{\376\377\000C\000r\000\355\000t\000i\000c\000a\000\040\000a\000\040\000l\000a\000\040\000e\000x\000i\000g\000e\000n\000c\000i\000a\000\040\000d\000e\000l\000\040\000d\000i\000n\000e\000r\000o\000\040\000e\000n\000\040\000e\000f\000e\000c\000t\000i\000v\000o}{section.29.10}% 341
\BOOKMARK [1][-]{section.29.11}{\376\377\000A\000p\000r\000o\000b\000a\000c\000i\000\363\000n\000\040\000y\000\040\000n\000u\000l\000i\000d\000a\000d\000e\000s}{chapter.29}% 342
\BOOKMARK [1][-]{section.29.12}{\376\377\000E\000l\000\040\000s\000o\000b\000r\000e\000s\000e\000i\000m\000i\000e\000n\000t\000o\000\040\000d\000e\000l\000\040\000j\000u\000i\000c\000i\000o\000\040\040\024\000\040\000A\000r\000t\000\355\000c\000u\000l\000o\000\040\0005\0008\0003}{chapter.29}% 343
\BOOKMARK [1][-]{section.29.13}{\376\377\000T\000\355\000t\000u\000l\000o\000\040\000d\000e\000l\000\040\000a\000d\000q\000u\000i\000r\000e\000n\000t\000e\000\040\000e\000\040\000i\000n\000s\000c\000r\000i\000p\000c\000i\000\363\000n\000\040\000r\000e\000g\000i\000s\000t\000r\000a\000l}{chapter.29}% 344
\BOOKMARK [2][-]{subsection.29.13.1}{\376\377\000L\000e\000v\000a\000n\000t\000a\000m\000i\000e\000n\000t\000o\000\040\000d\000e\000\040\000g\000r\000a\000v\000\341\000m\000e\000n\000e\000s}{section.29.13}% 345
\BOOKMARK [1][-]{section.29.14}{\376\377\000D\000i\000s\000t\000r\000i\000b\000u\000c\000i\000\363\000n\000\040\000d\000e\000l\000\040\000p\000r\000o\000d\000u\000c\000i\000d\000o\000:\000\040\000l\000a\000\040\000l\000i\000q\000u\000i\000d\000a\000c\000i\000\363\000n}{chapter.29}% 346
\BOOKMARK [1][-]{section.29.15}{\376\377\000S\000u\000b\000a\000s\000t\000a\000\040\000f\000r\000a\000c\000a\000s\000a\000d\000a\000\040\000y\000\040\000a\000c\000r\000e\000e\000d\000o\000r\000\040\000c\000o\000m\000p\000r\000a\000d\000o\000r}{chapter.29}% 347
\BOOKMARK [2][-]{subsection.29.15.1}{\376\377\000F\000r\000a\000c\000a\000s\000o\000\040\000p\000o\000r\000\040\000f\000a\000l\000t\000a\000\040\000d\000e\000\040\000p\000o\000s\000t\000o\000r\000e\000s}{section.29.15}% 348
\BOOKMARK [2][-]{subsection.29.15.2}{\376\377\000E\000l\000\040\000a\000c\000r\000e\000e\000d\000o\000r\000\040\000c\000o\000m\000o\000\040\000c\000o\000m\000p\000r\000a\000d\000o\000r}{section.29.15}% 349
\BOOKMARK [1][-]{section.29.16}{\376\377\000L\000o\000s\000\040\000p\000l\000e\000n\000a\000r\000i\000o\000s\000:\000\040\000d\000i\000f\000e\000r\000e\000n\000c\000i\000a\000\040\000e\000n\000t\000r\000e\000\040\000f\000u\000e\000r\000o\000s}{chapter.29}% 350
\BOOKMARK [1][-]{section.29.17}{\376\377\000D\000e\000s\000o\000c\000u\000p\000a\000c\000i\000\363\000n\000\040\000d\000e\000l\000\040\000i\000n\000m\000u\000e\000b\000l\000e\000\040\040\024\000\040\000A\000r\000t\000\355\000c\000u\000l\000o\000\040\0005\0008\0009}{chapter.29}% 351
\BOOKMARK [-1][-]{part.5}{\376\377\000V\000\040\000S\000i\000s\000t\000e\000m\000a\000s\000\040\000c\000a\000u\000t\000e\000l\000a\000r\000e\000s}{}% 352
\BOOKMARK [0][-]{chapter.30}{\376\377\000F\000u\000n\000d\000a\000m\000e\000n\000t\000o\000s\000\040\000d\000e\000\040\000l\000o\000s\000\040\000s\000i\000s\000t\000e\000m\000a\000s\000\040\000c\000a\000u\000t\000e\000l\000a\000r\000e\000s}{part.5}% 353
\BOOKMARK [1][-]{section.30.1}{\376\377\000I\000m\000p\000o\000r\000t\000a\000n\000c\000i\000a\000\040\000d\000e\000\040\000l\000o\000s\000\040\000s\000i\000s\000t\000e\000m\000a\000s\000\040\000c\000a\000u\000t\000e\000l\000a\000r\000e\000s}{chapter.30}% 354
\BOOKMARK [1][-]{section.30.2}{\376\377\000L\000a\000\040\000a\000c\000t\000u\000a\000c\000i\000\363\000n\000\040\000d\000e\000\040\000l\000a\000\040\000l\000e\000y\000\040\000e\000n\000\040\000e\000l\000\040\000p\000r\000o\000c\000e\000s\000o}{chapter.30}% 355
\BOOKMARK [1][-]{section.30.3}{\376\377\000E\000l\000\040\000p\000o\000d\000e\000r\000\040\000c\000a\000u\000t\000e\000l\000a\000r}{chapter.30}% 356
\BOOKMARK [1][-]{section.30.4}{\376\377\000C\000a\000u\000t\000e\000l\000a\000\040\000y\000\040\000c\000o\000n\000d\000e\000n\000a}{chapter.30}% 357
\BOOKMARK [0][-]{chapter.31}{\376\377\000C\000l\000a\000s\000i\000f\000i\000c\000a\000c\000i\000\363\000n\000\040\000d\000e\000\040\000l\000o\000s\000\040\000s\000i\000s\000t\000e\000m\000a\000s\000\040\000c\000a\000u\000t\000e\000l\000a\000r\000e\000s}{part.5}% 358
\BOOKMARK [1][-]{section.31.1}{\376\377\000E\000l\000\040\000t\000r\000a\000t\000a\000m\000i\000e\000n\000t\000o\000\040\000c\000o\000m\000o\000\040\000s\000i\000s\000t\000e\000m\000a}{chapter.31}% 359
\BOOKMARK [1][-]{section.31.2}{\376\377\000\301\000m\000b\000i\000t\000o\000\040\000n\000o\000r\000m\000a\000l\000\040\000y\000\040\000\341\000m\000b\000i\000t\000o\000\040\000e\000x\000c\000e\000p\000c\000i\000o\000n\000a\000l}{chapter.31}% 360
\BOOKMARK [1][-]{section.31.3}{\376\377\000\301\000m\000b\000i\000t\000o\000\040\000n\000o\000r\000m\000a\000l}{chapter.31}% 361
\BOOKMARK [2][-]{subsection.31.3.1}{\376\377\000S\000i\000s\000t\000e\000m\000a\000s\000\040\000a\000s\000e\000g\000u\000r\000a\000t\000i\000v\000o\000s\000\040\000p\000r\000o\000b\000a\000t\000o\000r\000i\000o\000s}{section.31.3}% 362
\BOOKMARK [2][-]{subsection.31.3.2}{\376\377\000S\000i\000s\000t\000e\000m\000a\000s\000\040\000p\000r\000e\000c\000a\000u\000t\000o\000r\000i\000o\000s\000\040\000t\000r\000a\000d\000i\000c\000i\000o\000n\000a\000l\000e\000s}{section.31.3}% 363
\BOOKMARK [2][-]{subsection.31.3.3}{\376\377\000S\000i\000s\000t\000e\000m\000a\000s\000\040\000a\000s\000e\000g\000u\000r\000a\000t\000i\000v\000o\000s\000\040\000g\000a\000r\000a\000n\000t\000i\000z\000a\000d\000o\000r\000e\000s}{section.31.3}% 364
\BOOKMARK [2][-]{subsection.31.3.4}{\376\377\000S\000i\000s\000t\000e\000m\000a\000s\000\040\000a\000s\000e\000g\000u\000r\000a\000t\000i\000v\000o\000s\000\040\000g\000e\000n\000\351\000r\000i\000c\000o\000s}{section.31.3}% 365
\BOOKMARK [1][-]{section.31.4}{\376\377\000\301\000m\000b\000i\000t\000o\000\040\000e\000x\000c\000e\000p\000c\000i\000o\000n\000a\000l}{chapter.31}% 366
\BOOKMARK [1][-]{section.31.5}{\376\377\000P\000a\000n\000o\000r\000a\000m\000a\000\040\000d\000e\000\040\000l\000o\000s\000\040\000s\000i\000s\000t\000e\000m\000a\000s\000\040\000c\000a\000u\000t\000e\000l\000a\000r\000e\000s}{chapter.31}% 367
\BOOKMARK [0][-]{chapter.32}{\376\377\000M\000e\000d\000i\000d\000a\000s\000\040\000c\000a\000u\000t\000e\000l\000a\000r\000e\000s\000\040\000y\000\040\000p\000r\000e\000s\000u\000p\000u\000e\000s\000t\000o\000s}{part.5}% 368
\BOOKMARK [1][-]{section.32.1}{\376\377\000C\000o\000n\000c\000e\000p\000t\000o\000\040\000d\000e\000\040\000m\000e\000d\000i\000d\000a\000s\000\040\000c\000a\000u\000t\000e\000l\000a\000r\000e\000s}{chapter.32}% 369
\BOOKMARK [1][-]{section.32.2}{\376\377\000P\000r\000e\000s\000u\000p\000u\000e\000s\000t\000o\000s\000\040\000d\000e\000\040\000l\000a\000s\000\040\000m\000e\000d\000i\000d\000a\000s\000\040\000c\000a\000u\000t\000e\000l\000a\000r\000e\000s}{chapter.32}% 370
\BOOKMARK [1][-]{section.32.3}{\376\377\000P\000r\000e\000s\000u\000p\000u\000e\000s\000t\000o\000s\000\040\000s\000u\000s\000t\000a\000n\000c\000i\000a\000l\000e\000s}{chapter.32}% 371
\BOOKMARK [2][-]{subsection.32.3.1}{\376\377\000V\000e\000r\000o\000s\000i\000m\000i\000l\000i\000t\000u\000d\000\040\000e\000n\000\040\000e\000l\000\040\000d\000e\000r\000e\000c\000h\000o\000\040\000\050\000f\000u\000m\000u\000s\000\040\000b\000o\000n\000i\000\040\000i\000u\000r\000i\000s\000\051}{section.32.3}% 372
\BOOKMARK [2][-]{subsection.32.3.2}{\376\377\000P\000e\000l\000i\000g\000r\000o\000\040\000e\000n\000\040\000l\000a\000\040\000d\000e\000m\000o\000r\000a}{section.32.3}% 373
\BOOKMARK [2][-]{subsection.32.3.3}{\376\377\000L\000a\000\040\000c\000o\000n\000t\000r\000a\000c\000a\000u\000t\000e\000l\000a}{section.32.3}% 374
\BOOKMARK [1][-]{section.32.4}{\376\377\000P\000r\000e\000s\000u\000p\000u\000e\000s\000t\000o\000s\000\040\000p\000r\000o\000c\000e\000s\000a\000l\000e\000s\000:\000\040\000a\000r\000t\000\355\000c\000u\000l\000o\000\040\0001\0009\0005\000\040\000C\000P\000C\000C\000N}{chapter.32}% 375
\BOOKMARK [0][-]{chapter.33}{\376\377\000C\000a\000r\000a\000c\000t\000e\000r\000e\000s\000\040\000y\000\040\000c\000l\000a\000s\000i\000f\000i\000c\000a\000c\000i\000\363\000n\000\040\000d\000e\000\040\000l\000a\000s\000\040\000m\000e\000d\000i\000d\000a\000s\000\040\000c\000a\000u\000t\000e\000l\000a\000r\000e\000s}{part.5}% 376
\BOOKMARK [1][-]{section.33.1}{\376\377\000P\000r\000o\000v\000i\000s\000o\000r\000i\000e\000d\000a\000d\000:\000\040\000a\000r\000t\000\355\000c\000u\000l\000o\000\040\0002\0000\0002\000\040\000C\000P\000C\000C\000N}{chapter.33}% 377
\BOOKMARK [1][-]{section.33.2}{\376\377\000M\000o\000d\000i\000f\000i\000c\000a\000b\000i\000l\000i\000d\000a\000d\000:\000\040\000a\000r\000t\000\355\000c\000u\000l\000o\000\040\0002\0000\0003\000\040\000C\000P\000C\000C\000N}{chapter.33}% 378
\BOOKMARK [1][-]{section.33.3}{\376\377\000F\000a\000c\000u\000l\000t\000a\000d\000e\000s\000\040\000d\000e\000l\000\040\000j\000u\000e\000z\000:\000\040\000a\000r\000t\000\355\000c\000u\000l\000o\000\040\0002\0000\0004\000\040\000C\000P\000C\000C\000N}{chapter.33}% 379
\BOOKMARK [1][-]{section.33.4}{\376\377\000C\000a\000d\000u\000c\000i\000d\000a\000d\000:\000\040\000a\000r\000t\000\355\000c\000u\000l\000o\000\040\0002\0000\0007\000\040\000C\000P\000C\000C\000N}{chapter.33}% 380
\BOOKMARK [1][-]{section.33.5}{\376\377\000T\000r\000a\000m\000i\000t\000a\000c\000i\000\363\000n\000\040\000i\000n\000a\000u\000d\000i\000t\000a\000\040\000p\000a\000r\000t\000e\000\040\000y\000\040\000r\000e\000c\000u\000r\000s\000o\000s\000:\000\040\000a\000r\000t\000\355\000c\000u\000l\000o\000\040\0001\0009\0008\000\040\000C\000P\000C\000C\000N}{chapter.33}% 381
\BOOKMARK [1][-]{section.33.6}{\376\377\000C\000l\000a\000s\000i\000f\000i\000c\000a\000c\000i\000\363\000n\000\040\000s\000o\000b\000r\000e\000\040\000b\000i\000e\000n\000e\000s\000,\000\040\000e\000n\000t\000e\000s\000\040\000i\000d\000e\000a\000l\000e\000s\000\040\000y\000\040\000p\000e\000r\000s\000o\000n\000a\000s}{chapter.33}% 382
\BOOKMARK [0][-]{chapter.34}{\376\377\000S\000i\000s\000t\000e\000m\000a\000\040\000a\000s\000e\000g\000u\000r\000a\000t\000i\000v\000o\000\040\000g\000e\000n\000\351\000r\000i\000c\000o}{part.5}% 383
\BOOKMARK [1][-]{section.34.1}{\376\377\000C\000a\000r\000a\000c\000t\000e\000r\000i\000z\000a\000c\000i\000\363\000n\000\040\000g\000e\000n\000e\000r\000a\000l}{chapter.34}% 384
\BOOKMARK [1][-]{section.34.2}{\376\377\000I\000n\000h\000i\000b\000i\000c\000i\000\363\000n\000\040\000g\000e\000n\000e\000r\000a\000l\000\040\000d\000e\000\040\000b\000i\000e\000n\000e\000s\000\040\000\050\000A\000r\000t\000.\000\040\0002\0002\0008\000\040\000C\000P\000C\000C\000\051}{chapter.34}% 385
\BOOKMARK [2][-]{subsection.34.2.1}{\376\377\000D\000e\000f\000i\000n\000i\000c\000i\000\363\000n\000\040\000y\000\040\000f\000i\000n\000a\000l\000i\000d\000a\000d}{section.34.2}% 386
\BOOKMARK [2][-]{subsection.34.2.2}{\376\377\000C\000a\000r\000\341\000c\000t\000e\000r\000\040\000r\000e\000s\000i\000d\000u\000a\000l\000:\000\040\000c\000u\000\341\000n\000d\000o\000\040\000p\000r\000o\000c\000e\000d\000e}{section.34.2}% 387
\BOOKMARK [2][-]{subsection.34.2.3}{\376\377\000D\000i\000f\000e\000r\000e\000n\000c\000i\000a\000s\000\040\000c\000o\000n\000\040\000e\000l\000\040\000e\000m\000b\000a\000r\000g\000o}{section.34.2}% 388
\BOOKMARK [2][-]{subsection.34.2.4}{\376\377\000A\000l\000c\000a\000n\000c\000e\000\040\000t\000e\000m\000p\000o\000r\000a\000l\000\040\000y\000\040\000e\000f\000e\000c\000t\000o\000s}{section.34.2}% 389
\BOOKMARK [2][-]{subsection.34.2.5}{\376\377\000P\000r\000o\000c\000e\000d\000i\000m\000i\000e\000n\000t\000o}{section.34.2}% 390
\BOOKMARK [2][-]{subsection.34.2.6}{\376\377\000C\000e\000s\000e\000\040\000d\000e\000\040\000l\000a\000\040\000i\000n\000h\000i\000b\000i\000c\000i\000\363\000n}{section.34.2}% 391
\BOOKMARK [1][-]{section.34.3}{\376\377\000M\000e\000d\000i\000d\000a\000\040\000c\000a\000u\000t\000e\000l\000a\000r\000\040\000g\000e\000n\000\351\000r\000i\000c\000a\000\040\000o\000\040\000i\000n\000n\000o\000m\000i\000n\000a\000d\000a\000\040\000\050\000A\000r\000t\000.\000\040\0002\0003\0002\000\040\000C\000P\000C\000C\000\051}{chapter.34}% 392
\BOOKMARK [1][-]{section.34.4}{\376\377\000P\000r\000o\000h\000i\000b\000i\000c\000i\000\363\000n\000\040\000d\000e\000\040\000i\000n\000n\000o\000v\000a\000r\000\040\000\050\000A\000r\000t\000.\000\040\0002\0003\0000\000\040\000C\000P\000C\000C\000\051}{chapter.34}% 393
\BOOKMARK [2][-]{subsection.34.4.1}{\376\377\000L\000a\000\040\000p\000r\000o\000h\000i\000b\000i\000c\000i\000\363\000n\000\040\000d\000e\000\040\000i\000n\000n\000o\000v\000a\000r\000\040\000c\000o\000m\000o\000\040\000m\000e\000d\000i\000d\000a\000\040\000c\000a\000u\000t\000e\000l\000a\000r\000\040\000m\000a\000t\000r\000i\000z}{section.34.4}% 394
\BOOKMARK [2][-]{subsection.34.4.2}{\376\377\000L\000a\000s\000\040\000d\000o\000s\000\040\000f\000a\000c\000e\000t\000a\000s\000\040\000d\000e\000\040\000l\000a\000\040\000p\000r\000o\000h\000i\000b\000i\000c\000i\000\363\000n\000\040\000d\000e\000\040\000i\000n\000n\000o\000v\000a\000r}{section.34.4}% 395
\BOOKMARK [2][-]{subsection.34.4.3}{\376\377\000L\000o\000s\000\040\000d\000o\000s\000\040\000\341\000m\000b\000i\000t\000o\000s\000\040\000e\000n\000\040\000q\000u\000e\000\040\000o\000p\000e\000r\000a}{section.34.4}% 396
\BOOKMARK [1][-]{section.34.5}{\376\377\000C\000a\000u\000t\000e\000l\000a\000\040\000a\000u\000t\000\363\000n\000o\000m\000a}{chapter.34}% 397
\BOOKMARK [2][-]{subsection.34.5.1}{\376\377\000U\000b\000i\000c\000a\000c\000i\000\363\000n\000\040\000e\000n\000\040\000e\000l\000\040\000s\000i\000s\000t\000e\000m\000a\000\040\000y\000\040\000o\000r\000i\000g\000e\000n}{section.34.5}% 398
\BOOKMARK [2][-]{subsection.34.5.2}{\376\377\000E\000n\000\040\000q\000u\000\351\000\040\000c\000o\000n\000s\000i\000s\000t\000e}{section.34.5}% 399
\BOOKMARK [2][-]{subsection.34.5.3}{\376\377\000L\000a\000\040\000p\000r\000e\000s\000u\000n\000c\000i\000\363\000n\000\040\000d\000e\000\040\000l\000e\000g\000i\000t\000i\000m\000i\000d\000a\000d\000\040\000\050\000A\000r\000t\000.\000\040\0001\0002\000\040\000L\000e\000y\000\040\0001\0009\000.\0005\0004\0009\000\051}{section.34.5}% 400
\BOOKMARK [2][-]{subsection.34.5.4}{\376\377\000P\000o\000r\000\040\000q\000u\000\351\000\040\000s\000e\000\040\000l\000l\000a\000m\000a\000\040\000`\000`\000a\000u\000t\000\363\000n\000o\000m\000a\000'\000'}{section.34.5}% 401
\BOOKMARK [2][-]{subsection.34.5.5}{\376\377\000C\000r\000e\000a\000c\000i\000\363\000n\000\040\000p\000r\000e\000t\000o\000r\000i\000a\000n\000a\000\040\000y\000\040\000t\000r\000\341\000m\000i\000t\000e\000\040\000o\000r\000i\000g\000i\000n\000a\000l}{section.34.5}% 402
\BOOKMARK [2][-]{subsection.34.5.6}{\376\377\000L\000a\000\040\000L\000e\000y\000\040\0002\0006\000.\0008\0005\0004\000:\000\040\000m\000e\000d\000i\000d\000a\000s\000\040\000c\000a\000u\000t\000e\000l\000a\000r\000e\000s\000\040\000c\000o\000n\000t\000r\000a\000\040\000e\000l\000\040\000E\000s\000t\000a\000d\000o}{section.34.5}% 403
\BOOKMARK [0][-]{chapter.35}{\376\377\000\301\000m\000b\000i\000t\000o\000\040\000e\000x\000c\000e\000p\000c\000i\000o\000n\000a\000l\000:\000\040\000t\000u\000t\000e\000l\000a\000\040\000a\000n\000t\000i\000c\000i\000p\000a\000d\000a}{part.5}% 404
\BOOKMARK [1][-]{section.35.1}{\376\377\000Q\000u\000\351\000\040\000d\000e\000t\000e\000r\000m\000i\000n\000a\000\040\000q\000u\000e\000\040\000u\000n\000\040\000\341\000m\000b\000i\000t\000o\000\040\000s\000e\000a\000\040\000e\000x\000c\000e\000p\000c\000i\000o\000n\000a\000l}{chapter.35}% 405
\BOOKMARK [1][-]{section.35.2}{\376\377\000\277\000E\000l\000\040\000j\000u\000e\000z\000\040\000n\000o\000\040\000e\000s\000t\000a\000r\000\355\000a\000\040\000p\000r\000e\000j\000u\000z\000g\000a\000n\000d\000o\000?}{chapter.35}% 406
\BOOKMARK [1][-]{section.35.3}{\376\377\000V\000\355\000a\000s\000\040\000d\000e\000\040\000m\000a\000t\000e\000r\000i\000a\000l\000i\000z\000a\000c\000i\000\363\000n\000\040\000d\000e\000\040\000l\000a\000\040\000t\000u\000t\000e\000l\000a\000\040\000a\000n\000t\000i\000c\000i\000p\000a\000d\000a}{chapter.35}% 407
\BOOKMARK [1][-]{section.35.4}{\376\377\000V\000\355\000a\000s\000\040\000l\000e\000g\000a\000l\000e\000s\000\040\000e\000s\000p\000e\000c\000\355\000f\000i\000c\000a\000s\000\040\000d\000e\000\040\000t\000u\000t\000e\000l\000a\000\040\000a\000n\000t\000i\000c\000i\000p\000a\000d\000a}{chapter.35}% 408
\BOOKMARK [2][-]{subsection.35.4.1}{\376\377\000A\000l\000i\000m\000e\000n\000t\000o\000s\000\040\000p\000r\000o\000v\000i\000s\000o\000r\000i\000o\000s\000\040\000\050\000A\000r\000t\000.\000\040\0005\0004\0004\000\040\000C\000C\000y\000C\000\051}{section.35.4}% 409
\BOOKMARK [2][-]{subsection.35.4.2}{\376\377\000E\000n\000t\000r\000e\000g\000a\000\040\000a\000n\000t\000i\000c\000i\000p\000a\000d\000a\000\040\000d\000e\000l\000\040\000i\000n\000m\000u\000e\000b\000l\000e\000\040\000e\000n\000\040\000e\000l\000\040\000d\000e\000s\000a\000l\000o\000j\000o\000\040\000\050\000A\000r\000t\000.\000\040\0006\0008\0000\000\040\000b\000i\000s\000\040\000C\000P\000C\000C\000\051}{section.35.4}% 410
\BOOKMARK [1][-]{section.35.5}{\376\377\000J\000u\000r\000i\000s\000p\000r\000u\000d\000e\000n\000c\000i\000a\000\040\000d\000e\000\040\000l\000a\000\040\000C\000o\000r\000t\000e\000\040\000S\000u\000p\000r\000e\000m\000a}{chapter.35}% 411
\BOOKMARK [2][-]{subsection.35.5.1}{\376\377\000C\000a\000m\000a\000c\000h\000o\000\040\000A\000c\000o\000s\000t\000a\000\040\000\050\000C\000S\000J\000N\000\040\0003\0002\0000\000:\0001\0006\0003\0003\000\051\000:\000\040\000f\000a\000c\000e\000t\000a\000\040\000i\000n\000n\000o\000v\000a\000t\000i\000v\000a}{section.35.5}% 412
\BOOKMARK [2][-]{subsection.35.5.2}{\376\377\000C\000l\000a\000r\000\355\000n\000\040\000\050\000C\000S\000J\000N\000\040\0003\0003\0003\000:\0001\0008\0008\0005\000\051\000:\000\040\000f\000a\000c\000e\000t\000a\000\040\000n\000o\000\040\000i\000n\000n\000o\000v\000a\000t\000i\000v\000a}{section.35.5}% 413
\BOOKMARK [1][-]{section.35.6}{\376\377\000D\000e\000b\000a\000t\000e\000\040\000d\000o\000c\000t\000r\000i\000n\000a\000r\000i\000o\000\040\000s\000o\000b\000r\000e\000\040\000l\000a\000\040\000r\000e\000g\000u\000l\000a\000c\000i\000\363\000n\000\040\000d\000e\000\040\000l\000a\000\040\000t\000u\000t\000e\000l\000a\000\040\000a\000n\000t\000i\000c\000i\000p\000a\000d\000a}{chapter.35}% 414
\BOOKMARK [2][-]{subsection.35.6.1}{\376\377\000L\000a\000\040\000p\000o\000s\000i\000c\000i\000\363\000n\000\040\000c\000r\000\355\000t\000i\000c\000a\000:\000\040\000r\000e\000g\000u\000l\000a\000c\000i\000\363\000n\000\040\000i\000n\000d\000e\000p\000e\000n\000d\000i\000e\000n\000t\000e\000\040\000e\000n\000\040\000l\000a\000s\000\040\000p\000r\000o\000v\000i\000n\000c\000i\000a\000s}{section.35.6}% 415
\BOOKMARK [2][-]{subsection.35.6.2}{\376\377\000A\000r\000t\000\355\000c\000u\000l\000o\000\040\0004\0000\0003\000\040\000d\000e\000l\000\040\000P\000r\000o\000y\000e\000c\000t\000o\000\040\000d\000e\000\040\000r\000e\000f\000o\000r\000m\000a\000\040\000d\000e\000l\000\040\000C\000P\000C\000C\000:\000\040\000t\000u\000t\000e\000l\000a\000\040\000a\000n\000t\000i\000c\000i\000p\000a\000d\000a\000\040\000d\000e\000\040\000u\000r\000g\000e\000n\000c\000i\000a}{section.35.6}% 416
\BOOKMARK [2][-]{subsection.35.6.3}{\376\377\000P\000r\000i\000n\000c\000i\000p\000i\000o\000s\000\040\000v\000u\000l\000n\000e\000r\000a\000d\000o\000s\000\040\000s\000e\000g\000\372\000n\000\040\000l\000a\000\040\000c\000r\000\355\000t\000i\000c\000a}{section.35.6}% 417
\BOOKMARK [0][-]{chapter.36}{\376\377\000E\000l\000\040\000e\000m\000b\000a\000r\000g\000o}{part.5}% 418
\BOOKMARK [1][-]{section.36.1}{\376\377\000E\000l\000\040\000e\000m\000b\000a\000r\000g\000o\000\040\000c\000o\000m\000o\000\040\000m\000e\000d\000i\000d\000a\000\040\000c\000a\000u\000t\000e\000l\000a\000r\000\040\000p\000o\000r\000\040\000a\000n\000t\000o\000n\000o\000m\000a\000s\000i\000a}{chapter.36}% 419
\BOOKMARK [1][-]{section.36.2}{\376\377\000T\000i\000p\000o\000s\000\040\000d\000e\000\040\000e\000m\000b\000a\000r\000g\000o}{chapter.36}% 420
\BOOKMARK [2][-]{subsection.36.2.1}{\376\377\000E\000l\000\040\000e\000m\000b\000a\000r\000g\000o\000\040\000p\000r\000e\000v\000e\000n\000t\000i\000v\000o}{section.36.2}% 421
\BOOKMARK [2][-]{subsection.36.2.2}{\376\377\000E\000l\000\040\000e\000m\000b\000a\000r\000g\000o\000\040\000e\000j\000e\000c\000u\000t\000i\000v\000o}{section.36.2}% 422
\BOOKMARK [2][-]{subsection.36.2.3}{\376\377\000E\000l\000\040\000e\000m\000b\000a\000r\000g\000o\000\040\000e\000j\000e\000c\000u\000t\000o\000r\000i\000o}{section.36.2}% 423
\BOOKMARK [1][-]{section.36.3}{\376\377\000E\000f\000e\000c\000t\000o\000s\000\040\000d\000e\000\040\000l\000a\000\040\000t\000r\000a\000b\000a\000\040\000d\000e\000l\000\040\000e\000m\000b\000a\000r\000g\000o}{chapter.36}% 424
\BOOKMARK [2][-]{subsection.36.3.1}{\376\377\000E\000l\000\040\000p\000r\000i\000n\000c\000i\000p\000i\000o\000\040\000n\000e\000m\000o\000\040\000p\000l\000u\000s\000\040\000i\000u\000r\000i\000s\000\040\000y\000\040\000e\000l\000\040\000e\000m\000b\000a\000r\000g\000o}{section.36.3}% 425
\BOOKMARK [2][-]{subsection.36.3.2}{\376\377\000E\000l\000\040\000p\000l\000e\000n\000a\000r\000i\000o\000\040\000\253\000S\000e\000r\000t\000o\000p\000\273\000\040\040\024\000\040\000D\000o\000c\000t\000r\000i\000n\000a\000\040\000j\000u\000d\000i\000c\000i\000a\000l\000\040\000o\000b\000l\000i\000g\000a\000t\000o\000r\000i\000a}{section.36.3}% 426
\BOOKMARK [1][-]{section.36.4}{\376\377\000S\000u\000p\000u\000e\000s\000t\000o\000s\000\040\000d\000e\000\040\000p\000r\000o\000c\000e\000d\000e\000n\000c\000i\000a\000\040\000d\000e\000l\000\040\000e\000m\000b\000a\000r\000g\000o\000\040\000p\000r\000e\000v\000e\000n\000t\000i\000v\000o\000\040\000\050\000a\000r\000t\000s\000.\000\040\0002\0000\0009\000\040\000y\000\040\0002\0001\0000\000\040\000C\000P\000C\000C\000N\000\051}{chapter.36}% 427
\BOOKMARK [2][-]{subsection.36.4.1}{\376\377\000H\000i\000p\000\363\000t\000e\000s\000i\000s\000\040\000p\000r\000o\000c\000e\000s\000a\000l\000e\000s\000\040\000d\000e\000l\000\040\000a\000r\000t\000\355\000c\000u\000l\000o\000\040\0002\0001\0002\000\040\000C\000P\000C\000C\000N}{section.36.4}% 428
\BOOKMARK [1][-]{section.36.5}{\376\377\000B\000i\000e\000n\000e\000s\000\040\000i\000n\000e\000m\000b\000a\000r\000g\000a\000b\000l\000e\000s\000\040\040\024\000\040\000A\000r\000t\000\355\000c\000u\000l\000o\000\040\0002\0001\0009\000\040\000C\000P\000C\000C\000N}{chapter.36}% 429
\BOOKMARK [2][-]{subsection.36.5.1}{\376\377\000I\000n\000e\000m\000b\000a\000r\000g\000a\000b\000i\000l\000i\000d\000a\000d\000\040\000d\000e\000l\000\040\000s\000a\000l\000a\000r\000i\000o}{section.36.5}% 430
\BOOKMARK [1][-]{section.36.6}{\376\377\000C\000a\000d\000u\000c\000i\000d\000a\000d\000\040\000d\000e\000l\000\040\000e\000m\000b\000a\000r\000g\000o\000\040\040\024\000\040\000A\000r\000t\000\355\000c\000u\000l\000o\000\040\0002\0000\0007\000\040\000C\000P\000C\000C\000N}{chapter.36}% 431
\BOOKMARK [0][-]{chapter.37}{\376\377\000S\000e\000c\000u\000e\000s\000t\000r\000o\000\040\000e\000\040\000i\000n\000t\000e\000r\000v\000e\000n\000c\000i\000\363\000n\000\040\000j\000u\000d\000i\000c\000i\000a\000l}{part.5}% 432
\BOOKMARK [1][-]{section.37.1}{\376\377\000E\000l\000\040\000s\000e\000c\000u\000e\000s\000t\000r\000o}{chapter.37}% 433
\BOOKMARK [2][-]{subsection.37.1.1}{\376\377\000C\000o\000n\000c\000e\000p\000t\000o\000\040\000y\000\040\000\341\000m\000b\000i\000t\000o\000\040\000d\000e\000\040\000a\000p\000l\000i\000c\000a\000c\000i\000\363\000n}{section.37.1}% 434
\BOOKMARK [2][-]{subsection.37.1.2}{\376\377\000T\000i\000p\000o\000s\000\040\000d\000e\000\040\000s\000e\000c\000u\000e\000s\000t\000r\000o}{section.37.1}% 435
\BOOKMARK [1][-]{section.37.2}{\376\377\000L\000a\000\040\000i\000n\000t\000e\000r\000v\000e\000n\000c\000i\000\363\000n\000\040\000j\000u\000d\000i\000c\000i\000a\000l}{chapter.37}% 436
\BOOKMARK [2][-]{subsection.37.2.1}{\376\377\000C\000o\000n\000c\000e\000p\000t\000o\000\040\000y\000\040\000f\000u\000n\000d\000a\000m\000e\000n\000t\000o\000\040\000\050\000a\000r\000t\000s\000.\000\040\0002\0002\0002\000\040\000a\000\040\0002\0002\0007\000\040\000C\000P\000C\000C\000N\000\051}{section.37.2}% 437
\BOOKMARK [2][-]{subsection.37.2.2}{\376\377\000T\000i\000p\000o\000s\000\040\000d\000e\000\040\000i\000n\000t\000e\000r\000v\000e\000n\000c\000i\000\363\000n\000\040\000j\000u\000d\000i\000c\000i\000a\000l}{section.37.2}% 438
\BOOKMARK [0][-]{chapter.38}{\376\377\000A\000n\000o\000t\000a\000c\000i\000\363\000n\000\040\000d\000e\000\040\000l\000i\000t\000i\000s\000\040\000y\000\040\000p\000r\000o\000h\000i\000b\000i\000c\000i\000\363\000n\000\040\000d\000e\000\040\000c\000o\000n\000t\000r\000a\000t\000a\000r}{part.5}% 439
\BOOKMARK [1][-]{section.38.1}{\376\377\000L\000a\000\040\000a\000n\000o\000t\000a\000c\000i\000\363\000n\000\040\000d\000e\000\040\000l\000i\000t\000i\000s}{chapter.38}% 440
\BOOKMARK [2][-]{subsection.38.1.1}{\376\377\000C\000o\000n\000c\000e\000p\000t\000o\000\040\000y\000\040\000f\000u\000n\000d\000a\000m\000e\000n\000t\000o}{section.38.1}% 441
\BOOKMARK [2][-]{subsection.38.1.2}{\376\377\000R\000e\000q\000u\000i\000s\000i\000t\000o\000s\000\040\000d\000e\000\040\000p\000r\000o\000c\000e\000d\000e\000n\000c\000i\000a}{section.38.1}% 442
\BOOKMARK [2][-]{subsection.38.1.3}{\376\377\000S\000u\000p\000u\000e\000s\000t\000o\000s\000\040\000t\000\355\000p\000i\000c\000o\000s\000\040\000d\000e\000\040\000p\000r\000o\000c\000e\000d\000e\000n\000c\000i\000a}{section.38.1}% 443
\BOOKMARK [2][-]{subsection.38.1.4}{\376\377\000E\000x\000t\000i\000n\000c\000i\000\363\000n\000\040\000d\000e\000\040\000l\000a\000\040\000a\000n\000o\000t\000a\000c\000i\000\363\000n\000\040\000d\000e\000\040\000l\000i\000t\000i\000s}{section.38.1}% 444
\BOOKMARK [1][-]{section.38.2}{\376\377\000L\000a\000\040\000p\000r\000o\000h\000i\000b\000i\000c\000i\000\363\000n\000\040\000d\000e\000\040\000c\000o\000n\000t\000r\000a\000t\000a\000r}{chapter.38}% 445
\BOOKMARK [2][-]{subsection.38.2.1}{\376\377\000C\000o\000n\000c\000e\000p\000t\000o\000\040\000y\000\040\000p\000r\000o\000c\000e\000d\000e\000n\000c\000i\000a\000\040\000\050\000a\000r\000t\000.\000\040\0002\0003\0001\000\040\000C\000P\000C\000C\000N\000\051}{section.38.2}% 446
\BOOKMARK [2][-]{subsection.38.2.2}{\376\377\000N\000o\000t\000i\000f\000i\000c\000a\000c\000i\000\363\000n\000\040\000y\000\040\000p\000u\000b\000l\000i\000c\000i\000d\000a\000d}{section.38.2}% 447
\BOOKMARK [2][-]{subsection.38.2.3}{\376\377\000C\000a\000d\000u\000c\000i\000d\000a\000d\000\040\000e\000s\000p\000e\000c\000i\000a\000l\000\040\000\050\000a\000r\000t\000.\000\040\0002\0003\0001\000\040\000C\000P\000C\000C\000N\000\051}{section.38.2}% 448
\BOOKMARK [0][-]{chapter.39}{\376\377\000P\000r\000o\000t\000e\000c\000c\000i\000\363\000n\000\040\000d\000e\000\040\000p\000e\000r\000s\000o\000n\000a\000s\000\040\000y\000\040\000f\000a\000m\000i\000l\000i\000a}{part.5}% 449
\BOOKMARK [1][-]{section.39.1}{\376\377\000L\000a\000\040\000p\000r\000o\000t\000e\000c\000c\000i\000\363\000n\000\040\000d\000e\000\040\000p\000e\000r\000s\000o\000n\000a\000s\000\040\000y\000\040\000e\000l\000\040\000a\000r\000t\000\355\000c\000u\000l\000o\000\040\0002\0003\0004\000\040\000C\000P\000C\000C\000N}{chapter.39}% 450
\BOOKMARK [1][-]{section.39.2}{\376\377\000P\000o\000t\000e\000s\000t\000a\000d\000e\000s\000\040\000c\000a\000u\000t\000e\000l\000a\000r\000e\000s\000\040\000e\000n\000\040\000m\000a\000t\000e\000r\000i\000a\000\040\000d\000e\000\040\000v\000i\000o\000l\000e\000n\000c\000i\000a}{chapter.39}% 451
\BOOKMARK [2][-]{subsection.39.2.1}{\376\377\000L\000e\000y\000\040\0002\0004\000.\0004\0001\0007\000\040\040\024\000\040\000L\000e\000y\000\040\000d\000e\000\040\000V\000i\000o\000l\000e\000n\000c\000i\000a\000\040\000F\000a\000m\000i\000l\000i\000a\000r}{section.39.2}% 452
\BOOKMARK [2][-]{subsection.39.2.2}{\376\377\000L\000e\000y\000\040\0002\0006\000.\0004\0008\0005\000\040\040\024\000\040\000L\000e\000y\000\040\000d\000e\000\040\000P\000r\000o\000t\000e\000c\000c\000i\000\363\000n\000\040\000d\000e\000\040\000V\000i\000o\000l\000e\000n\000c\000i\000a\000\040\000c\000o\000n\000t\000r\000a\000\040\000l\000a\000\040\000M\000u\000j\000e\000r}{section.39.2}% 453
\BOOKMARK [1][-]{section.39.3}{\376\377\000M\000e\000d\000i\000d\000a\000s\000\040\000c\000a\000u\000t\000e\000l\000a\000r\000e\000s\000\040\000e\000n\000\040\000e\000l\000\040\000p\000r\000o\000c\000e\000s\000o\000\040\000d\000e\000\040\000f\000a\000m\000i\000l\000i\000a}{chapter.39}% 454
\BOOKMARK [2][-]{subsection.39.3.1}{\376\377\000L\000a\000s\000\040\000c\000a\000u\000t\000e\000l\000a\000r\000e\000s\000\040\000d\000e\000\040\000f\000a\000m\000i\000l\000i\000a\000\040\000e\000n\000\040\000e\000l\000\040\000C\000\363\000d\000i\000g\000o\000\040\000C\000i\000v\000i\000l\000\040\000y\000\040\000C\000o\000m\000e\000r\000c\000i\000a\000l\000\040\000d\000e\000\040\000l\000a\000\040\000N\000a\000c\000i\000\363\000n}{section.39.3}% 455
\BOOKMARK [0][-]{chapter*.68}{\376\377\000B\000i\000b\000l\000i\000o\000g\000r\000a\000f\000\355\000a}{part.5}% 456
