\BOOKMARK [0][-]{chapter*.2}{\376\377\000I\000n\000t\000r\000o\000d\000u\000c\000c\000i\000\363\000n\000\040\000g\000e\000n\000e\000r\000a\000l}{}% 1
\BOOKMARK [-1][-]{part.1}{\376\377\000I\000\040\000F\000u\000n\000d\000a\000m\000e\000n\000t\000o\000s\000\040\000d\000e\000l\000\040\000D\000e\000r\000e\000c\000h\000o\000\040\000P\000r\000o\000c\000e\000s\000a\000l\000\040\000C\000i\000v\000i\000l}{}% 2
\BOOKMARK [0][-]{chapter.1}{\376\377\000E\000l\000\040\000c\000o\000n\000f\000l\000i\000c\000t\000o\000\040\000j\000u\000r\000\355\000d\000i\000c\000o\000\040\000y\000\040\000e\000l\000\040\000D\000e\000r\000e\000c\000h\000o\000\040\000P\000r\000o\000c\000e\000s\000a\000l\000\040\000C\000i\000v\000i\000l}{part.1}% 3
\BOOKMARK [1][-]{section.1.1}{\376\377\000C\000o\000n\000c\000e\000p\000t\000o\000\040\000e\000\040\000i\000m\000p\000o\000r\000t\000a\000n\000c\000i\000a\000\040\000p\000r\000\341\000c\000t\000i\000c\000a}{chapter.1}% 4
\BOOKMARK [1][-]{section.1.2}{\376\377\000E\000l\000\040\000c\000o\000n\000f\000l\000i\000c\000t\000o\000\040\000c\000o\000m\000o\000\040\000o\000r\000i\000g\000e\000n\000\040\000d\000e\000l\000\040\000p\000r\000o\000c\000e\000s\000o}{chapter.1}% 5
\BOOKMARK [2][-]{subsection.1.2.1}{\376\377\000D\000e\000l\000\040\000d\000e\000r\000e\000c\000h\000o\000\040\000s\000u\000s\000t\000a\000n\000c\000i\000a\000l\000\040\000a\000l\000\040\000d\000e\000r\000e\000c\000h\000o\000\040\000p\000r\000o\000c\000e\000s\000a\000l}{section.1.2}% 6
\BOOKMARK [2][-]{subsection.1.2.2}{\376\377\000L\000a\000\040\000n\000u\000e\000v\000a\000\040\000r\000e\000l\000a\000c\000i\000\363\000n\000\040\000j\000u\000r\000\355\000d\000i\000c\000a\000\040\000p\000r\000o\000c\000e\000s\000a\000l}{section.1.2}% 7
\BOOKMARK [1][-]{section.1.3}{\376\377\000A\000u\000t\000o\000n\000o\000m\000\355\000a\000\040\000y\000\040\000u\000n\000i\000d\000a\000d\000\040\000d\000e\000l\000\040\000D\000e\000r\000e\000c\000h\000o\000\040\000P\000r\000o\000c\000e\000s\000a\000l}{chapter.1}% 8
\BOOKMARK [1][-]{section.1.4}{\376\377\000F\000u\000e\000n\000t\000e\000s\000\040\000d\000e\000l\000\040\000D\000e\000r\000e\000c\000h\000o\000\040\000P\000r\000o\000c\000e\000s\000a\000l}{chapter.1}% 9
\BOOKMARK [2][-]{subsection.1.4.1}{\376\377\000D\000i\000n\000\341\000m\000i\000c\000a\000\040\000d\000e\000\040\000l\000a\000\040\000n\000o\000r\000m\000a\000\040\000p\000r\000o\000c\000e\000s\000a\000l}{section.1.4}% 10
\BOOKMARK [1][-]{section.1.5}{\376\377\000B\000r\000e\000v\000e\000\040\000h\000i\000s\000t\000o\000r\000i\000a\000\040\000d\000e\000l\000\040\000D\000e\000r\000e\000c\000h\000o\000\040\000P\000r\000o\000c\000e\000s\000a\000l}{chapter.1}% 11
\BOOKMARK [2][-]{subsection.1.5.1}{\376\377\000E\000l\000\040\000p\000r\000o\000c\000e\000s\000o\000\040\000r\000o\000m\000a\000n\000o\000\040\000y\000\040\000e\000l\000\040\000d\000e\000r\000e\000c\000h\000o\000\040\000g\000e\000r\000m\000\341\000n\000i\000c\000o}{section.1.5}% 12
\BOOKMARK [2][-]{subsection.1.5.2}{\376\377\000E\000l\000\040\000d\000e\000r\000e\000c\000h\000o\000\040\000c\000o\000m\000\372\000n\000\040\000y\000\040\000s\000u\000\040\000l\000l\000e\000g\000a\000d\000a\000\040\000a\000\040\000l\000a\000\040\000A\000r\000g\000e\000n\000t\000i\000n\000a}{section.1.5}% 13
\BOOKMARK [2][-]{subsection.1.5.3}{\376\377\000S\000i\000s\000t\000e\000m\000a\000s\000\040\000d\000e\000\040\000j\000u\000s\000t\000i\000c\000i\000a\000\040\000c\000o\000m\000p\000a\000r\000a\000d\000o\000s}{section.1.5}% 14
\BOOKMARK [2][-]{subsection.1.5.4}{\376\377\000E\000l\000\040\000C\000\363\000d\000i\000g\000o\000\040\000P\000r\000o\000c\000e\000s\000a\000l\000\040\000d\000e\000\040\0001\0009\0006\0007}{section.1.5}% 15
\BOOKMARK [0][-]{chapter.2}{\376\377\000E\000l\000\040\000p\000e\000d\000e\000s\000t\000a\000l\000\040\000b\000\341\000s\000i\000c\000o\000:\000\040\000j\000u\000r\000i\000s\000d\000i\000c\000c\000i\000\363\000n\000,\000\040\000a\000c\000c\000i\000\363\000n\000\040\000y\000\040\000p\000r\000o\000c\000e\000s\000o}{part.1}% 16
\BOOKMARK [1][-]{section.2.1}{\376\377\000J\000u\000r\000i\000s\000d\000i\000c\000c\000i\000\363\000n}{chapter.2}% 17
\BOOKMARK [2][-]{subsection.2.1.1}{\376\377\000J\000u\000r\000i\000s\000d\000i\000c\000c\000i\000\363\000n\000\040\000y\000\040\000c\000o\000m\000p\000e\000t\000e\000n\000c\000i\000a}{section.2.1}% 18
\BOOKMARK [2][-]{subsection.2.1.2}{\376\377\000L\000o\000s\000\040\000m\000o\000m\000e\000n\000t\000o\000s\000\040\000d\000e\000\040\000l\000a\000\040\000j\000u\000r\000i\000s\000d\000i\000c\000c\000i\000\363\000n}{section.2.1}% 19
\BOOKMARK [2][-]{subsection.2.1.3}{\376\377\000I\000m\000p\000e\000r\000i\000o\000\040\000y\000\040\000j\000u\000r\000i\000s\000d\000i\000c\000c\000i\000\363\000n}{section.2.1}% 20
\BOOKMARK [2][-]{subsection.2.1.4}{\376\377\000M\000a\000n\000i\000f\000e\000s\000t\000a\000c\000i\000o\000n\000e\000s\000\040\000d\000e\000\040\000l\000a\000\040\000j\000u\000r\000i\000s\000d\000i\000c\000c\000i\000\363\000n\000\040\000f\000u\000e\000r\000a\000\040\000d\000e\000l\000\040\000P\000o\000d\000e\000r\000\040\000J\000u\000d\000i\000c\000i\000a\000l}{section.2.1}% 21
\BOOKMARK [1][-]{section.2.2}{\376\377\000A\000c\000c\000i\000\363\000n\000\040\000y\000\040\000p\000r\000e\000t\000e\000n\000s\000i\000\363\000n}{chapter.2}% 22
\BOOKMARK [2][-]{subsection.2.2.1}{\376\377\000L\000a\000\040\000e\000v\000o\000l\000u\000c\000i\000\363\000n\000\040\000c\000i\000e\000n\000t\000\355\000f\000i\000c\000a\000\040\000d\000e\000l\000\040\000c\000o\000n\000c\000e\000p\000t\000o}{section.2.2}% 23
\BOOKMARK [2][-]{subsection.2.2.2}{\376\377\000L\000a\000\040\000p\000r\000e\000t\000e\000n\000s\000i\000\363\000n\000\040\000y\000\040\000e\000l\000\040\000t\000r\000i\000\341\000n\000g\000u\000l\000o\000\040\000p\000r\000o\000c\000e\000s\000a\000l}{section.2.2}% 24
\BOOKMARK [1][-]{section.2.3}{\376\377\000P\000r\000o\000c\000e\000s\000o}{chapter.2}% 25
\BOOKMARK [2][-]{subsection.2.3.1}{\376\377\000E\000l\000\040\000p\000r\000o\000c\000e\000s\000o\000\040\000c\000o\000m\000o\000\040\000s\000i\000s\000t\000e\000m\000a}{section.2.3}% 26
\BOOKMARK [1][-]{section.2.4}{\376\377\000L\000o\000s\000\040\000t\000r\000e\000s\000\040\000p\000o\000d\000e\000r\000e\000s\000\040\000d\000e\000l\000\040\000E\000s\000t\000a\000d\000o\000\040\000y\000\040\000l\000a\000\040\000f\000u\000n\000c\000i\000\363\000n\000\040\000j\000u\000r\000i\000s\000d\000i\000c\000c\000i\000o\000n\000a\000l}{chapter.2}% 27
\BOOKMARK [-1][-]{part.2}{\376\377\000I\000I\000\040\000O\000r\000g\000a\000n\000i\000z\000a\000c\000i\000\363\000n\000\040\000j\000u\000d\000i\000c\000i\000a\000l\000\040\000y\000\040\000c\000o\000m\000p\000e\000t\000e\000n\000c\000i\000a}{}% 28
\BOOKMARK [0][-]{chapter.3}{\376\377\000L\000a\000\040\000c\000o\000m\000p\000e\000t\000e\000n\000c\000i\000a\000\040\000j\000u\000d\000i\000c\000i\000a\000l}{part.2}% 29
\BOOKMARK [1][-]{section.3.1}{\376\377\000U\000b\000i\000c\000a\000c\000i\000\363\000n\000\040\000d\000e\000\040\000l\000a\000\040\000c\000o\000m\000p\000e\000t\000e\000n\000c\000i\000a\000\040\000e\000n\000\040\000l\000a\000\040\000t\000e\000o\000r\000\355\000a\000\040\000g\000e\000n\000e\000r\000a\000l}{chapter.3}% 30
\BOOKMARK [1][-]{section.3.2}{\376\377\000C\000a\000r\000a\000c\000t\000e\000r\000e\000s\000\040\000d\000e\000\040\000l\000a\000\040\000c\000o\000m\000p\000e\000t\000e\000n\000c\000i\000a}{chapter.3}% 31
\BOOKMARK [2][-]{subsection.3.2.1}{\376\377\000O\000r\000d\000e\000n\000\040\000p\000\372\000b\000l\000i\000c\000o}{section.3.2}% 32
\BOOKMARK [2][-]{subsection.3.2.2}{\376\377\000I\000m\000p\000r\000o\000r\000r\000o\000g\000a\000b\000i\000l\000i\000d\000a\000d\000\040\000y\000\040\000s\000u\000\040\000e\000x\000c\000e\000p\000c\000i\000\363\000n}{section.3.2}% 33
\BOOKMARK [2][-]{subsection.3.2.3}{\376\377\000I\000n\000d\000e\000l\000e\000g\000a\000b\000i\000l\000i\000d\000a\000d}{section.3.2}% 34
\BOOKMARK [1][-]{section.3.3}{\376\377\000D\000o\000b\000l\000e\000\040\000e\000s\000t\000r\000u\000c\000t\000u\000r\000a\000\040\000d\000e\000l\000\040\000s\000i\000s\000t\000e\000m\000a\000\040\000j\000u\000d\000i\000c\000i\000a\000l\000\040\000a\000r\000g\000e\000n\000t\000i\000n\000o}{chapter.3}% 35
\BOOKMARK [2][-]{subsection.3.3.1}{\376\377\000L\000o\000s\000\040\000t\000r\000i\000b\000u\000n\000a\000l\000e\000s\000\040\000n\000a\000c\000i\000o\000n\000a\000l\000e\000s\000\040\000d\000e\000\040\000l\000a\000\040\000C\000i\000u\000d\000a\000d\000\040\000d\000e\000\040\000B\000u\000e\000n\000o\000s\000\040\000A\000i\000r\000e\000s}{section.3.3}% 36
\BOOKMARK [1][-]{section.3.4}{\376\377\000C\000r\000i\000t\000e\000r\000i\000o\000s\000\040\000d\000e\000\040\000d\000i\000s\000t\000r\000i\000b\000u\000c\000i\000\363\000n\000\040\000d\000e\000\040\000l\000a\000\040\000c\000o\000m\000p\000e\000t\000e\000n\000c\000i\000a}{chapter.3}% 37
\BOOKMARK [1][-]{section.3.5}{\376\377\000C\000o\000m\000p\000e\000t\000e\000n\000c\000i\000a\000\040\000d\000e\000\040\000l\000a\000\040\000C\000o\000r\000t\000e\000\040\000S\000u\000p\000r\000e\000m\000a}{chapter.3}% 38
\BOOKMARK [2][-]{subsection.3.5.1}{\376\377\000C\000o\000m\000p\000e\000t\000e\000n\000c\000i\000a\000\040\000o\000r\000i\000g\000i\000n\000a\000r\000i\000a}{section.3.5}% 39
\BOOKMARK [2][-]{subsection.3.5.2}{\376\377\000P\000o\000l\000\355\000t\000i\000c\000a\000\040\000r\000e\000s\000t\000r\000i\000c\000t\000i\000v\000a\000:\000\040\000e\000l\000\040\000c\000a\000s\000o\000\040\000B\000a\000r\000r\000e\000t\000o}{section.3.5}% 40
\BOOKMARK [2][-]{subsection.3.5.3}{\376\377\000C\000o\000m\000p\000e\000t\000e\000n\000c\000i\000a\000\040\000a\000p\000e\000l\000a\000d\000a}{section.3.5}% 41
\BOOKMARK [1][-]{section.3.6}{\376\377\000M\000e\000c\000a\000n\000i\000s\000m\000o\000s\000\040\000p\000r\000o\000c\000e\000s\000a\000l\000e\000s\000\040\000p\000a\000r\000a\000\040\000d\000i\000s\000c\000u\000t\000i\000r\000\040\000l\000a\000\040\000c\000o\000m\000p\000e\000t\000e\000n\000c\000i\000a}{chapter.3}% 42
\BOOKMARK [2][-]{subsection.3.6.1}{\376\377\000C\000o\000n\000t\000r\000o\000l\000\040\000d\000e\000\040\000o\000f\000i\000c\000i\000o}{section.3.6}% 43
\BOOKMARK [2][-]{subsection.3.6.2}{\376\377\000D\000e\000c\000l\000i\000n\000a\000t\000o\000r\000i\000a\000\040\000e\000\040\000i\000n\000h\000i\000b\000i\000t\000o\000r\000i\000a}{section.3.6}% 44
\BOOKMARK [2][-]{subsection.3.6.3}{\376\377\000C\000o\000n\000t\000i\000e\000n\000d\000a\000s\000\040\000p\000o\000s\000i\000t\000i\000v\000a\000s\000\040\000y\000\040\000n\000e\000g\000a\000t\000i\000v\000a\000s}{section.3.6}% 45
\BOOKMARK [-1][-]{part.3}{\376\377\000I\000I\000I\000\040\000G\000a\000r\000a\000n\000t\000\355\000a\000s\000,\000\040\000s\000u\000j\000e\000t\000o\000s\000\040\000y\000\040\000v\000\355\000a\000s\000\040\000d\000e\000\040\000r\000e\000s\000o\000l\000u\000c\000i\000\363\000n\000\040\000d\000e\000\040\000c\000o\000n\000f\000l\000i\000c\000t\000o\000s}{}% 46
\BOOKMARK [0][-]{chapter.4}{\376\377\000E\000l\000\040\000d\000e\000b\000i\000d\000o\000\040\000p\000r\000o\000c\000e\000s\000o\000\040\000l\000e\000g\000a\000l}{part.3}% 47
\BOOKMARK [1][-]{section.4.1}{\376\377\000I\000m\000p\000o\000r\000t\000a\000n\000c\000i\000a\000\040\000y\000\040\000o\000r\000i\000g\000e\000n\000\040\000h\000i\000s\000t\000\363\000r\000i\000c\000o}{chapter.4}% 48
\BOOKMARK [2][-]{subsection.4.1.1}{\376\377\000I\000m\000p\000o\000r\000t\000a\000n\000c\000i\000a\000\040\000p\000a\000r\000a\000\040\000e\000l\000\040\000a\000b\000o\000g\000a\000d\000o}{section.4.1}% 49
\BOOKMARK [2][-]{subsection.4.1.2}{\376\377\000D\000e\000\040\000l\000a\000\040\000C\000a\000r\000t\000a\000\040\000M\000a\000g\000n\000a\000\040\000a\000l\000\040\000E\000s\000t\000a\000d\000o\000\040\000c\000o\000n\000s\000t\000i\000t\000u\000c\000i\000o\000n\000a\000l\000\040\000d\000e\000\040\000d\000e\000r\000e\000c\000h\000o}{section.4.1}% 50
\BOOKMARK [1][-]{section.4.2}{\376\377\000E\000l\000\040\000d\000e\000b\000i\000d\000o\000\040\000p\000r\000o\000c\000e\000s\000o\000\040\000e\000n\000\040\000l\000a\000\040\000A\000r\000g\000e\000n\000t\000i\000n\000a}{chapter.4}% 51
\BOOKMARK [2][-]{subsection.4.2.1}{\376\377\000L\000o\000s\000\040\000d\000e\000r\000e\000c\000h\000o\000s\000\040\000p\000o\000r\000\040\000g\000e\000n\000e\000r\000a\000c\000i\000o\000n\000e\000s}{section.4.2}% 52
\BOOKMARK [2][-]{subsection.4.2.2}{\376\377\000L\000a\000\040\000r\000e\000f\000o\000r\000m\000a\000\040\000d\000e\000\040\0001\0009\0009\0004\000,\000\040\000e\000l\000\040\000b\000l\000o\000q\000u\000e\000\040\000d\000e\000\040\000c\000o\000n\000s\000t\000i\000t\000u\000c\000i\000o\000n\000a\000l\000i\000d\000a\000d\000\040\000y\000\040\000l\000a\000s\000\040\000R\000e\000g\000l\000a\000s\000\040\000d\000e\000\040\000B\000r\000a\000s\000i\000l\000i\000a}{section.4.2}% 53
\BOOKMARK [2][-]{subsection.4.2.3}{\376\377\000E\000l\000\040\000r\000e\000t\000o\000r\000n\000o\000\040\000a\000\040\000l\000a\000\040\000d\000e\000m\000o\000c\000r\000a\000c\000i\000a\000\040\000e\000n\000\040\0001\0009\0008\0003}{section.4.2}% 54
\BOOKMARK [1][-]{section.4.3}{\376\377\000E\000s\000t\000r\000u\000c\000t\000u\000r\000a\000\040\000d\000e\000l\000\040\000d\000e\000b\000i\000d\000o\000\040\000p\000r\000o\000c\000e\000s\000o\000:\000\040\000v\000e\000r\000t\000i\000e\000n\000t\000e\000s\000,\000\040\000p\000r\000i\000n\000c\000i\000p\000i\000o\000s\000\040\000y\000\040\000s\000i\000s\000t\000e\000m\000a\000s}{chapter.4}% 55
\BOOKMARK [2][-]{subsection.4.3.1}{\376\377\000L\000a\000s\000\040\000d\000o\000s\000\040\000v\000e\000r\000t\000i\000e\000n\000t\000e\000s}{section.4.3}% 56
\BOOKMARK [2][-]{subsection.4.3.2}{\376\377\000L\000o\000s\000\040\000p\000r\000i\000n\000c\000i\000p\000i\000o\000s\000\040\000c\000o\000n\000s\000t\000i\000t\000u\000c\000i\000o\000n\000a\000l\000e\000s}{section.4.3}% 57
\BOOKMARK [2][-]{subsection.4.3.3}{\376\377\000L\000o\000s\000\040\000s\000i\000s\000t\000e\000m\000a\000s\000\040\000p\000r\000o\000c\000e\000s\000a\000l\000e\000s}{section.4.3}% 58
\BOOKMARK [2][-]{subsection.4.3.4}{\376\377\000P\000r\000i\000n\000c\000i\000p\000i\000o\000s\000\040\000y\000\040\000s\000i\000s\000t\000e\000m\000a\000s\000:\000\040\000d\000i\000f\000e\000r\000e\000n\000c\000i\000a\000\040\000c\000o\000n\000c\000e\000p\000t\000u\000a\000l}{section.4.3}% 59
\BOOKMARK [2][-]{subsection.4.3.5}{\376\377\000C\000l\000a\000s\000i\000f\000i\000c\000a\000c\000i\000\363\000n\000\040\000d\000e\000\040\000l\000o\000s\000\040\000p\000r\000i\000n\000c\000i\000p\000i\000o\000s}{section.4.3}% 60
\BOOKMARK [1][-]{section.4.4}{\376\377\000L\000a\000\040\000s\000e\000n\000t\000e\000n\000c\000i\000a\000,\000\040\000l\000a\000\040\000r\000a\000z\000o\000n\000a\000b\000i\000l\000i\000d\000a\000d\000\040\000y\000\040\000l\000a\000\040\000a\000r\000b\000i\000t\000r\000a\000r\000i\000e\000d\000a\000d}{chapter.4}% 61
\BOOKMARK [2][-]{subsection.4.4.1}{\376\377\000L\000a\000\040\000s\000u\000b\000s\000u\000n\000c\000i\000\363\000n\000\040\000j\000u\000r\000\355\000d\000i\000c\000a}{section.4.4}% 62
\BOOKMARK [2][-]{subsection.4.4.2}{\376\377\000L\000a\000\040\000s\000e\000n\000t\000e\000n\000c\000i\000a\000\040\000a\000r\000b\000i\000t\000r\000a\000r\000i\000a}{section.4.4}% 63
\BOOKMARK [2][-]{subsection.4.4.3}{\376\377\000S\000a\000n\000a\000\040\000c\000r\000\355\000t\000i\000c\000a\000,\000\040\000v\000i\000c\000i\000o\000s\000\040\000y\000\040\000r\000e\000c\000u\000r\000s\000o\000s}{section.4.4}% 64
\BOOKMARK [2][-]{subsection.4.4.4}{\376\377\000C\000o\000n\000c\000l\000u\000s\000i\000\363\000n\000:\000\040\000l\000a\000\040\000a\000n\000a\000l\000o\000g\000\355\000a\000\040\000d\000e\000l\000\040\000g\000a\000t\000o}{section.4.4}% 65
\BOOKMARK [0][-]{chapter.5}{\376\377\000L\000o\000s\000\040\000s\000u\000j\000e\000t\000o\000s\000\040\000d\000e\000l\000\040\000p\000r\000o\000c\000e\000s\000o}{part.3}% 66
\BOOKMARK [1][-]{section.5.1}{\376\377\000E\000l\000\040\000p\000r\000o\000c\000e\000s\000o\000\040\000j\000u\000d\000i\000c\000i\000a\000l\000\040\000c\000o\000m\000o\000\040\000s\000i\000s\000t\000e\000m\000a\000\040\000d\000e\000\040\000r\000e\000s\000o\000l\000u\000c\000i\000\363\000n\000\040\000d\000e\000\040\000c\000o\000n\000f\000l\000i\000c\000t\000o\000s}{chapter.5}% 67
\BOOKMARK [2][-]{subsection.5.1.1}{\376\377\000E\000t\000a\000p\000a\000s\000\040\000d\000e\000l\000\040\000p\000r\000o\000c\000e\000s\000o\000\040\000o\000r\000d\000i\000n\000a\000r\000i\000o}{section.5.1}% 68
\BOOKMARK [2][-]{subsection.5.1.2}{\376\377\000C\000l\000a\000s\000i\000f\000i\000c\000a\000c\000i\000\363\000n\000\040\000d\000e\000\040\000l\000o\000s\000\040\000i\000n\000t\000e\000r\000v\000i\000n\000i\000e\000n\000t\000e\000s}{section.5.1}% 69
\BOOKMARK [1][-]{section.5.2}{\376\377\000L\000o\000s\000\040\000\363\000r\000g\000a\000n\000o\000s\000\040\000d\000e\000\040\000l\000a\000\040\000j\000u\000r\000i\000s\000d\000i\000c\000c\000i\000\363\000n}{chapter.5}% 70
\BOOKMARK [2][-]{subsection.5.2.1}{\376\377\000E\000l\000\040\000j\000u\000e\000z\000\040\000n\000a\000t\000u\000r\000a\000l}{section.5.2}% 71
\BOOKMARK [2][-]{subsection.5.2.2}{\376\377\000O\000r\000g\000a\000n\000i\000z\000a\000c\000i\000\363\000n\000\040\000j\000u\000d\000i\000c\000i\000a\000l\000\040\000e\000n\000\040\000l\000a\000\040\000C\000i\000u\000d\000a\000d\000\040\000d\000e\000\040\000B\000u\000e\000n\000o\000s\000\040\000A\000i\000r\000e\000s}{section.5.2}% 72
\BOOKMARK [2][-]{subsection.5.2.3}{\376\377\000R\000e\000c\000u\000s\000a\000c\000i\000\363\000n}{section.5.2}% 73
\BOOKMARK [2][-]{subsection.5.2.4}{\376\377\000D\000e\000b\000e\000r\000e\000s\000\040\000y\000\040\000f\000a\000c\000u\000l\000t\000a\000d\000e\000s\000\040\000d\000e\000l\000\040\000j\000u\000e\000z\000\040\000\050\000a\000r\000t\000s\000.\000\040\0003\0004\000\040\000a\000\040\0003\0007\000\040\000C\000P\000C\000C\000N\000\051}{section.5.2}% 74
\BOOKMARK [2][-]{subsection.5.2.5}{\376\377\000N\000o\000m\000b\000r\000a\000m\000i\000e\000n\000t\000o\000\040\000y\000\040\000r\000e\000m\000o\000c\000i\000\363\000n}{section.5.2}% 75
\BOOKMARK [2][-]{subsection.5.2.6}{\376\377\000A\000u\000x\000i\000l\000i\000a\000r\000e\000s\000\040\000d\000e\000n\000t\000r\000o\000\040\000d\000e\000l\000\040\000j\000u\000z\000g\000a\000d\000o\000\040\000y\000\040\000o\000r\000g\000a\000n\000i\000s\000m\000o\000s\000\040\000d\000e\000\040\000a\000p\000o\000y\000o}{section.5.2}% 76
\BOOKMARK [2][-]{subsection.5.2.7}{\376\377\000E\000l\000\040\000M\000i\000n\000i\000s\000t\000e\000r\000i\000o\000\040\000P\000\372\000b\000l\000i\000c\000o}{section.5.2}% 77
\BOOKMARK [1][-]{section.5.3}{\376\377\000L\000a\000s\000\040\000p\000a\000r\000t\000e\000s\000\040\000y\000\040\000s\000u\000s\000\040\000c\000o\000l\000a\000b\000o\000r\000a\000d\000o\000r\000e\000s}{chapter.5}% 78
\BOOKMARK [2][-]{subsection.5.3.1}{\376\377\000A\000c\000t\000o\000r\000\040\000y\000\040\000d\000e\000m\000a\000n\000d\000a\000d\000o}{section.5.3}% 79
\BOOKMARK [2][-]{subsection.5.3.2}{\376\377\000C\000a\000p\000a\000c\000i\000d\000a\000d\000,\000\040\000l\000e\000g\000i\000t\000i\000m\000a\000c\000i\000\363\000n\000\040\000y\000\040\000r\000e\000p\000r\000e\000s\000e\000n\000t\000a\000c\000i\000\363\000n}{section.5.3}% 80
\BOOKMARK [2][-]{subsection.5.3.3}{\376\377\000P\000o\000d\000e\000r\000,\000\040\000m\000a\000n\000d\000a\000t\000o\000\040\000y\000\040\000r\000e\000p\000r\000e\000s\000e\000n\000t\000a\000c\000i\000\363\000n}{section.5.3}% 81
\BOOKMARK [2][-]{subsection.5.3.4}{\376\377\000E\000x\000c\000e\000p\000c\000i\000o\000n\000e\000s\000\040\000p\000r\000e\000v\000i\000a\000s\000\040\000d\000e\000\040\000p\000e\000r\000s\000o\000n\000e\000r\000\355\000a\000\040\000y\000\040\000l\000e\000g\000i\000t\000i\000m\000a\000c\000i\000\363\000n\000\040\000\050\000a\000r\000t\000.\000\040\0003\0004\0007\000\040\000C\000P\000C\000C\000N\000\051}{section.5.3}% 82
\BOOKMARK [2][-]{subsection.5.3.5}{\376\377\000D\000o\000m\000i\000c\000i\000l\000i\000o\000\040\000r\000e\000a\000l\000\040\000y\000\040\000d\000o\000m\000i\000c\000i\000l\000i\000o\000\040\000p\000r\000o\000c\000e\000s\000a\000l\000\040\000\050\000a\000r\000t\000.\000\040\0004\0000\000\040\000C\000P\000C\000C\000N\000\051}{section.5.3}% 83
\BOOKMARK [1][-]{section.5.4}{\376\377\000S\000i\000s\000t\000e\000m\000a\000s\000\040\000p\000r\000o\000c\000e\000s\000a\000l\000e\000s\000,\000\040\000c\000a\000r\000g\000a\000s\000\040\000y\000\040\000d\000e\000b\000e\000r\000e\000s}{chapter.5}% 84
\BOOKMARK [1][-]{section.5.5}{\376\377\000L\000i\000t\000i\000s\000c\000o\000n\000s\000o\000r\000c\000i\000o\000\040\000y\000\040\000a\000c\000u\000m\000u\000l\000a\000c\000i\000\363\000n\000\040\000d\000e\000\040\000p\000r\000o\000c\000e\000s\000o\000s}{chapter.5}% 85
\BOOKMARK [1][-]{section.5.6}{\376\377\000P\000r\000o\000c\000e\000s\000o\000\040\000c\000o\000l\000e\000c\000t\000i\000v\000o}{chapter.5}% 86
\BOOKMARK [1][-]{section.5.7}{\376\377\000T\000e\000r\000c\000e\000r\000o\000s\000\040\000i\000n\000t\000e\000r\000v\000i\000n\000i\000e\000n\000t\000e\000s}{chapter.5}% 87
\BOOKMARK [0][-]{chapter.6}{\376\377\000E\000l\000\040\000c\000o\000n\000f\000l\000i\000c\000t\000o\000\040\000y\000\040\000l\000o\000s\000\040\000s\000i\000s\000t\000e\000m\000a\000s\000\040\000d\000e\000\040\000r\000e\000s\000o\000l\000u\000c\000i\000\363\000n\000\040\000d\000e\000\040\000c\000o\000n\000f\000l\000i\000c\000t\000o\000s}{part.3}% 88
\BOOKMARK [1][-]{section.6.1}{\376\377\000T\000e\000o\000r\000\355\000a\000\040\000d\000e\000l\000\040\000c\000o\000n\000f\000l\000i\000c\000t\000o}{chapter.6}% 89
\BOOKMARK [2][-]{subsection.6.1.1}{\376\377\000E\000l\000\040\000a\000b\000o\000g\000a\000d\000o\000\040\000c\000o\000m\000o\000\040\000o\000p\000e\000r\000a\000d\000o\000r\000\040\000d\000e\000\040\000c\000o\000n\000f\000l\000i\000c\000t\000o\000s}{section.6.1}% 90
\BOOKMARK [2][-]{subsection.6.1.2}{\376\377\000R\000e\000s\000o\000l\000u\000c\000i\000\363\000n\000\040\000y\000\040\000s\000o\000l\000u\000c\000i\000\363\000n\000\040\000d\000e\000l\000\040\000c\000o\000n\000f\000l\000i\000c\000t\000o}{section.6.1}% 91
\BOOKMARK [2][-]{subsection.6.1.3}{\376\377\000C\000o\000n\000c\000e\000p\000t\000o\000\040\000d\000e\000\040\000c\000o\000n\000f\000l\000i\000c\000t\000o}{section.6.1}% 92
\BOOKMARK [2][-]{subsection.6.1.4}{\376\377\000E\000l\000e\000m\000e\000n\000t\000o\000s\000\040\000d\000e\000l\000\040\000c\000o\000n\000f\000l\000i\000c\000t\000o\000:\000\040\000a\000n\000\341\000l\000i\000s\000i\000s\000\040\000e\000s\000t\000\341\000t\000i\000c\000o}{section.6.1}% 93
\BOOKMARK [2][-]{subsection.6.1.5}{\376\377\000E\000l\000\040\000m\000a\000p\000e\000o\000\040\000d\000e\000l\000\040\000c\000o\000n\000f\000l\000i\000c\000t\000o}{section.6.1}% 94
\BOOKMARK [1][-]{section.6.2}{\376\377\000C\000l\000a\000s\000i\000f\000i\000c\000a\000c\000i\000\363\000n\000\040\000d\000e\000\040\000l\000o\000s\000\040\000s\000i\000s\000t\000e\000m\000a\000s\000\040\000d\000e\000\040\000r\000e\000s\000o\000l\000u\000c\000i\000\363\000n}{chapter.6}% 95
\BOOKMARK [1][-]{section.6.3}{\376\377\000N\000e\000g\000o\000c\000i\000a\000c\000i\000\363\000n\000:\000\040\000e\000l\000\040\000M\000\351\000t\000o\000d\000o\000\040\000d\000e\000\040\000H\000a\000r\000v\000a\000r\000d}{chapter.6}% 96
\BOOKMARK [1][-]{section.6.4}{\376\377\000M\000e\000d\000i\000a\000c\000i\000\363\000n}{chapter.6}% 97
\BOOKMARK [1][-]{section.6.5}{\376\377\000C\000o\000n\000c\000i\000l\000i\000a\000c\000i\000\363\000n}{chapter.6}% 98
\BOOKMARK [2][-]{subsection.6.5.1}{\376\377\000C\000o\000n\000c\000i\000l\000i\000a\000c\000i\000\363\000n\000\040\000i\000n\000t\000r\000a\000p\000r\000o\000c\000e\000s\000a\000l}{section.6.5}% 99
\BOOKMARK [2][-]{subsection.6.5.2}{\376\377\000C\000o\000n\000c\000i\000l\000i\000a\000c\000i\000\363\000n\000\040\000l\000a\000b\000o\000r\000a\000l\000\040\000o\000b\000l\000i\000g\000a\000t\000o\000r\000i\000a\000:\000\040\000S\000E\000C\000L\000O}{section.6.5}% 100
\BOOKMARK [1][-]{section.6.6}{\376\377\000A\000r\000b\000i\000t\000r\000a\000j\000e}{chapter.6}% 101
\BOOKMARK [-1][-]{part.4}{\376\377\000I\000V\000\040\000L\000o\000s\000\040\000a\000c\000t\000o\000s\000\040\000p\000r\000o\000c\000e\000s\000a\000l\000e\000s}{}% 102
\BOOKMARK [0][-]{chapter.7}{\376\377\000C\000o\000n\000c\000e\000p\000t\000o\000\040\000y\000\040\000c\000l\000a\000s\000i\000f\000i\000c\000a\000c\000i\000\363\000n\000\040\000d\000e\000\040\000l\000o\000s\000\040\000a\000c\000t\000o\000s\000\040\000p\000r\000o\000c\000e\000s\000a\000l\000e\000s}{part.4}% 103
\BOOKMARK [1][-]{section.7.1}{\376\377\000C\000o\000n\000c\000e\000p\000t\000o\000\040\000y\000\040\000s\000u\000j\000e\000t\000o\000s}{chapter.7}% 104
\BOOKMARK [2][-]{subsection.7.1.1}{\376\377\000H\000e\000c\000h\000o\000s\000\040\000y\000\040\000a\000c\000t\000o\000s\000\040\000p\000r\000o\000c\000e\000s\000a\000l\000e\000s}{section.7.1}% 105
\BOOKMARK [1][-]{section.7.2}{\376\377\000C\000l\000a\000s\000i\000f\000i\000c\000a\000c\000i\000\363\000n\000\040\000d\000e\000\040\000l\000o\000s\000\040\000a\000c\000t\000o\000s\000\040\000p\000r\000o\000c\000e\000s\000a\000l\000e\000s\000\040\000\050\000P\000a\000l\000a\000c\000i\000o\000\051}{chapter.7}% 106
\BOOKMARK [2][-]{subsection.7.2.1}{\376\377\000A\000c\000t\000o\000s\000\040\000d\000e\000\040\000i\000n\000i\000c\000i\000a\000c\000i\000\363\000n}{section.7.2}% 107
\BOOKMARK [2][-]{subsection.7.2.2}{\376\377\000A\000c\000t\000o\000s\000\040\000d\000e\000\040\000d\000e\000s\000a\000r\000r\000o\000l\000l\000o}{section.7.2}% 108
\BOOKMARK [2][-]{subsection.7.2.3}{\376\377\000A\000c\000t\000o\000s\000\040\000d\000e\000\040\000c\000o\000n\000c\000l\000u\000s\000i\000\363\000n}{section.7.2}% 109
\BOOKMARK [0][-]{chapter.8}{\376\377\000F\000o\000r\000m\000a\000,\000\040\000l\000u\000g\000a\000r\000\040\000y\000\040\000t\000i\000e\000m\000p\000o\000\040\000d\000e\000\040\000l\000o\000s\000\040\000a\000c\000t\000o\000s\000\040\000p\000r\000o\000c\000e\000s\000a\000l\000e\000s}{part.4}% 110
\BOOKMARK [1][-]{section.8.1}{\376\377\000L\000a\000\040\000f\000o\000r\000m\000a\000\040\000d\000e\000\040\000l\000o\000s\000\040\000a\000c\000t\000o\000s\000\040\000p\000r\000o\000c\000e\000s\000a\000l\000e\000s}{chapter.8}% 111
\BOOKMARK [2][-]{subsection.8.1.1}{\376\377\000I\000d\000i\000o\000m\000a\000\040\000y\000\040\000c\000a\000r\000a\000c\000t\000e\000r\000\355\000s\000t\000i\000c\000a\000s\000\040\000d\000e\000\040\000l\000o\000s\000\040\000e\000s\000c\000r\000i\000t\000o\000s}{section.8.1}% 112
\BOOKMARK [2][-]{subsection.8.1.2}{\376\377\000N\000o\000t\000a\000s\000\040\000m\000a\000n\000u\000s\000c\000r\000i\000t\000a\000s\000\040\000y\000\040\000c\000o\000p\000i\000a\000s}{section.8.1}% 113
\BOOKMARK [2][-]{subsection.8.1.3}{\376\377\000M\000o\000d\000o\000\040\000d\000e\000\040\000r\000e\000c\000e\000p\000c\000i\000\363\000n\000:\000\040\000e\000l\000\040\000c\000a\000r\000g\000o}{section.8.1}% 114
\BOOKMARK [2][-]{subsection.8.1.4}{\376\377\000L\000a\000s\000\040\000a\000u\000d\000i\000e\000n\000c\000i\000a\000s\000:\000\040\000a\000c\000t\000a\000s\000,\000\040\000v\000i\000d\000e\000o\000f\000i\000l\000m\000a\000c\000i\000\363\000n\000\040\000y\000\040\000p\000u\000b\000l\000i\000c\000i\000d\000a\000d}{section.8.1}% 115
\BOOKMARK [1][-]{section.8.2}{\376\377\000E\000l\000\040\000l\000u\000g\000a\000r\000\040\000d\000e\000\040\000l\000o\000s\000\040\000a\000c\000t\000o\000s\000\040\000p\000r\000o\000c\000e\000s\000a\000l\000e\000s}{chapter.8}% 116
\BOOKMARK [1][-]{section.8.3}{\376\377\000E\000l\000\040\000t\000i\000e\000m\000p\000o\000\040\000d\000e\000\040\000l\000o\000s\000\040\000a\000c\000t\000o\000s\000\040\000p\000r\000o\000c\000e\000s\000a\000l\000e\000s\000:\000\040\000h\000o\000r\000a\000r\000i\000o\000s\000\040\000h\000\341\000b\000i\000l\000e\000s}{chapter.8}% 117
\BOOKMARK [0][-]{chapter.9}{\376\377\000P\000l\000a\000z\000o\000s\000\040\000p\000r\000o\000c\000e\000s\000a\000l\000e\000s}{part.4}% 118
\BOOKMARK [1][-]{section.9.1}{\376\377\000C\000l\000a\000s\000i\000f\000i\000c\000a\000c\000i\000\363\000n}{chapter.9}% 119
\BOOKMARK [1][-]{section.9.2}{\376\377\000A\000m\000p\000l\000i\000a\000c\000i\000\363\000n\000\040\000p\000o\000r\000\040\000d\000i\000s\000t\000a\000n\000c\000i\000a\000\040\000\050\000a\000r\000t\000.\000\040\0001\0005\0008\000\040\000C\000P\000C\000C\000N\000\051}{chapter.9}% 120
\BOOKMARK [0][-]{chapter.10}{\376\377\000C\000o\000m\000u\000n\000i\000c\000a\000c\000i\000o\000n\000e\000s\000\040\000y\000\040\000n\000o\000t\000i\000f\000i\000c\000a\000c\000i\000o\000n\000e\000s\000\040\000p\000r\000o\000c\000e\000s\000a\000l\000e\000s}{part.4}% 121
\BOOKMARK [1][-]{section.10.1}{\376\377\000T\000r\000a\000s\000l\000a\000d\000o\000s\000,\000\040\000v\000i\000s\000t\000a\000s\000\040\000y\000\040\000o\000f\000i\000c\000i\000o\000s}{chapter.10}% 122
\BOOKMARK [1][-]{section.10.2}{\376\377\000N\000o\000t\000i\000f\000i\000c\000a\000c\000i\000\363\000n\000\040\000p\000o\000r\000\040\000m\000i\000n\000i\000s\000t\000e\000r\000i\000o\000\040\000d\000e\000\040\000l\000a\000\040\000l\000e\000y}{chapter.10}% 123
\BOOKMARK [1][-]{section.10.3}{\376\377\000N\000o\000t\000i\000f\000i\000c\000a\000c\000i\000\363\000n\000\040\000p\000e\000r\000s\000o\000n\000a\000l\000\040\000o\000\040\000p\000o\000r\000\040\000c\000\351\000d\000u\000l\000a\000\040\000\050\000a\000r\000t\000.\000\040\0001\0003\0005\000\040\000C\000P\000C\000C\000N\000\051}{chapter.10}% 124
\BOOKMARK [2][-]{subsection.10.3.1}{\376\377\000P\000r\000o\000c\000e\000d\000i\000m\000i\000e\000n\000t\000o\000\040\000d\000e\000l\000\040\000o\000f\000i\000c\000i\000a\000l\000\040\000n\000o\000t\000i\000f\000i\000c\000a\000d\000o\000r\000\040\000e\000n\000\040\000e\000l\000\040\000t\000r\000a\000s\000l\000a\000d\000o\000\040\000d\000e\000\040\000d\000e\000m\000a\000n\000d\000a}{section.10.3}% 125
\BOOKMARK [1][-]{section.10.4}{\376\377\000N\000o\000t\000i\000f\000i\000c\000a\000c\000i\000\363\000n\000\040\000p\000o\000r\000\040\000e\000d\000i\000c\000t\000o\000s}{chapter.10}% 126
\BOOKMARK [0][-]{chapter.11}{\376\377\000E\000l\000\040\000e\000s\000c\000r\000i\000t\000o\000\040\000j\000u\000d\000i\000c\000i\000a\000l}{part.4}% 127
\BOOKMARK [1][-]{section.11.1}{\376\377\000L\000o\000s\000\040\000a\000c\000t\000o\000s\000\040\000p\000r\000o\000c\000e\000s\000a\000l\000e\000s\000\040\000s\000e\000g\000\372\000n\000\040\000s\000u\000\040\000f\000i\000n\000a\000l\000i\000d\000a\000d}{chapter.11}% 128
\BOOKMARK [1][-]{section.11.2}{\376\377\000P\000a\000r\000t\000e\000s\000\040\000d\000e\000l\000\040\000e\000s\000c\000r\000i\000t\000o}{chapter.11}% 129
\BOOKMARK [2][-]{subsection.11.2.1}{\376\377\000S\000u\000m\000a\000\040\000o\000\040\000s\000u\000m\000a\000r\000i\000o}{section.11.2}% 130
\BOOKMARK [2][-]{subsection.11.2.2}{\376\377\000D\000e\000s\000t\000i\000n\000a\000t\000a\000r\000i\000o}{section.11.2}% 131
\BOOKMARK [2][-]{subsection.11.2.3}{\376\377\000E\000n\000c\000a\000b\000e\000z\000a\000m\000i\000e\000n\000t\000o}{section.11.2}% 132
\BOOKMARK [2][-]{subsection.11.2.4}{\376\377\000D\000o\000m\000i\000c\000i\000l\000i\000o\000\040\000p\000r\000o\000c\000e\000s\000a\000l\000\040\000y\000\040\000e\000l\000e\000c\000t\000r\000\363\000n\000i\000c\000o}{section.11.2}% 133
\BOOKMARK [2][-]{subsection.11.2.5}{\376\377\000I\000d\000e\000n\000t\000i\000f\000i\000c\000a\000c\000i\000\363\000n\000\040\000d\000e\000\040\000l\000o\000s\000\040\000a\000u\000t\000o\000s}{section.11.2}% 134
\BOOKMARK [2][-]{subsection.11.2.6}{\376\377\000F\000\363\000r\000m\000u\000l\000a\000\040\000d\000e\000\040\000c\000i\000e\000r\000r\000e\000\040\000d\000e\000l\000\040\000e\000n\000c\000a\000b\000e\000z\000a\000m\000i\000e\000n\000t\000o\000,\000\040\000o\000b\000j\000e\000t\000o\000\040\000y\000\040\000p\000e\000t\000i\000t\000o\000r\000i\000o}{section.11.2}% 135
\BOOKMARK [2][-]{subsection.11.2.7}{\376\377\000C\000i\000e\000r\000r\000e\000,\000\040\000f\000i\000r\000m\000a\000s\000\040\000y\000\040\000c\000a\000r\000g\000o}{section.11.2}% 136
\BOOKMARK [1][-]{section.11.3}{\376\377\000T\000r\000a\000m\000i\000t\000a\000c\000i\000\363\000n\000\040\000d\000e\000l\000\040\000e\000s\000c\000r\000i\000t\000o}{chapter.11}% 137
\BOOKMARK [-1][-]{part.5}{\376\377\000V\000\040\000E\000t\000a\000p\000a\000\040\000i\000n\000t\000r\000o\000d\000u\000c\000t\000o\000r\000i\000a\000\040\000d\000e\000l\000\040\000p\000r\000o\000c\000e\000s\000o\000\040\000d\000e\000\040\000c\000o\000n\000o\000c\000i\000m\000i\000e\000n\000t\000o}{}% 138
\BOOKMARK [0][-]{chapter.12}{\376\377\000D\000i\000l\000i\000g\000e\000n\000c\000i\000a\000s\000\040\000p\000r\000e\000l\000i\000m\000i\000n\000a\000r\000e\000s}{part.5}% 139
\BOOKMARK [1][-]{section.12.1}{\376\377\000M\000e\000d\000i\000d\000a\000s\000\040\000p\000r\000e\000p\000a\000r\000a\000t\000o\000r\000i\000a\000s}{chapter.12}% 140
\BOOKMARK [2][-]{subsection.12.1.1}{\376\377\000C\000a\000r\000a\000c\000t\000e\000r\000e\000s}{section.12.1}% 141
\BOOKMARK [2][-]{subsection.12.1.2}{\376\377\000C\000o\000n\000t\000e\000n\000i\000d\000o\000\040\000\050\000a\000r\000t\000.\000\040\0003\0002\0003\000\051}{section.12.1}% 142
\BOOKMARK [2][-]{subsection.12.1.3}{\376\377\000T\000r\000\341\000m\000i\000t\000e\000,\000\040\000s\000a\000n\000c\000i\000o\000n\000e\000s\000\040\000y\000\040\000c\000a\000d\000u\000c\000i\000d\000a\000d}{section.12.1}% 143
\BOOKMARK [1][-]{section.12.2}{\376\377\000P\000r\000u\000e\000b\000a\000\040\000a\000n\000t\000i\000c\000i\000p\000a\000d\000a}{chapter.12}% 144
\BOOKMARK [0][-]{chapter.13}{\376\377\000L\000a\000\040\000d\000e\000m\000a\000n\000d\000a}{part.5}% 145
\BOOKMARK [1][-]{section.13.1}{\376\377\000A\000c\000c\000i\000\363\000n\000,\000\040\000p\000r\000e\000t\000e\000n\000s\000i\000\363\000n\000\040\000y\000\040\000d\000e\000m\000a\000n\000d\000a}{chapter.13}% 146
\BOOKMARK [1][-]{section.13.2}{\376\377\000C\000l\000a\000s\000e\000s\000\040\000d\000e\000\040\000d\000e\000m\000a\000n\000d\000a}{chapter.13}% 147
\BOOKMARK [2][-]{subsection.13.2.1}{\376\377\000A\000c\000u\000m\000u\000l\000a\000c\000i\000\363\000n\000\040\000o\000b\000j\000e\000t\000i\000v\000a\000\040\000d\000e\000\040\000p\000r\000e\000t\000e\000n\000s\000i\000o\000n\000e\000s\000\040\000\050\000a\000r\000t\000.\000\040\0008\0007\000\051}{section.13.2}% 148
\BOOKMARK [1][-]{section.13.3}{\376\377\000D\000e\000m\000a\000n\000d\000a\000\040\000m\000\355\000n\000i\000m\000a\000,\000\040\000a\000d\000m\000i\000s\000i\000b\000l\000e\000\040\000y\000\040\000f\000u\000n\000d\000a\000d\000a}{chapter.13}% 149
\BOOKMARK [1][-]{section.13.4}{\376\377\000R\000e\000q\000u\000i\000s\000i\000t\000o\000s\000\040\000d\000e\000\040\000l\000a\000\040\000d\000e\000m\000a\000n\000d\000a\000\040\000\050\000a\000r\000t\000.\000\040\0003\0003\0000\000\051}{chapter.13}% 150
\BOOKMARK [2][-]{subsection.13.4.1}{\376\377\000P\000r\000u\000e\000b\000a\000\040\000q\000u\000e\000\040\000s\000e\000\040\000a\000c\000o\000m\000p\000a\000\361\000a\000\040\000\050\000a\000r\000t\000.\000\040\0003\0003\0003\000\051}{section.13.4}% 151
\BOOKMARK [1][-]{section.13.5}{\376\377\000E\000f\000e\000c\000t\000o\000s\000\040\000d\000e\000\040\000l\000a\000\040\000d\000e\000m\000a\000n\000d\000a}{chapter.13}% 152
\BOOKMARK [2][-]{subsection.13.5.1}{\376\377\000R\000e\000q\000u\000i\000s\000i\000t\000o\000s\000\040\000f\000i\000s\000c\000a\000l\000e\000s\000\040\000y\000\040\000m\000e\000d\000i\000a\000c\000i\000\363\000n\000\040\000p\000r\000e\000v\000i\000a}{section.13.5}% 153
\BOOKMARK [0][-]{chapter.14}{\376\377\000N\000o\000t\000i\000f\000i\000c\000a\000c\000i\000\363\000n\000\040\000d\000e\000\040\000l\000a\000\040\000d\000e\000m\000a\000n\000d\000a\000\040\000y\000\040\000e\000x\000c\000e\000p\000c\000i\000o\000n\000e\000s\000\040\000p\000r\000e\000v\000i\000a\000s}{part.5}% 154
\BOOKMARK [1][-]{section.14.1}{\376\377\000E\000l\000\040\000d\000e\000s\000p\000a\000c\000h\000o\000\040\000d\000e\000\040\000l\000a\000\040\000d\000e\000m\000a\000n\000d\000a\000\040\000y\000\040\000e\000l\000\040\000t\000r\000a\000s\000l\000a\000d\000o}{chapter.14}% 155
\BOOKMARK [1][-]{section.14.2}{\376\377\000T\000i\000p\000o\000s\000\040\000d\000e\000\040\000n\000o\000t\000i\000f\000i\000c\000a\000c\000i\000\363\000n\000\040\000y\000\040\000t\000r\000a\000b\000a\000\040\000d\000e\000\040\000l\000a\000\040\000l\000i\000t\000i\000s}{chapter.14}% 156
\BOOKMARK [2][-]{subsection.14.2.1}{\376\377\000N\000u\000l\000i\000d\000a\000d\000\040\000d\000e\000\040\000l\000a\000\040\000n\000o\000t\000i\000f\000i\000c\000a\000c\000i\000\363\000n}{section.14.2}% 157
\BOOKMARK [2][-]{subsection.14.2.2}{\376\377\000L\000a\000\040\000t\000r\000a\000b\000a\000\040\000d\000e\000\040\000l\000a\000\040\000l\000i\000t\000i\000s\000:\000\040\000c\000i\000t\000a\000c\000i\000\363\000n\000\040\000y\000\040\000e\000m\000p\000l\000a\000z\000a\000m\000i\000e\000n\000t\000o}{section.14.2}% 158
\BOOKMARK [1][-]{section.14.3}{\376\377\000A\000c\000t\000i\000t\000u\000d\000\040\000d\000e\000l\000\040\000d\000e\000m\000a\000n\000d\000a\000d\000o\000\040\000f\000r\000e\000n\000t\000e\000\040\000a\000\040\000l\000a\000\040\000d\000e\000m\000a\000n\000d\000a}{chapter.14}% 159
\BOOKMARK [1][-]{section.14.4}{\376\377\000L\000a\000s\000\040\000e\000x\000c\000e\000p\000c\000i\000o\000n\000e\000s\000\040\000d\000e\000\040\000p\000r\000e\000v\000i\000o\000\040\000y\000\040\000e\000s\000p\000e\000c\000i\000a\000l\000\040\000p\000r\000o\000n\000u\000n\000c\000i\000a\000m\000i\000e\000n\000t\000o}{chapter.14}% 160
\BOOKMARK [2][-]{subsection.14.4.1}{\376\377\000I\000m\000p\000e\000d\000i\000m\000e\000n\000t\000o\000s\000\040\000p\000r\000o\000c\000e\000s\000a\000l\000e\000s\000:\000\040\000l\000o\000s\000\040\000p\000r\000e\000s\000u\000p\000u\000e\000s\000t\000o\000s\000\040\000p\000r\000o\000c\000e\000s\000a\000l\000e\000s}{section.14.4}% 161
\BOOKMARK [2][-]{subsection.14.4.2}{\376\377\000E\000x\000c\000e\000p\000c\000i\000o\000n\000e\000s\000\040\000p\000r\000o\000p\000i\000a\000m\000e\000n\000t\000e\000\040\000d\000i\000c\000h\000a\000s}{section.14.4}% 162
\BOOKMARK [2][-]{subsection.14.4.3}{\376\377\000D\000e\000f\000e\000n\000s\000a\000s\000\040\000p\000r\000e\000v\000i\000a\000s}{section.14.4}% 163
\BOOKMARK [2][-]{subsection.14.4.4}{\376\377\000C\000\363\000m\000o\000\040\000s\000e\000\040\000d\000e\000d\000u\000c\000e\000n\000\040\000y\000\040\000s\000u\000s\000\040\000e\000f\000e\000c\000t\000o\000s}{section.14.4}% 164
\BOOKMARK [0][-]{chapter.15}{\376\377\000L\000a\000\040\000c\000o\000n\000t\000e\000s\000t\000a\000c\000i\000\363\000n\000\040\000d\000e\000\040\000l\000a\000\040\000d\000e\000m\000a\000n\000d\000a}{part.5}% 165
\BOOKMARK [1][-]{section.15.1}{\376\377\000C\000o\000n\000c\000e\000p\000t\000o\000,\000\040\000p\000l\000a\000z\000o\000\040\000y\000\040\000r\000e\000q\000u\000i\000s\000i\000t\000o\000s}{chapter.15}% 166
\BOOKMARK [1][-]{section.15.2}{\376\377\000C\000o\000n\000t\000e\000n\000i\000d\000o\000\040\000\050\000a\000r\000t\000.\000\040\0003\0005\0006\000\040\000C\000P\000C\000C\000N\000\051}{chapter.15}% 167
\BOOKMARK [2][-]{subsection.15.2.1}{\376\377\000R\000e\000c\000o\000n\000o\000c\000i\000m\000i\000e\000n\000t\000o\000\040\000o\000\040\000n\000e\000g\000a\000c\000i\000\363\000n\000\040\000d\000e\000\040\000h\000e\000c\000h\000o\000s\000\040\000y\000\040\000d\000o\000c\000u\000m\000e\000n\000t\000o\000s\000\040\000\050\000i\000n\000c\000.\000\040\0001\000\051}{section.15.2}% 168
\BOOKMARK [2][-]{subsection.15.2.2}{\376\377\000V\000e\000r\000s\000i\000\363\000n\000\040\000d\000e\000\040\000l\000o\000s\000\040\000h\000e\000c\000h\000o\000s\000\040\000d\000e\000l\000\040\000d\000e\000m\000a\000n\000d\000a\000d\000o\000\040\000\050\000i\000n\000c\000.\000\040\0002\000\051\000,\000\040\000d\000e\000r\000e\000c\000h\000o\000\040\000y\000\040\000p\000e\000t\000i\000c\000i\000\363\000n}{section.15.2}% 169
\BOOKMARK [2][-]{subsection.15.2.3}{\376\377\000O\000f\000r\000e\000c\000i\000m\000i\000e\000n\000t\000o\000\040\000d\000e\000\040\000p\000r\000u\000e\000b\000a\000\040\000\050\000a\000r\000t\000.\000\040\0003\0003\0003\000\051}{section.15.2}% 170
\BOOKMARK [1][-]{section.15.3}{\376\377\000E\000f\000e\000c\000t\000o\000s\000\040\000d\000e\000\040\000l\000a\000\040\000c\000o\000n\000t\000e\000s\000t\000a\000c\000i\000\363\000n}{chapter.15}% 171
\BOOKMARK [1][-]{section.15.4}{\376\377\000D\000o\000c\000u\000m\000e\000n\000t\000o\000s\000\040\000n\000u\000e\000v\000o\000s\000,\000\040\000h\000e\000c\000h\000o\000s\000\040\000n\000o\000\040\000i\000n\000v\000o\000c\000a\000d\000o\000s\000\040\000y\000\040\000h\000e\000c\000h\000o\000s\000\040\000n\000u\000e\000v\000o\000s}{chapter.15}% 172
\BOOKMARK [1][-]{section.15.5}{\376\377\000E\000l\000\040\000a\000l\000l\000a\000n\000a\000m\000i\000e\000n\000t\000o}{chapter.15}% 173
\BOOKMARK [1][-]{section.15.6}{\376\377\000L\000a\000\040\000r\000e\000c\000o\000n\000v\000e\000n\000c\000i\000\363\000n}{chapter.15}% 174
\BOOKMARK [1][-]{section.15.7}{\376\377\000L\000a\000\040\000r\000e\000b\000e\000l\000d\000\355\000a}{chapter.15}% 175
\BOOKMARK [-1][-]{part.6}{\376\377\000V\000I\000\040\000L\000a\000\040\000a\000u\000d\000i\000e\000n\000c\000i\000a\000\040\000p\000r\000e\000l\000i\000m\000i\000n\000a\000r\000\040\000y\000\040\000l\000a\000\040\000p\000r\000o\000d\000u\000c\000c\000i\000\363\000n\000\040\000d\000e\000\040\000l\000a\000\040\000p\000r\000u\000e\000b\000a}{}% 176
\BOOKMARK [0][-]{chapter.16}{\376\377\000L\000a\000\040\000a\000u\000d\000i\000e\000n\000c\000i\000a\000\040\000p\000r\000e\000l\000i\000m\000i\000n\000a\000r}{part.6}% 177
\BOOKMARK [1][-]{section.16.1}{\376\377\000A\000n\000t\000e\000c\000e\000d\000e\000n\000t\000e\000s\000\040\000d\000e\000\040\000l\000a\000\040\000o\000r\000a\000l\000i\000d\000a\000d}{chapter.16}% 178
\BOOKMARK [1][-]{section.16.2}{\376\377\000F\000i\000n\000a\000l\000i\000d\000a\000d\000\040\000y\000\040\000r\000\351\000g\000i\000m\000e\000n\000\040\000d\000e\000l\000\040\000a\000r\000t\000.\000\040\0003\0006\0000}{chapter.16}% 179
\BOOKMARK [2][-]{subsection.16.2.1}{\376\377\000I\000n\000d\000e\000l\000e\000g\000a\000b\000i\000l\000i\000d\000a\000d\000\040\000y\000\040\000r\000e\000s\000i\000s\000t\000e\000n\000c\000i\000a\000\040\000j\000u\000d\000i\000c\000i\000a\000l}{section.16.2}% 180
\BOOKMARK [1][-]{section.16.3}{\376\377\000L\000o\000s\000\040\000a\000c\000t\000o\000s\000\040\000d\000e\000\040\000l\000a\000\040\000a\000u\000d\000i\000e\000n\000c\000i\000a}{chapter.16}% 181
\BOOKMARK [1][-]{section.16.4}{\376\377\000H\000e\000c\000h\000o\000s\000\040\000e\000x\000i\000m\000i\000d\000o\000s\000\040\000d\000e\000\040\000p\000r\000u\000e\000b\000a}{chapter.16}% 182
\BOOKMARK [0][-]{chapter.17}{\376\377\000T\000e\000o\000r\000\355\000a\000\040\000g\000e\000n\000e\000r\000a\000l\000\040\000d\000e\000\040\000l\000a\000\040\000p\000r\000u\000e\000b\000a}{part.6}% 183
\BOOKMARK [1][-]{section.17.1}{\376\377\000C\000o\000n\000c\000e\000p\000t\000o\000\040\000d\000e\000\040\000p\000r\000u\000e\000b\000a}{chapter.17}% 184
\BOOKMARK [2][-]{subsection.17.1.1}{\376\377\000L\000a\000\040\000n\000e\000c\000e\000s\000i\000d\000a\000d\000\040\000d\000e\000\040\000p\000r\000o\000b\000a\000r}{section.17.1}% 185
\BOOKMARK [1][-]{section.17.2}{\376\377\000O\000b\000j\000e\000t\000o\000\040\000d\000e\000\040\000l\000a\000\040\000p\000r\000u\000e\000b\000a}{chapter.17}% 186
\BOOKMARK [2][-]{subsection.17.2.1}{\376\377\000\277\000H\000e\000c\000h\000o\000s\000\040\000o\000\040\000a\000f\000i\000r\000m\000a\000c\000i\000o\000n\000e\000s\000\040\000d\000e\000\040\000h\000e\000c\000h\000o\000s\000?}{section.17.2}% 187
\BOOKMARK [2][-]{subsection.17.2.2}{\376\377\000R\000e\000q\000u\000i\000s\000i\000t\000o\000s\000\040\000d\000e\000\040\000l\000o\000s\000\040\000h\000e\000c\000h\000o\000s\000:\000\040\000a\000f\000i\000r\000m\000a\000d\000o\000s\000,\000\040\000c\000o\000n\000d\000u\000c\000e\000n\000t\000e\000s\000,\000\040\000c\000o\000n\000t\000r\000o\000v\000e\000r\000t\000i\000d\000o\000s\000\040\000y\000\040\000a\000d\000m\000i\000s\000i\000b\000l\000e\000s}{section.17.2}% 188
\BOOKMARK [2][-]{subsection.17.2.3}{\376\377\000L\000a\000\040\000p\000r\000u\000e\000b\000a\000\040\000d\000e\000l\000\040\000h\000e\000c\000h\000o\000\040\000n\000e\000g\000a\000t\000i\000v\000o}{section.17.2}% 189
\BOOKMARK [1][-]{section.17.3}{\376\377\000H\000e\000c\000h\000o\000s\000\040\000e\000x\000e\000n\000t\000o\000s\000\040\000d\000e\000\040\000p\000r\000u\000e\000b\000a\000\040\000\050\000p\000r\000o\000f\000u\000n\000d\000i\000z\000a\000c\000i\000\363\000n\000\051}{chapter.17}% 190
\BOOKMARK [1][-]{section.17.4}{\376\377\000F\000i\000n\000a\000l\000i\000d\000a\000d\000\040\000d\000e\000\040\000l\000a\000\040\000p\000r\000u\000e\000b\000a}{chapter.17}% 191
\BOOKMARK [1][-]{section.17.5}{\376\377\000L\000a\000\040\000c\000a\000r\000g\000a\000\040\000d\000e\000\040\000l\000a\000\040\000p\000r\000u\000e\000b\000a}{chapter.17}% 192
\BOOKMARK [1][-]{section.17.6}{\376\377\000P\000r\000o\000d\000u\000c\000c\000i\000\363\000n\000\040\000y\000\040\000v\000a\000l\000o\000r\000a\000c\000i\000\363\000n}{chapter.17}% 193
\BOOKMARK [2][-]{subsection.17.6.1}{\376\377\000M\000e\000d\000i\000o\000s\000\040\000d\000e\000\040\000p\000r\000u\000e\000b\000a\000,\000\040\000p\000e\000r\000t\000i\000n\000e\000n\000c\000i\000a\000\040\000y\000\040\000a\000d\000m\000i\000s\000i\000b\000i\000l\000i\000d\000a\000d}{section.17.6}% 194
\BOOKMARK [2][-]{subsection.17.6.2}{\376\377\000N\000e\000g\000l\000i\000g\000e\000n\000c\000i\000a\000\040\000y\000\040\000c\000a\000d\000u\000c\000i\000d\000a\000d\000\040\000d\000e\000\040\000l\000a\000\040\000p\000r\000u\000e\000b\000a}{section.17.6}% 195
\BOOKMARK [2][-]{subsection.17.6.3}{\376\377\000V\000a\000l\000o\000r\000a\000c\000i\000\363\000n\000\040\000f\000i\000n\000a\000l\000:\000\040\000l\000a\000\040\000s\000a\000n\000a\000\040\000c\000r\000\355\000t\000i\000c\000a}{section.17.6}% 196
\BOOKMARK [0][-]{chapter.18}{\376\377\000L\000a\000\040\000p\000r\000u\000e\000b\000a\000\040\000d\000o\000c\000u\000m\000e\000n\000t\000a\000l\000\040\000y\000\040\000l\000a\000\040\000p\000r\000u\000e\000b\000a\000\040\000i\000n\000f\000o\000r\000m\000a\000t\000i\000v\000a}{part.6}% 197
\BOOKMARK [1][-]{section.18.1}{\376\377\000C\000o\000n\000c\000e\000p\000t\000o\000\040\000y\000\040\000c\000l\000a\000s\000i\000f\000i\000c\000a\000c\000i\000\363\000n\000\040\000d\000e\000l\000\040\000d\000o\000c\000u\000m\000e\000n\000t\000o}{chapter.18}% 198
\BOOKMARK [1][-]{section.18.2}{\376\377\000D\000o\000c\000u\000m\000e\000n\000t\000o\000s\000\040\000e\000n\000\040\000s\000o\000p\000o\000r\000t\000e\000\040\000p\000a\000p\000e\000l}{chapter.18}% 199
\BOOKMARK [2][-]{subsection.18.2.1}{\376\377\000I\000n\000s\000t\000r\000u\000m\000e\000n\000t\000o\000s\000\040\000p\000\372\000b\000l\000i\000c\000o\000s}{section.18.2}% 200
\BOOKMARK [2][-]{subsection.18.2.2}{\376\377\000I\000n\000s\000t\000r\000u\000m\000e\000n\000t\000o\000s\000\040\000p\000r\000i\000v\000a\000d\000o\000s}{section.18.2}% 201
\BOOKMARK [2][-]{subsection.18.2.3}{\376\377\000I\000n\000s\000t\000r\000u\000m\000e\000n\000t\000o\000s\000\040\000p\000a\000r\000t\000i\000c\000u\000l\000a\000r\000e\000s\000\040\000s\000i\000n\000\040\000f\000i\000r\000m\000a}{section.18.2}% 202
\BOOKMARK [1][-]{section.18.3}{\376\377\000D\000o\000c\000u\000m\000e\000n\000t\000o\000s\000\040\000e\000l\000e\000c\000t\000r\000\363\000n\000i\000c\000o\000s}{chapter.18}% 203
\BOOKMARK [1][-]{section.18.4}{\376\377\000C\000o\000r\000r\000e\000s\000p\000o\000n\000d\000e\000n\000c\000i\000a\000\040\000y\000\040\000l\000i\000b\000r\000o\000s\000\040\000c\000o\000n\000t\000a\000b\000l\000e\000s}{chapter.18}% 204
\BOOKMARK [2][-]{subsection.18.4.1}{\376\377\000C\000o\000r\000r\000e\000s\000p\000o\000n\000d\000e\000n\000c\000i\000a}{section.18.4}% 205
\BOOKMARK [2][-]{subsection.18.4.2}{\376\377\000L\000i\000b\000r\000o\000s\000\040\000c\000o\000n\000t\000a\000b\000l\000e\000s}{section.18.4}% 206
\BOOKMARK [1][-]{section.18.5}{\376\377\000O\000f\000r\000e\000c\000i\000m\000i\000e\000n\000t\000o\000\040\000e\000\040\000i\000m\000p\000u\000g\000n\000a\000c\000i\000\363\000n\000\040\000d\000e\000\040\000l\000a\000\040\000p\000r\000u\000e\000b\000a\000\040\000d\000o\000c\000u\000m\000e\000n\000t\000a\000l}{chapter.18}% 207
\BOOKMARK [2][-]{subsection.18.5.1}{\376\377\000O\000p\000o\000r\000t\000u\000n\000i\000d\000a\000d\000\040\000y\000\040\000d\000o\000c\000u\000m\000e\000n\000t\000o\000s\000\040\000e\000n\000\040\000p\000o\000d\000e\000r\000\040\000d\000e\000\040\000o\000t\000r\000o\000s}{section.18.5}% 208
\BOOKMARK [2][-]{subsection.18.5.2}{\376\377\000I\000m\000p\000u\000g\000n\000a\000c\000i\000\363\000n\000\040\000d\000e\000l\000\040\000i\000n\000s\000t\000r\000u\000m\000e\000n\000t\000o\000\040\000p\000\372\000b\000l\000i\000c\000o\000\040\000\050\000a\000r\000t\000.\000\040\0003\0009\0005\000\051}{section.18.5}% 209
\BOOKMARK [1][-]{section.18.6}{\376\377\000L\000a\000\040\000p\000r\000u\000e\000b\000a\000\040\000i\000n\000f\000o\000r\000m\000a\000t\000i\000v\000a}{chapter.18}% 210
\BOOKMARK [2][-]{subsection.18.6.1}{\376\377\000E\000l\000\040\000o\000f\000i\000c\000i\000o\000\040\000\050\000a\000r\000t\000s\000.\000\040\0003\0009\0008\000\040\000y\000\040\0004\0000\0000\000\051}{section.18.6}% 211
\BOOKMARK [2][-]{subsection.18.6.2}{\376\377\000P\000l\000a\000z\000o\000\040\000y\000\040\000c\000a\000d\000u\000c\000i\000d\000a\000d\000\040\000\050\000a\000r\000t\000.\000\040\0004\0000\0002\000\051}{section.18.6}% 212
\BOOKMARK [2][-]{subsection.18.6.3}{\376\377\000M\000o\000d\000e\000r\000n\000i\000z\000a\000c\000i\000\363\000n}{section.18.6}% 213
\BOOKMARK [0][-]{chapter.19}{\376\377\000P\000r\000u\000e\000b\000a\000\040\000t\000e\000s\000t\000i\000m\000o\000n\000i\000a\000l}{part.6}% 214
\BOOKMARK [1][-]{section.19.1}{\376\377\000C\000o\000n\000c\000e\000p\000t\000o\000\040\000d\000e\000\040\000t\000e\000s\000t\000i\000g\000o}{chapter.19}% 215
\BOOKMARK [1][-]{section.19.2}{\376\377\000O\000b\000j\000e\000t\000o\000\040\000d\000e\000l\000\040\000t\000e\000s\000t\000i\000m\000o\000n\000i\000o\000\040\000y\000\040\000v\000a\000l\000o\000r\000\040\000s\000e\000g\000\372\000n\000\040\000e\000l\000\040\000t\000i\000p\000o\000\040\000d\000e\000\040\000p\000e\000r\000c\000e\000p\000c\000i\000\363\000n}{chapter.19}% 216
\BOOKMARK [1][-]{section.19.3}{\376\377\000D\000e\000b\000e\000r\000e\000s\000\040\000d\000e\000l\000\040\000t\000e\000s\000t\000i\000g\000o}{chapter.19}% 217
\BOOKMARK [1][-]{section.19.4}{\376\377\000T\000e\000s\000t\000i\000g\000o\000s\000\040\000e\000x\000c\000l\000u\000i\000d\000o\000s\000:\000\040\000a\000r\000t\000.\000\040\0004\0002\0007\000\040\000C\000P\000C\000C\000N\000\040\000y\000\040\000v\000i\000n\000c\000u\000l\000a\000c\000i\000\363\000n\000\040\000c\000o\000n\000\040\000e\000l\000\040\000C\000C\000y\000C}{chapter.19}% 218
\BOOKMARK [1][-]{section.19.5}{\376\377\000L\000o\000s\000\040\000t\000r\000e\000s\000\040\000m\000o\000m\000e\000n\000t\000o\000s\000\040\000d\000e\000\040\000l\000a\000\040\000p\000r\000u\000e\000b\000a\000\040\000t\000e\000s\000t\000i\000m\000o\000n\000i\000a\000l}{chapter.19}% 219
\BOOKMARK [1][-]{section.19.6}{\376\377\000O\000f\000r\000e\000c\000i\000m\000i\000e\000n\000t\000o\000\040\000d\000e\000\040\000l\000a\000\040\000p\000r\000u\000e\000b\000a\000\040\000t\000e\000s\000t\000i\000m\000o\000n\000i\000a\000l}{chapter.19}% 220
\BOOKMARK [1][-]{section.19.7}{\376\377\000P\000r\000o\000d\000u\000c\000c\000i\000\363\000n\000\040\000d\000e\000\040\000l\000a\000\040\000p\000r\000u\000e\000b\000a\000\040\000t\000e\000s\000t\000i\000m\000o\000n\000i\000a\000l\000:\000\040\000c\000i\000t\000a\000c\000i\000\363\000n\000\040\000a\000\040\000a\000u\000d\000i\000e\000n\000c\000i\000a}{chapter.19}% 221
\BOOKMARK [1][-]{section.19.8}{\376\377\000D\000e\000s\000a\000r\000r\000o\000l\000l\000o\000\040\000d\000e\000\040\000l\000a\000\040\000a\000u\000d\000i\000e\000n\000c\000i\000a\000\040\000t\000e\000s\000t\000i\000m\000o\000n\000i\000a\000l\000\040\000e\000\040\000i\000n\000t\000e\000r\000r\000o\000g\000a\000t\000o\000r\000i\000o\000\040\000p\000r\000e\000l\000i\000m\000i\000n\000a\000r}{chapter.19}% 222
\BOOKMARK [1][-]{section.19.9}{\376\377\000F\000o\000r\000m\000a\000\040\000d\000e\000\040\000l\000a\000s\000\040\000p\000r\000e\000g\000u\000n\000t\000a\000s\000\040\000a\000l\000\040\000t\000e\000s\000t\000i\000g\000o\000:\000\040\000a\000r\000t\000.\000\040\0004\0004\0003}{chapter.19}% 223
\BOOKMARK [1][-]{section.19.10}{\376\377\000T\000e\000s\000t\000i\000g\000o\000\040\000t\000\351\000c\000n\000i\000c\000o\000\040\000y\000\040\000p\000e\000r\000i\000t\000o}{chapter.19}% 224
\BOOKMARK [1][-]{section.19.11}{\376\377\000N\000e\000g\000a\000t\000i\000v\000a\000\040\000a\000\040\000r\000e\000s\000p\000o\000n\000d\000e\000r\000:\000\040\000a\000r\000t\000.\000\040\0004\0004\0004}{chapter.19}% 225
\BOOKMARK [1][-]{section.19.12}{\376\377\000C\000a\000d\000u\000c\000i\000d\000a\000d\000\040\000d\000e\000\040\000l\000a\000\040\000p\000r\000u\000e\000b\000a\000\040\000t\000e\000s\000t\000i\000m\000o\000n\000i\000a\000l\000:\000\040\000a\000r\000t\000s\000.\000\040\0004\0003\0002\000\040\000y\000\040\0004\0003\0007}{chapter.19}% 226
\BOOKMARK [1][-]{section.19.13}{\376\377\000I\000d\000o\000n\000e\000i\000d\000a\000d\000\040\000d\000e\000l\000\040\000t\000e\000s\000t\000i\000g\000o\000:\000\040\000a\000r\000t\000.\000\040\0004\0005\0006}{chapter.19}% 227
\BOOKMARK [0][-]{chapter.20}{\376\377\000P\000r\000u\000e\000b\000a\000\040\000d\000e\000\040\000c\000o\000n\000f\000e\000s\000i\000\363\000n}{part.6}% 228
\BOOKMARK [1][-]{section.20.1}{\376\377\000C\000o\000n\000c\000e\000p\000t\000o\000\040\000d\000e\000\040\000c\000o\000n\000f\000e\000s\000i\000\363\000n\000:\000\040\000c\000o\000n\000f\000e\000s\000i\000\363\000n\000\040\000e\000s\000p\000o\000n\000t\000\341\000n\000e\000a\000\040\000y\000\040\000p\000r\000o\000v\000o\000c\000a\000d\000a}{chapter.20}% 229
\BOOKMARK [1][-]{section.20.2}{\376\377\000M\000o\000m\000e\000n\000t\000o\000\040\000d\000e\000l\000\040\000o\000f\000r\000e\000c\000i\000m\000i\000e\000n\000t\000o\000\040\000y\000\040\000d\000e\000\040\000l\000a\000\040\000p\000r\000o\000d\000u\000c\000c\000i\000\363\000n}{chapter.20}% 230
\BOOKMARK [1][-]{section.20.3}{\376\377\000Q\000u\000i\000\351\000n\000e\000s\000\040\000p\000u\000e\000d\000e\000n\000\040\000s\000e\000r\000\040\000c\000i\000t\000a\000d\000o\000s\000\040\000a\000\040\000a\000b\000s\000o\000l\000v\000e\000r\000\040\000p\000o\000s\000i\000c\000i\000o\000n\000e\000s\000:\000\040\000a\000r\000t\000.\000\040\0004\0000\0005}{chapter.20}% 231
\BOOKMARK [1][-]{section.20.4}{\376\377\000E\000l\000e\000c\000c\000i\000\363\000n\000\040\000d\000e\000l\000\040\000a\000b\000s\000o\000l\000v\000e\000n\000t\000e\000\040\000e\000n\000\040\000p\000e\000r\000s\000o\000n\000a\000s\000\040\000j\000u\000r\000\355\000d\000i\000c\000a\000s\000:\000\040\000a\000r\000t\000.\000\040\0004\0000\0006}{chapter.20}% 232
\BOOKMARK [1][-]{section.20.5}{\376\377\000C\000i\000t\000a\000c\000i\000\363\000n\000:\000\040\000d\000o\000m\000i\000c\000i\000l\000i\000o\000\040\000c\000o\000n\000s\000t\000i\000t\000u\000i\000d\000o\000\040\000y\000\040\000d\000o\000m\000i\000c\000i\000l\000i\000o\000\040\000r\000e\000a\000l}{chapter.20}% 233
\BOOKMARK [1][-]{section.20.6}{\376\377\000R\000e\000s\000e\000r\000v\000a\000\040\000d\000e\000l\000\040\000p\000l\000i\000e\000g\000o\000\040\000d\000e\000\040\000p\000o\000s\000i\000c\000i\000o\000n\000e\000s\000:\000\040\000a\000r\000t\000.\000\040\0004\0001\0000}{chapter.20}% 234
\BOOKMARK [1][-]{section.20.7}{\376\377\000F\000o\000r\000m\000a\000\040\000d\000e\000\040\000r\000e\000d\000a\000c\000t\000a\000r\000\040\000l\000a\000s\000\040\000p\000o\000s\000i\000c\000i\000o\000n\000e\000s\000:\000\040\000a\000r\000t\000.\000\040\0004\0001\0001}{chapter.20}% 235
\BOOKMARK [1][-]{section.20.8}{\376\377\000P\000o\000s\000i\000c\000i\000\363\000n\000\040\000i\000m\000p\000e\000r\000t\000i\000n\000e\000n\000t\000e\000:\000\040\000a\000r\000t\000.\000\040\0004\0001\0004}{chapter.20}% 236
\BOOKMARK [1][-]{section.20.9}{\376\377\000I\000n\000t\000e\000r\000r\000o\000g\000a\000t\000o\000r\000i\000o\000\040\000d\000e\000\040\000l\000a\000s\000\040\000p\000a\000r\000t\000e\000s\000:\000\040\000a\000r\000t\000.\000\040\0004\0001\0005}{chapter.20}% 237
\BOOKMARK [1][-]{section.20.10}{\376\377\000C\000o\000n\000f\000e\000s\000i\000\363\000n\000\040\000f\000i\000c\000t\000a\000:\000\040\000a\000r\000t\000.\000\040\0004\0001\0007}{chapter.20}% 238
\BOOKMARK [1][-]{section.20.11}{\376\377\000V\000a\000l\000o\000r\000\040\000p\000r\000o\000b\000a\000t\000o\000r\000i\000o\000\040\000d\000e\000\040\000l\000a\000\040\000c\000o\000n\000f\000e\000s\000i\000\363\000n\000\040\000f\000i\000c\000t\000a}{chapter.20}% 239
\BOOKMARK [1][-]{section.20.12}{\376\377\000C\000o\000n\000f\000e\000s\000i\000\363\000n\000\040\000e\000x\000p\000r\000e\000s\000a\000:\000\040\000a\000r\000t\000.\000\040\0004\0002\0003}{chapter.20}% 240
\BOOKMARK [1][-]{section.20.13}{\376\377\000C\000o\000n\000f\000e\000s\000i\000\363\000n\000\040\000e\000x\000t\000r\000a\000j\000u\000d\000i\000c\000i\000a\000l\000:\000\040\000a\000r\000t\000.\000\040\0004\0002\0004}{chapter.20}% 241
\BOOKMARK [1][-]{section.20.14}{\376\377\000A\000u\000s\000e\000n\000c\000i\000a\000\040\000d\000e\000l\000\040\000a\000b\000s\000o\000l\000v\000e\000n\000t\000e\000\040\000p\000o\000r\000\040\000e\000n\000f\000e\000r\000m\000e\000d\000a\000d\000\040\000y\000\040\000r\000e\000g\000l\000a\000\040\000d\000e\000\040\000l\000o\000s\000\040\0003\0000\0000\000\040\000k\000i\000l\000\363\000m\000e\000t\000r\000o\000s}{chapter.20}% 242
\BOOKMARK [1][-]{section.20.15}{\376\377\000D\000e\000s\000a\000r\000r\000o\000l\000l\000o\000\040\000d\000e\000\040\000l\000a\000\040\000a\000u\000d\000i\000e\000n\000c\000i\000a\000\040\000d\000e\000\040\000a\000b\000s\000o\000l\000u\000c\000i\000\363\000n\000\040\000d\000e\000\040\000p\000o\000s\000i\000c\000i\000o\000n\000e\000s}{chapter.20}% 243
\BOOKMARK [0][-]{chapter.21}{\376\377\000L\000a\000\040\000p\000r\000u\000e\000b\000a\000\040\000p\000e\000r\000i\000c\000i\000a\000l}{part.6}% 244
\BOOKMARK [1][-]{section.21.1}{\376\377\000F\000i\000n\000a\000l\000i\000d\000a\000d\000\040\000d\000e\000\040\000l\000a\000\040\000p\000r\000u\000e\000b\000a\000\040\000e\000n\000\040\000e\000l\000\040\000p\000r\000o\000c\000e\000s\000o}{chapter.21}% 245
\BOOKMARK [1][-]{section.21.2}{\376\377\000C\000u\000\341\000n\000d\000o\000\040\000e\000s\000\040\000n\000e\000c\000e\000s\000a\000r\000i\000a\000\040\000l\000a\000\040\000p\000r\000u\000e\000b\000a\000\040\000p\000e\000r\000i\000c\000i\000a\000l}{chapter.21}% 246
\BOOKMARK [2][-]{subsection.21.2.1}{\376\377\000C\000a\000r\000a\000c\000t\000e\000r\000\355\000s\000t\000i\000c\000a\000s\000\040\000d\000e\000\040\000l\000a\000\040\000p\000e\000r\000i\000t\000a\000c\000i\000\363\000n}{section.21.2}% 247
\BOOKMARK [1][-]{section.21.3}{\376\377\000Q\000u\000i\000\351\000n\000e\000s\000\040\000s\000o\000n\000\040\000l\000o\000s\000\040\000p\000e\000r\000i\000t\000o\000s}{chapter.21}% 248
\BOOKMARK [2][-]{subsection.21.3.1}{\376\377\000D\000\363\000n\000d\000e\000\040\000s\000e\000\040\000u\000b\000i\000c\000a\000\040\000a\000\040\000l\000o\000s\000\040\000p\000e\000r\000i\000t\000o\000s}{section.21.3}% 249
\BOOKMARK [1][-]{section.21.4}{\376\377\000E\000l\000\040\000c\000o\000n\000s\000u\000l\000t\000o\000r\000\040\000t\000\351\000c\000n\000i\000c\000o\000\040\000\050\000p\000e\000r\000i\000t\000o\000\040\000d\000e\000\040\000p\000a\000r\000t\000e\000\051}{chapter.21}% 250
\BOOKMARK [2][-]{subsection.21.4.1}{\376\377\000D\000i\000f\000e\000r\000e\000n\000c\000i\000a\000s\000\040\000e\000n\000t\000r\000e\000\040\000p\000e\000r\000i\000t\000o\000\040\000d\000e\000s\000i\000g\000n\000a\000d\000o\000\040\000d\000e\000\040\000o\000f\000i\000c\000i\000o\000\040\000y\000\040\000c\000o\000n\000s\000u\000l\000t\000o\000r\000\040\000t\000\351\000c\000n\000i\000c\000o}{section.21.4}% 251
\BOOKMARK [1][-]{section.21.5}{\376\377\000A\000c\000t\000i\000v\000i\000d\000a\000d\000\040\000d\000e\000\040\000l\000a\000\040\000c\000o\000n\000t\000r\000a\000p\000a\000r\000t\000e\000\040\000a\000l\000\040\000o\000f\000r\000e\000c\000e\000r\000\040\000l\000a\000\040\000p\000r\000u\000e\000b\000a\000\040\000p\000e\000r\000i\000c\000i\000a\000l}{chapter.21}% 252
\BOOKMARK [2][-]{subsection.21.5.1}{\376\377\000C\000o\000s\000t\000a\000s\000,\000\040\000t\000r\000a\000s\000l\000a\000d\000o\000s\000\040\000y\000\040\000s\000i\000m\000e\000t\000r\000\355\000a}{section.21.5}% 253
\BOOKMARK [1][-]{section.21.6}{\376\377\000L\000a\000\040\000a\000u\000d\000i\000e\000n\000c\000i\000a\000\040\000p\000r\000e\000l\000i\000m\000i\000n\000a\000r\000\040\000y\000\040\000l\000a\000\040\000d\000e\000s\000i\000g\000n\000a\000c\000i\000\363\000n\000\040\000d\000e\000l\000\040\000p\000e\000r\000i\000t\000o}{chapter.21}% 254
\BOOKMARK [1][-]{section.21.7}{\376\377\000R\000e\000c\000u\000s\000a\000c\000i\000\363\000n\000\040\000d\000e\000l\000\040\000p\000e\000r\000i\000t\000o}{chapter.21}% 255
\BOOKMARK [1][-]{section.21.8}{\376\377\000A\000c\000e\000p\000t\000a\000c\000i\000\363\000n\000\040\000d\000e\000l\000\040\000c\000a\000r\000g\000o\000,\000\040\000o\000b\000l\000i\000g\000a\000c\000i\000o\000n\000e\000s\000\040\000y\000\040\000s\000a\000n\000c\000i\000o\000n\000e\000s\000\040\000d\000e\000l\000\040\000p\000e\000r\000i\000t\000o}{chapter.21}% 256
\BOOKMARK [1][-]{section.21.9}{\376\377\000A\000n\000t\000i\000c\000i\000p\000o\000\040\000p\000a\000r\000a\000\040\000g\000a\000s\000t\000o\000s}{chapter.21}% 257
\BOOKMARK [1][-]{section.21.10}{\376\377\000R\000e\000m\000o\000c\000i\000\363\000n\000\040\000d\000e\000l\000\040\000p\000e\000r\000i\000t\000o}{chapter.21}% 258
\BOOKMARK [0][-]{chapter.22}{\376\377\000P\000r\000\341\000c\000t\000i\000c\000a\000\040\000d\000e\000\040\000l\000a\000\040\000p\000e\000r\000i\000c\000i\000a}{part.6}% 259
\BOOKMARK [1][-]{section.22.1}{\376\377\000P\000r\000e\000s\000e\000n\000c\000i\000a\000\040\000d\000e\000\040\000l\000a\000s\000\040\000p\000a\000r\000t\000e\000s\000\040\000e\000n\000\040\000l\000a\000\040\000r\000e\000a\000l\000i\000z\000a\000c\000i\000\363\000n\000\040\000d\000e\000\040\000l\000a\000\040\000p\000e\000r\000i\000c\000i\000a}{chapter.22}% 260
\BOOKMARK [1][-]{section.22.2}{\376\377\000L\000o\000s\000\040\000p\000a\000s\000o\000s\000\040\000p\000a\000r\000a\000\040\000r\000e\000a\000l\000i\000z\000a\000r\000\040\000l\000a\000\040\000p\000r\000u\000e\000b\000a\000\040\000p\000e\000r\000i\000c\000i\000a\000l}{chapter.22}% 261
\BOOKMARK [2][-]{subsection.22.2.1}{\376\377\000P\000a\000s\000o\000\040\0001\000:\000\040\000d\000e\000t\000e\000r\000m\000i\000n\000a\000c\000i\000\363\000n\000\040\000d\000e\000l\000\040\000t\000e\000m\000a\000\040\000p\000e\000r\000i\000c\000i\000a\000l}{section.22.2}% 262
\BOOKMARK [2][-]{subsection.22.2.2}{\376\377\000P\000a\000s\000o\000\040\0002\000:\000\040\000o\000b\000s\000e\000r\000v\000a\000c\000i\000\363\000n\000\040\000d\000e\000l\000\040\000c\000a\000m\000p\000o\000\040\000d\000e\000\040\000t\000r\000a\000b\000a\000j\000o}{section.22.2}% 263
\BOOKMARK [2][-]{subsection.22.2.3}{\376\377\000P\000a\000s\000o\000\040\0003\000:\000\040\000e\000l\000e\000c\000c\000i\000\363\000n\000\040\000d\000e\000\040\000l\000o\000s\000\040\000m\000e\000d\000i\000o\000s}{section.22.2}% 264
\BOOKMARK [2][-]{subsection.22.2.4}{\376\377\000P\000a\000s\000o\000\040\0004\000:\000\040\000a\000g\000r\000e\000g\000a\000c\000i\000\363\000n\000\040\000y\000\040\000p\000r\000e\000s\000e\000r\000v\000a\000c\000i\000\363\000n\000\040\000d\000e\000\040\000l\000o\000s\000\040\000e\000l\000e\000m\000e\000n\000t\000o\000s}{section.22.2}% 265
\BOOKMARK [2][-]{subsection.22.2.5}{\376\377\000P\000a\000s\000o\000\040\0005\000:\000\040\000r\000e\000a\000l\000i\000z\000a\000c\000i\000\363\000n\000\040\000d\000e\000\040\000l\000a\000s\000\040\000o\000p\000e\000r\000a\000c\000i\000o\000n\000e\000s\000\040\000t\000\351\000c\000n\000i\000c\000a\000s\000\040\000y\000\040\000e\000m\000i\000s\000i\000\363\000n\000\040\000d\000e\000l\000\040\000d\000i\000c\000t\000a\000m\000e\000n}{section.22.2}% 266
\BOOKMARK [1][-]{section.22.3}{\376\377\000L\000a\000\040\000p\000r\000u\000e\000b\000a\000\040\000d\000o\000c\000u\000m\000e\000n\000t\000a\000l\000\040\000q\000u\000e\000\040\000a\000c\000o\000m\000p\000a\000\361\000a\000\040\000e\000l\000\040\000p\000e\000r\000i\000t\000o}{chapter.22}% 267
\BOOKMARK [1][-]{section.22.4}{\376\377\000N\000o\000t\000i\000f\000i\000c\000a\000c\000i\000\363\000n\000\040\000d\000e\000l\000\040\000d\000i\000c\000t\000a\000m\000e\000n\000\040\000y\000\040\000a\000c\000t\000i\000v\000i\000d\000a\000d\000\040\000d\000e\000\040\000l\000a\000s\000\040\000p\000a\000r\000t\000e\000s}{chapter.22}% 268
\BOOKMARK [1][-]{section.22.5}{\376\377\000E\000l\000\040\000a\000r\000t\000\355\000c\000u\000l\000o\000\040\0004\0007\0005\000\040\000C\000P\000C\000C\000N\000:\000\040\000m\000e\000d\000i\000d\000a\000s\000\040\000c\000o\000m\000p\000l\000e\000m\000e\000n\000t\000a\000r\000i\000a\000s}{chapter.22}% 269
\BOOKMARK [1][-]{section.22.6}{\376\377\000V\000a\000l\000o\000r\000a\000c\000i\000\363\000n\000\040\000d\000e\000l\000\040\000d\000i\000c\000t\000a\000m\000e\000n\000\040\000p\000e\000r\000i\000c\000i\000a\000l\000\040\000\050\000a\000r\000t\000.\000\040\0004\0007\0007\000\040\000C\000P\000C\000C\000N\000\051}{chapter.22}% 270
\BOOKMARK [1][-]{section.22.7}{\376\377\000E\000l\000\040\000p\000e\000r\000i\000t\000o\000\040\000\341\000r\000b\000i\000t\000r\000o\000:\000\040\000c\000u\000a\000n\000d\000o\000\040\000e\000l\000\040\000d\000i\000c\000t\000a\000m\000e\000n\000\040\000s\000\355\000\040\000e\000s\000\040\000v\000i\000n\000c\000u\000l\000a\000n\000t\000e}{chapter.22}% 271
\BOOKMARK [0][-]{chapter.23}{\376\377\000P\000r\000u\000e\000b\000a\000\040\000i\000n\000d\000i\000c\000i\000a\000r\000i\000a\000\040\000y\000\040\000r\000e\000c\000o\000n\000o\000c\000i\000m\000i\000e\000n\000t\000o\000\040\000j\000u\000d\000i\000c\000i\000a\000l}{part.6}% 272
\BOOKMARK [1][-]{section.23.1}{\376\377\000L\000a\000\040\000p\000r\000u\000e\000b\000a\000\040\000i\000n\000d\000i\000c\000i\000a\000r\000i\000a\000:\000\040\000c\000o\000n\000c\000e\000p\000t\000o\000\040\000y\000\040\000n\000e\000c\000e\000s\000i\000d\000a\000d}{chapter.23}% 273
\BOOKMARK [1][-]{section.23.2}{\376\377\000P\000r\000e\000s\000u\000n\000c\000i\000o\000n\000e\000s\000:\000\040\000c\000o\000n\000c\000e\000p\000t\000o\000\040\000y\000\040\000t\000i\000p\000o\000s}{chapter.23}% 274
\BOOKMARK [1][-]{section.23.3}{\376\377\000P\000r\000e\000s\000u\000n\000c\000i\000o\000n\000e\000s\000\040\000j\000u\000d\000i\000c\000i\000a\000l\000e\000s\000\040\000\050\000h\000o\000m\000i\000n\000i\000s\000\051}{chapter.23}% 275
\BOOKMARK [1][-]{section.23.4}{\376\377\000L\000a\000\040\000c\000o\000n\000d\000u\000c\000t\000a\000\040\000p\000r\000o\000c\000e\000s\000a\000l\000\040\000d\000e\000\040\000l\000a\000s\000\040\000p\000a\000r\000t\000e\000s\000\040\000c\000o\000m\000o\000\040\000i\000n\000d\000i\000c\000i\000o}{chapter.23}% 276
\BOOKMARK [1][-]{section.23.5}{\376\377\000E\000l\000\040\000r\000e\000c\000o\000n\000o\000c\000i\000m\000i\000e\000n\000t\000o\000\040\000j\000u\000d\000i\000c\000i\000a\000l\000\040\000\050\000a\000r\000t\000.\000\040\0004\0007\0009\000\040\000C\000P\000C\000C\000N\000\051}{chapter.23}% 277
\BOOKMARK [1][-]{section.23.6}{\376\377\000F\000o\000r\000m\000a\000\040\000d\000e\000\040\000l\000a\000\040\000d\000i\000l\000i\000g\000e\000n\000c\000i\000a\000\040\000d\000e\000l\000\040\000r\000e\000c\000o\000n\000o\000c\000i\000m\000i\000e\000n\000t\000o\000\040\000j\000u\000d\000i\000c\000i\000a\000l}{chapter.23}% 278
\BOOKMARK [-1][-]{part.7}{\376\377\000V\000I\000I\000\040\000A\000l\000e\000g\000a\000t\000o\000s\000,\000\040\000e\000t\000a\000p\000a\000\040\000c\000o\000n\000c\000l\000u\000s\000i\000o\000n\000a\000l\000\040\000y\000\040\000v\000a\000l\000o\000r\000a\000c\000i\000\363\000n\000\040\000d\000e\000\040\000l\000a\000\040\000p\000r\000u\000e\000b\000a}{}% 279
\BOOKMARK [0][-]{chapter.24}{\376\377\000L\000o\000s\000\040\000a\000l\000e\000g\000a\000t\000o\000s}{part.7}% 280
\BOOKMARK [1][-]{section.24.1}{\376\377\000C\000o\000n\000c\000e\000p\000t\000o\000\040\000d\000e\000\040\000a\000l\000e\000g\000a\000t\000o}{chapter.24}% 281
\BOOKMARK [1][-]{section.24.2}{\376\377\000N\000a\000t\000u\000r\000a\000l\000e\000z\000a\000\040\000j\000u\000r\000\355\000d\000i\000c\000a\000:\000\040\000a\000c\000t\000o\000\040\000e\000s\000c\000r\000i\000t\000o\000\040\000y\000\040\000f\000a\000c\000u\000l\000t\000a\000t\000i\000v\000o}{chapter.24}% 282
\BOOKMARK [1][-]{section.24.3}{\376\377\000U\000t\000i\000l\000i\000d\000a\000d\000\040\000d\000e\000l\000\040\000a\000l\000e\000g\000a\000t\000o}{chapter.24}% 283
\BOOKMARK [2][-]{subsection.24.3.1}{\376\377\000F\000o\000r\000m\000a\000r\000\040\000l\000a\000\040\000c\000o\000n\000v\000i\000c\000c\000i\000\363\000n\000\040\000d\000e\000l\000\040\000j\000u\000e\000z}{section.24.3}% 284
\BOOKMARK [2][-]{subsection.24.3.2}{\376\377\000B\000a\000s\000e\000\040\000p\000a\000r\000a\000\040\000l\000a\000\040\000e\000x\000p\000r\000e\000s\000i\000\363\000n\000\040\000d\000e\000\040\000a\000g\000r\000a\000v\000i\000o\000s\000\040\000e\000n\000\040\000a\000p\000e\000l\000a\000c\000i\000\363\000n}{section.24.3}% 285
\BOOKMARK [1][-]{section.24.4}{\376\377\000P\000r\000o\000c\000e\000s\000o\000s\000\040\000e\000n\000\040\000l\000o\000s\000\040\000q\000u\000e\000\040\000e\000l\000\040\000a\000l\000e\000g\000a\000t\000o\000\040\000e\000s\000t\000\341\000\040\000e\000x\000c\000l\000u\000i\000d\000o}{chapter.24}% 286
\BOOKMARK [1][-]{section.24.5}{\376\377\000R\000e\000g\000u\000l\000a\000c\000i\000\363\000n\000\040\000l\000e\000g\000a\000l\000:\000\040\000a\000r\000t\000\355\000c\000u\000l\000o\000\040\0004\0008\0002\000\040\000C\000P\000C\000C\000N}{chapter.24}% 287
\BOOKMARK [2][-]{subsection.24.5.1}{\376\377\000P\000r\000o\000c\000e\000d\000i\000m\000i\000e\000n\000t\000o\000\040\000p\000a\000r\000a\000\040\000l\000l\000e\000g\000a\000r\000\040\000a\000\040\000l\000a\000\040\000e\000t\000a\000p\000a\000\040\000d\000e\000\040\000a\000l\000e\000g\000a\000t\000o\000s}{section.24.5}% 288
\BOOKMARK [2][-]{subsection.24.5.2}{\376\377\000P\000l\000a\000z\000o\000s\000:\000\040\000i\000n\000d\000i\000v\000i\000d\000u\000a\000l\000\040\000y\000\040\000c\000o\000m\000\372\000n}{section.24.5}% 289
\BOOKMARK [2][-]{subsection.24.5.3}{\376\377\000C\000o\000n\000s\000e\000c\000u\000e\000n\000c\000i\000a\000\040\000p\000o\000r\000\040\000n\000o\000\040\000d\000e\000v\000o\000l\000v\000e\000r\000\040\000e\000l\000\040\000e\000x\000p\000e\000d\000i\000e\000n\000t\000e\000\040\000e\000n\000\040\000t\000\351\000r\000m\000i\000n\000o}{section.24.5}% 290
\BOOKMARK [2][-]{subsection.24.5.4}{\376\377\000C\000\363\000m\000p\000u\000t\000o\000\040\000d\000e\000l\000\040\000p\000l\000a\000z\000o\000:\000\040\000f\000i\000r\000m\000e\000z\000a\000\040\000d\000e\000\040\000l\000a\000\040\000r\000e\000s\000o\000l\000u\000c\000i\000\363\000n}{section.24.5}% 291
\BOOKMARK [1][-]{section.24.6}{\376\377\000C\000o\000n\000t\000e\000n\000i\000d\000o\000\040\000e\000s\000t\000r\000u\000c\000t\000u\000r\000a\000l\000\040\000d\000e\000l\000\040\000a\000l\000e\000g\000a\000t\000o}{chapter.24}% 292
\BOOKMARK [1][-]{section.24.7}{\376\377\000E\000l\000\040\000a\000l\000e\000g\000a\000t\000o\000\040\000y\000\040\000l\000a\000\040\000i\000m\000p\000l\000e\000m\000e\000n\000t\000a\000c\000i\000\363\000n\000\040\000d\000e\000\040\000l\000a\000\040\000o\000r\000a\000l\000i\000d\000a\000d}{chapter.24}% 293
\BOOKMARK [0][-]{chapter.25}{\376\377\000E\000t\000a\000p\000a\000\040\000c\000o\000n\000c\000l\000u\000s\000i\000o\000n\000a\000l}{part.7}% 294
\BOOKMARK [1][-]{section.25.1}{\376\377\000C\000o\000n\000c\000e\000p\000t\000o}{chapter.25}% 295
\BOOKMARK [1][-]{section.25.2}{\376\377\000V\000\355\000a\000s\000\040\000d\000e\000\040\000a\000c\000c\000e\000s\000o\000\040\000a\000\040\000l\000a\000\040\000e\000t\000a\000p\000a\000\040\000c\000o\000n\000c\000l\000u\000s\000i\000o\000n\000a\000l}{chapter.25}% 296
\BOOKMARK [2][-]{subsection.25.2.1}{\376\377\000V\000\355\000a\000\040\000n\000o\000r\000m\000a\000l\000:\000\040\000l\000u\000e\000g\000o\000\040\000d\000e\000\040\000l\000a\000\040\000e\000t\000a\000p\000a\000\040\000p\000r\000o\000b\000a\000t\000o\000r\000i\000a\000\040\000y\000\040\000l\000o\000s\000\040\000a\000l\000e\000g\000a\000t\000o\000s}{section.25.2}% 297
\BOOKMARK [2][-]{subsection.25.2.2}{\376\377\000C\000u\000e\000s\000t\000i\000\363\000n\000\040\000d\000e\000\040\000p\000u\000r\000o\000\040\000d\000e\000r\000e\000c\000h\000o\000\040\000\050\000a\000r\000t\000.\000\040\0003\0005\0009\000,\000\040\000p\000r\000i\000m\000e\000r\000\040\000p\000\341\000r\000r\000a\000f\000o\000,\000\040\000C\000P\000C\000C\000N\000\051}{section.25.2}% 298
\BOOKMARK [2][-]{subsection.25.2.3}{\376\377\000S\000u\000p\000u\000e\000s\000t\000o\000s\000\040\000e\000n\000\040\000l\000a\000\040\000a\000u\000d\000i\000e\000n\000c\000i\000a\000\040\000p\000r\000e\000l\000i\000m\000i\000n\000a\000r\000\040\000\050\000a\000r\000t\000.\000\040\0003\0006\0000\000\040\000i\000n\000c\000.\000\040\0006\000\040\000y\000\040\000a\000r\000t\000s\000.\000\040\0003\0006\0001\040\023\0003\0006\0002\000\040\000C\000P\000C\000C\000N\000\051}{section.25.2}% 299
\BOOKMARK [1][-]{section.25.3}{\376\377\000E\000l\000\040\000a\000u\000t\000o\000\040\000p\000a\000r\000a\000\040\000s\000e\000n\000t\000e\000n\000c\000i\000a}{chapter.25}% 300
\BOOKMARK [2][-]{subsection.25.3.1}{\376\377\000E\000f\000e\000c\000t\000o\000s\000\040\000d\000e\000l\000\040\000a\000u\000t\000o\000\040\000p\000a\000r\000a\000\040\000s\000e\000n\000t\000e\000n\000c\000i\000a}{section.25.3}% 301
\BOOKMARK [2][-]{subsection.25.3.2}{\376\377\000E\000x\000c\000e\000p\000c\000i\000\363\000n\000:\000\040\000m\000e\000d\000i\000d\000a\000s\000\040\000p\000a\000r\000a\000\040\000m\000e\000j\000o\000r\000\040\000p\000r\000o\000v\000e\000e\000r\000\040\000\050\000a\000r\000t\000.\000\040\0003\0006\000\040\000i\000n\000c\000.\000\040\0004\000\040\000C\000P\000C\000C\000N\000\051}{section.25.3}% 302
\BOOKMARK [2][-]{subsection.25.3.3}{\376\377\000E\000x\000c\000e\000p\000c\000i\000\363\000n\000:\000\040\000c\000a\000m\000b\000i\000o\000\040\000d\000e\000\040\000j\000u\000e\000z}{section.25.3}% 303
\BOOKMARK [1][-]{section.25.4}{\376\377\000P\000l\000a\000z\000o\000s\000\040\000p\000a\000r\000a\000\040\000d\000i\000c\000t\000a\000r\000\040\000s\000e\000n\000t\000e\000n\000c\000i\000a\000\040\000y\000\040\000n\000o\000t\000i\000f\000i\000c\000a\000c\000i\000\363\000n}{chapter.25}% 304
\BOOKMARK [1][-]{section.25.5}{\376\377\000M\000o\000r\000o\000s\000i\000d\000a\000d\000\040\000j\000u\000d\000i\000c\000i\000a\000l\000\040\000\050\000a\000r\000t\000s\000.\000\040\0001\0006\0007\000\040\000y\000\040\0001\0006\0008\000\040\000C\000P\000C\000C\000N\000\051}{chapter.25}% 305
\BOOKMARK [0][-]{chapter.26}{\376\377\000V\000a\000l\000o\000r\000a\000c\000i\000\363\000n\000\040\000d\000e\000\040\000l\000a\000\040\000p\000r\000u\000e\000b\000a}{part.7}% 306
\BOOKMARK [1][-]{section.26.1}{\376\377\000C\000o\000n\000c\000e\000p\000t\000o\000\040\000d\000e\000\040\000v\000a\000l\000o\000r\000a\000c\000i\000\363\000n\000\040\000d\000e\000\040\000l\000a\000\040\000p\000r\000u\000e\000b\000a}{chapter.26}% 307
\BOOKMARK [1][-]{section.26.2}{\376\377\000S\000i\000s\000t\000e\000m\000a\000s\000\040\000d\000e\000\040\000a\000p\000r\000e\000c\000i\000a\000c\000i\000\363\000n\000\040\000d\000e\000\040\000l\000a\000\040\000p\000r\000u\000e\000b\000a\000\040\000\050\000s\000e\000g\000\372\000n\000\040\000F\000a\000l\000c\000\363\000n\000\051}{chapter.26}% 308
\BOOKMARK [2][-]{subsection.26.2.1}{\376\377\000S\000i\000s\000t\000e\000m\000a\000\040\000d\000e\000\040\000a\000p\000r\000e\000c\000i\000a\000c\000i\000\363\000n\000\040\000p\000r\000o\000h\000i\000b\000i\000d\000a\000\040\000o\000\040\000e\000x\000c\000l\000u\000i\000d\000a}{section.26.2}% 309
\BOOKMARK [2][-]{subsection.26.2.2}{\376\377\000S\000i\000s\000t\000e\000m\000a\000\040\000d\000e\000\040\000l\000a\000\040\000p\000r\000u\000e\000b\000a\000\040\000t\000a\000s\000a\000d\000a\000\040\000o\000\040\000p\000r\000u\000e\000b\000a\000\040\000l\000e\000g\000a\000l}{section.26.2}% 310
\BOOKMARK [2][-]{subsection.26.2.3}{\376\377\000S\000i\000s\000t\000e\000m\000a\000\040\000d\000e\000\040\000a\000p\000r\000e\000c\000i\000a\000c\000i\000\363\000n\000\040\000n\000o\000\040\000t\000a\000s\000a\000d\000a\000\040\000o\000\040\000l\000i\000b\000r\000e\000\040\000c\000o\000n\000v\000i\000c\000c\000i\000\363\000n}{section.26.2}% 311
\BOOKMARK [2][-]{subsection.26.2.4}{\376\377\000S\000i\000s\000t\000e\000m\000a\000\040\000d\000e\000\040\000a\000p\000r\000e\000c\000i\000a\000c\000i\000\363\000n\000\040\000c\000o\000n\000j\000u\000n\000t\000a}{section.26.2}% 312
\BOOKMARK [1][-]{section.26.3}{\376\377\000L\000a\000\040\000s\000a\000n\000a\000\040\000c\000r\000\355\000t\000i\000c\000a\000:\000\040\000e\000l\000\040\000s\000i\000s\000t\000e\000m\000a\000\040\000d\000e\000l\000\040\000C\000\363\000d\000i\000g\000o\000\040\000\050\000a\000r\000t\000.\000\040\0003\0008\0006\000\040\000C\000P\000C\000C\000N\000\051}{chapter.26}% 313
\BOOKMARK [1][-]{section.26.4}{\376\377\000L\000a\000s\000\040\000r\000e\000g\000l\000a\000s\000\040\000d\000e\000\040\000l\000a\000\040\000s\000a\000n\000a\000\040\000c\000r\000\355\000t\000i\000c\000a\000\040\000s\000e\000g\000\372\000n\000\040\000F\000a\000l\000c\000\363\000n}{chapter.26}% 314
\BOOKMARK [1][-]{section.26.5}{\376\377\000E\000j\000e\000m\000p\000l\000o\000s\000\040\000d\000e\000\040\000s\000e\000n\000t\000e\000n\000c\000i\000a\000s\000\040\000r\000e\000a\000l\000e\000s\000\040\000\050\000a\000c\000c\000i\000d\000e\000n\000t\000e\000s\000\040\000d\000e\000\040\000t\000r\000\341\000n\000s\000i\000t\000o\000\051}{chapter.26}% 315
\BOOKMARK [2][-]{subsection.26.5.1}{\376\377\000E\000j\000e\000m\000p\000l\000o\000\040\0001\000:\000\040\000s\000e\000n\000t\000e\000n\000c\000i\000a\000\040\000c\000o\000n\000\040\000v\000a\000l\000o\000r\000a\000c\000i\000\363\000n\000\040\000d\000e\000\040\000t\000e\000s\000t\000i\000g\000o\000s\000\040\000p\000r\000e\000s\000e\000n\000c\000i\000a\000l\000e\000s}{section.26.5}% 316
\BOOKMARK [2][-]{subsection.26.5.2}{\376\377\000E\000j\000e\000m\000p\000l\000o\000\040\0002\000:\000\040\000s\000e\000n\000t\000e\000n\000c\000i\000a\000\040\000c\000o\000n\000\040\000i\000m\000p\000u\000g\000n\000a\000c\000i\000\363\000n\000\040\000d\000e\000\040\000t\000e\000s\000t\000i\000g\000o\000\040\000\050\000c\000o\000n\000c\000u\000b\000i\000n\000a\000\040\000d\000e\000l\000\040\000d\000e\000m\000a\000n\000d\000a\000d\000o\000\051}{section.26.5}% 317
\BOOKMARK [-1][-]{part.8}{\376\377\000V\000I\000I\000I\000\040\000L\000a\000\040\000t\000e\000r\000m\000i\000n\000a\000c\000i\000\363\000n\000\040\000d\000e\000l\000\040\000p\000r\000o\000c\000e\000s\000o\000\040\000y\000\040\000l\000a\000\040\000s\000e\000n\000t\000e\000n\000c\000i\000a}{}% 318
\BOOKMARK [0][-]{chapter.27}{\376\377\000M\000o\000d\000o\000s\000\040\000a\000n\000o\000r\000m\000a\000l\000e\000s\000\040\000d\000e\000\040\000t\000e\000r\000m\000i\000n\000a\000c\000i\000\363\000n}{part.8}% 319
\BOOKMARK [1][-]{section.27.1}{\376\377\000E\000n\000c\000u\000a\000d\000r\000e\000:\000\040\000m\000o\000d\000o\000\040\000n\000o\000r\000m\000a\000l\000\040\000y\000\040\000m\000o\000d\000o\000s\000\040\000a\000n\000o\000r\000m\000a\000l\000e\000s\000\040\000d\000e\000\040\000t\000e\000r\000m\000i\000n\000a\000c\000i\000\363\000n}{chapter.27}% 320
\BOOKMARK [1][-]{section.27.2}{\376\377\000E\000l\000\040\000d\000e\000s\000i\000s\000t\000i\000m\000i\000e\000n\000t\000o\000\040\000\050\000a\000r\000t\000.\000\040\0003\0000\0004\000\040\000y\000\040\000s\000s\000.\000,\000\040\000C\000P\000C\000C\000N\000\051}{chapter.27}% 321
\BOOKMARK [2][-]{subsection.27.2.1}{\376\377\000\277\000Q\000u\000i\000\351\000n\000\040\000p\000u\000e\000d\000e\000\040\000d\000e\000s\000i\000s\000t\000i\000r\000?}{section.27.2}% 322
\BOOKMARK [2][-]{subsection.27.2.2}{\376\377\000T\000i\000p\000o\000s\000\040\000d\000e\000\040\000d\000e\000s\000i\000s\000t\000i\000m\000i\000e\000n\000t\000o\000:\000\040\000d\000e\000l\000\040\000p\000r\000o\000c\000e\000s\000o\000\040\000y\000\040\000d\000e\000l\000\040\000d\000e\000r\000e\000c\000h\000o}{section.27.2}% 323
\BOOKMARK [2][-]{subsection.27.2.3}{\376\377\000L\000e\000g\000i\000t\000i\000m\000a\000c\000i\000\363\000n\000\040\000p\000a\000r\000a\000\040\000d\000e\000s\000i\000s\000t\000i\000r}{section.27.2}% 324
\BOOKMARK [2][-]{subsection.27.2.4}{\376\377\000O\000p\000o\000r\000t\000u\000n\000i\000d\000a\000d\000\040\000p\000a\000r\000a\000\040\000d\000e\000s\000i\000s\000t\000i\000r}{section.27.2}% 325
\BOOKMARK [1][-]{section.27.3}{\376\377\000E\000l\000\040\000a\000l\000l\000a\000n\000a\000m\000i\000e\000n\000t\000o\000\040\000\050\000a\000r\000t\000.\000\040\0003\0000\0007\000,\000\040\000C\000P\000C\000C\000N\000\051}{chapter.27}% 326
\BOOKMARK [2][-]{subsection.27.3.1}{\376\377\000N\000a\000t\000u\000r\000a\000l\000e\000z\000a\000:\000\040\000\277\000r\000e\000c\000o\000n\000o\000c\000i\000m\000i\000e\000n\000t\000o\000\040\000d\000e\000\040\000l\000o\000s\000\040\000h\000e\000c\000h\000o\000s\000\040\000o\000\040\000d\000e\000l\000\040\000d\000e\000r\000e\000c\000h\000o\000?}{section.27.3}% 327
\BOOKMARK [2][-]{subsection.27.3.2}{\376\377\000C\000a\000r\000a\000c\000t\000e\000r\000\355\000s\000t\000i\000c\000a\000s}{section.27.3}% 328
\BOOKMARK [2][-]{subsection.27.3.3}{\376\377\000M\000o\000d\000a\000l\000i\000d\000a\000d\000e\000s\000:\000\040\000e\000x\000p\000r\000e\000s\000o\000\040\000y\000\040\000t\000\341\000c\000i\000t\000o}{section.27.3}% 329
\BOOKMARK [2][-]{subsection.27.3.4}{\376\377\000A\000l\000l\000a\000n\000a\000m\000i\000e\000n\000t\000o\000\040\000t\000o\000t\000a\000l\000\040\000y\000\040\000p\000a\000r\000c\000i\000a\000l\000:\000\040\000e\000f\000e\000c\000t\000o\000s}{section.27.3}% 330
\BOOKMARK [2][-]{subsection.27.3.5}{\376\377\000L\000a\000\040\000c\000o\000s\000a\000\040\000j\000u\000z\000g\000a\000d\000a\000\040\000e\000n\000\040\000e\000l\000\040\000a\000l\000l\000a\000n\000a\000m\000i\000e\000n\000t\000o}{section.27.3}% 331
\BOOKMARK [1][-]{section.27.4}{\376\377\000L\000a\000\040\000t\000r\000a\000n\000s\000a\000c\000c\000i\000\363\000n\000\040\000\050\000a\000r\000t\000.\000\040\0003\0000\0008\000,\000\040\000C\000P\000C\000C\000N\000;\000\040\000a\000r\000t\000s\000.\000\040\0001\0006\0004\0001\000\040\000y\000\040\000s\000s\000.\000,\000\040\000C\000C\000y\000C\000N\000\051}{chapter.27}% 332
\BOOKMARK [2][-]{subsection.27.4.1}{\376\377\000C\000o\000n\000c\000e\000p\000t\000o\000\040\000y\000\040\000n\000a\000t\000u\000r\000a\000l\000e\000z\000a}{section.27.4}% 333
\BOOKMARK [2][-]{subsection.27.4.2}{\376\377\000R\000e\000q\000u\000i\000s\000i\000t\000o\000s\000\040\000f\000o\000r\000m\000a\000l\000e\000s}{section.27.4}% 334
\BOOKMARK [2][-]{subsection.27.4.3}{\376\377\000M\000a\000t\000e\000r\000i\000a\000s\000\040\000e\000x\000c\000l\000u\000i\000d\000a\000s\000\040\000d\000e\000\040\000l\000a\000\040\000t\000r\000a\000n\000s\000a\000c\000c\000i\000\363\000n}{section.27.4}% 335
\BOOKMARK [1][-]{section.27.5}{\376\377\000L\000a\000\040\000c\000o\000n\000c\000i\000l\000i\000a\000c\000i\000\363\000n\000\040\000\050\000a\000r\000t\000.\000\040\0003\0000\0009\000,\000\040\000C\000P\000C\000C\000N\000\051}{chapter.27}% 336
\BOOKMARK [2][-]{subsection.27.5.1}{\376\377\000C\000o\000n\000c\000e\000p\000t\000o}{section.27.5}% 337
\BOOKMARK [2][-]{subsection.27.5.2}{\376\377\000E\000f\000e\000c\000t\000o\000\040\000d\000e\000\040\000c\000o\000s\000a\000\040\000j\000u\000z\000g\000a\000d\000a}{section.27.5}% 338
\BOOKMARK [2][-]{subsection.27.5.3}{\376\377\000C\000o\000n\000c\000i\000l\000i\000a\000c\000i\000\363\000n\000\040\000y\000\040\000t\000r\000a\000n\000s\000a\000c\000c\000i\000\363\000n\000:\000\040\000d\000i\000f\000e\000r\000e\000n\000c\000i\000a\000s\000\040\000e\000s\000e\000n\000c\000i\000a\000l\000e\000s}{section.27.5}% 339
\BOOKMARK [0][-]{chapter.28}{\376\377\000L\000a\000\040\000c\000a\000d\000u\000c\000i\000d\000a\000d\000\040\000d\000e\000\040\000l\000a\000\040\000i\000n\000s\000t\000a\000n\000c\000i\000a}{part.8}% 340
\BOOKMARK [1][-]{section.28.1}{\376\377\000M\000a\000r\000c\000o\000\040\000n\000o\000r\000m\000a\000t\000i\000v\000o\000\040\000y\000\040\000c\000o\000n\000c\000e\000p\000t\000o}{chapter.28}% 341
\BOOKMARK [2][-]{subsection.28.1.1}{\376\377\000N\000o\000t\000a\000\040\000e\000s\000e\000n\000c\000i\000a\000l\000:\000\040\000l\000a\000\040\000i\000n\000a\000c\000t\000i\000v\000i\000d\000a\000d\000\040\000p\000r\000o\000c\000e\000s\000a\000l}{section.28.1}% 342
\BOOKMARK [2][-]{subsection.28.1.2}{\376\377\000\301\000m\000b\000i\000t\000o\000\040\000d\000e\000\040\000a\000p\000l\000i\000c\000a\000c\000i\000\363\000n\000:\000\040\000p\000r\000o\000c\000e\000s\000o\000s\000\040\000d\000i\000s\000p\000o\000s\000i\000t\000i\000v\000o\000s}{section.28.1}% 343
\BOOKMARK [2][-]{subsection.28.1.3}{\376\377\000F\000u\000n\000d\000a\000m\000e\000n\000t\000o\000\040\000d\000e\000l\000\040\000i\000n\000s\000t\000i\000t\000u\000t\000o}{section.28.1}% 344
\BOOKMARK [2][-]{subsection.28.1.4}{\376\377\000D\000i\000s\000t\000i\000n\000c\000i\000\363\000n\000\040\000c\000o\000n\000\040\000l\000a\000\040\000p\000r\000e\000s\000c\000r\000i\000p\000c\000i\000\363\000n\000\040\000d\000e\000\040\000l\000a\000\040\000a\000c\000c\000i\000\363\000n}{section.28.1}% 345
\BOOKMARK [1][-]{section.28.2}{\376\377\000P\000l\000a\000z\000o\000s\000\040\000d\000e\000\040\000c\000a\000d\000u\000c\000i\000d\000a\000d\000\040\000\050\000a\000r\000t\000.\000\040\0003\0001\0000\000,\000\040\000C\000P\000C\000C\000N\000\051}{chapter.28}% 346
\BOOKMARK [1][-]{section.28.3}{\376\377\000C\000\363\000m\000p\000u\000t\000o\000\040\000d\000e\000l\000\040\000p\000l\000a\000z\000o\000\040\000\050\000a\000r\000t\000.\000\040\0003\0001\0001\000,\000\040\000C\000P\000C\000C\000N\000\051}{chapter.28}% 347
\BOOKMARK [1][-]{section.28.4}{\376\377\000L\000i\000t\000i\000s\000c\000o\000n\000s\000o\000r\000c\000i\000o\000\040\000\050\000a\000r\000t\000.\000\040\0003\0001\0002\000,\000\040\000C\000P\000C\000C\000N\000\051}{chapter.28}% 348
\BOOKMARK [1][-]{section.28.5}{\376\377\000S\000u\000p\000u\000e\000s\000t\000o\000s\000\040\000d\000e\000\040\000i\000m\000p\000r\000o\000c\000e\000d\000e\000n\000c\000i\000a\000\040\000\050\000a\000r\000t\000.\000\040\0003\0001\0003\000,\000\040\000C\000P\000C\000C\000N\000\051}{chapter.28}% 349
\BOOKMARK [1][-]{section.28.6}{\376\377\000L\000e\000g\000i\000t\000i\000m\000a\000c\000i\000\363\000n\000\040\000y\000\040\000m\000o\000d\000o\000\040\000d\000e\000\040\000o\000p\000e\000r\000a\000r\000s\000e\000\040\000\050\000a\000r\000t\000s\000.\000\040\0003\0001\0004\000\040\000a\000\040\0003\0001\0006\000,\000\040\000C\000P\000C\000C\000N\000\051}{chapter.28}% 350
\BOOKMARK [1][-]{section.28.7}{\376\377\000E\000f\000e\000c\000t\000o\000s\000\040\000d\000e\000\040\000l\000a\000\040\000c\000a\000d\000u\000c\000i\000d\000a\000d\000\040\000\050\000a\000r\000t\000.\000\040\0003\0001\0008\000,\000\040\000C\000P\000C\000C\000N\000\051}{chapter.28}% 351
\BOOKMARK [2][-]{subsection.28.7.1}{\376\377\000C\000a\000d\000u\000c\000i\000d\000a\000d\000\040\000e\000n\000\040\000p\000r\000i\000m\000e\000r\000a\000\040\000o\000\040\000\372\000n\000i\000c\000a\000\040\000i\000n\000s\000t\000a\000n\000c\000i\000a}{section.28.7}% 352
\BOOKMARK [2][-]{subsection.28.7.2}{\376\377\000C\000a\000d\000u\000c\000i\000d\000a\000d\000\040\000e\000n\000\040\000i\000n\000s\000t\000a\000n\000c\000i\000a\000s\000\040\000u\000l\000t\000e\000r\000i\000o\000r\000e\000s}{section.28.7}% 353
\BOOKMARK [2][-]{subsection.28.7.3}{\376\377\000I\000n\000s\000t\000a\000n\000c\000i\000a\000\040\000p\000r\000i\000n\000c\000i\000p\000a\000l\000,\000\040\000r\000e\000c\000o\000n\000v\000e\000n\000c\000i\000\363\000n\000\040\000e\000\040\000i\000n\000c\000i\000d\000e\000n\000t\000e\000s}{section.28.7}% 354
\BOOKMARK [0][-]{chapter.29}{\376\377\000R\000e\000s\000o\000l\000u\000c\000i\000o\000n\000e\000s\000\040\000j\000u\000d\000i\000c\000i\000a\000l\000e\000s}{part.8}% 355
\BOOKMARK [1][-]{section.29.1}{\376\377\000C\000o\000n\000c\000e\000p\000t\000o\000\040\000y\000\040\000c\000l\000a\000s\000i\000f\000i\000c\000a\000c\000i\000\363\000n\000\040\000d\000e\000\040\000l\000a\000s\000\040\000r\000e\000s\000o\000l\000u\000c\000i\000o\000n\000e\000s\000\040\000j\000u\000d\000i\000c\000i\000a\000l\000e\000s}{chapter.29}% 356
\BOOKMARK [1][-]{section.29.2}{\376\377\000P\000r\000o\000v\000i\000d\000e\000n\000c\000i\000a\000s\000\040\000s\000i\000m\000p\000l\000e\000s}{chapter.29}% 357
\BOOKMARK [1][-]{section.29.3}{\376\377\000R\000e\000s\000o\000l\000u\000c\000i\000o\000n\000e\000s\000\040\000i\000n\000t\000e\000r\000l\000o\000c\000u\000t\000o\000r\000i\000a\000s}{chapter.29}% 358
\BOOKMARK [1][-]{section.29.4}{\376\377\000S\000e\000n\000t\000e\000n\000c\000i\000a\000s\000\040\000h\000o\000m\000o\000l\000o\000g\000a\000t\000o\000r\000i\000a\000s}{chapter.29}% 359
\BOOKMARK [1][-]{section.29.5}{\376\377\000S\000e\000n\000t\000e\000n\000c\000i\000a\000\040\000d\000e\000f\000i\000n\000i\000t\000i\000v\000a\000\040\000d\000e\000\040\000p\000r\000i\000m\000e\000r\000a\000\040\000i\000n\000s\000t\000a\000n\000c\000i\000a}{chapter.29}% 360
\BOOKMARK [2][-]{subsection.29.5.1}{\376\377\000E\000s\000t\000r\000u\000c\000t\000u\000r\000a\000\040\000f\000o\000r\000m\000a\000l}{section.29.5}% 361
\BOOKMARK [2][-]{subsection.29.5.2}{\376\377\000C\000o\000n\000t\000e\000n\000i\000d\000o\000\040\000d\000e\000l\000\040\000a\000r\000t\000\355\000c\000u\000l\000o\000\040\0001\0006\0003\000\040\000d\000e\000l\000\040\000C\000P\000C\000C}{section.29.5}% 362
\BOOKMARK [2][-]{subsection.29.5.3}{\376\377\000E\000l\000\040\000d\000e\000b\000e\000r\000\040\000d\000e\000\040\000m\000o\000t\000i\000v\000a\000c\000i\000\363\000n}{section.29.5}% 363
\BOOKMARK [2][-]{subsection.29.5.4}{\376\377\000P\000r\000e\000s\000u\000n\000c\000i\000o\000n\000e\000s\000\040\000e\000\040\000i\000n\000d\000i\000c\000i\000a\000r\000i\000a}{section.29.5}% 364
\BOOKMARK [2][-]{subsection.29.5.5}{\376\377\000L\000a\000\040\000c\000o\000n\000g\000r\000u\000e\000n\000c\000i\000a\000\040\000y\000\040\000l\000o\000s\000\040\000h\000e\000c\000h\000o\000s\000\040\000s\000o\000b\000r\000e\000v\000i\000n\000i\000e\000n\000t\000e\000s}{section.29.5}% 365
\BOOKMARK [2][-]{subsection.29.5.6}{\376\377\000L\000a\000s\000\040\000c\000o\000s\000t\000a\000s}{section.29.5}% 366
\BOOKMARK [0][-]{chapter.30}{\376\377\000S\000e\000g\000u\000n\000d\000a\000\040\000i\000n\000s\000t\000a\000n\000c\000i\000a\000\040\000y\000\040\000a\000c\000t\000u\000a\000c\000i\000\363\000n\000\040\000p\000o\000s\000t\000e\000r\000i\000o\000r}{part.8}% 367
\BOOKMARK [1][-]{section.30.1}{\376\377\000S\000e\000n\000t\000e\000n\000c\000i\000a\000\040\000d\000e\000f\000i\000n\000i\000t\000i\000v\000a\000\040\000d\000e\000\040\000s\000e\000g\000u\000n\000d\000a\000\040\000i\000n\000s\000t\000a\000n\000c\000i\000a}{chapter.30}% 368
\BOOKMARK [1][-]{section.30.2}{\376\377\000A\000c\000t\000u\000a\000c\000i\000\363\000n\000\040\000d\000e\000l\000\040\000j\000u\000e\000z\000\040\000c\000o\000n\000\040\000p\000o\000s\000t\000e\000r\000i\000o\000r\000i\000d\000a\000d\000\040\000a\000\040\000l\000a\000\040\000s\000e\000n\000t\000e\000n\000c\000i\000a}{chapter.30}% 369
\BOOKMARK [1][-]{section.30.3}{\376\377\000E\000l\000\040\000r\000e\000c\000u\000r\000s\000o\000\040\000d\000e\000\040\000a\000c\000l\000a\000r\000a\000t\000o\000r\000i\000a}{chapter.30}% 370
\BOOKMARK [0][-]{chapter.31}{\376\377\000C\000o\000s\000a\000\040\000j\000u\000z\000g\000a\000d\000a}{part.8}% 371
\BOOKMARK [1][-]{section.31.1}{\376\377\000C\000o\000n\000c\000e\000p\000t\000o\000\040\000e\000\040\000i\000n\000m\000u\000t\000a\000b\000i\000l\000i\000d\000a\000d}{chapter.31}% 372
\BOOKMARK [1][-]{section.31.2}{\376\377\000C\000o\000s\000a\000\040\000j\000u\000z\000g\000a\000d\000a\000\040\000f\000o\000r\000m\000a\000l\000\040\000y\000\040\000c\000o\000s\000a\000\040\000j\000u\000z\000g\000a\000d\000a\000\040\000m\000a\000t\000e\000r\000i\000a\000l}{chapter.31}% 373
\BOOKMARK [1][-]{section.31.3}{\376\377\000L\000\355\000m\000i\000t\000e\000s\000\040\000s\000u\000b\000j\000e\000t\000i\000v\000o\000s\000\040\000d\000e\000\040\000l\000a\000\040\000c\000o\000s\000a\000\040\000j\000u\000z\000g\000a\000d\000a}{chapter.31}% 374
\BOOKMARK [1][-]{section.31.4}{\376\377\000L\000\355\000m\000i\000t\000e\000s\000\040\000o\000b\000j\000e\000t\000i\000v\000o\000s\000\040\000d\000e\000\040\000l\000a\000\040\000c\000o\000s\000a\000\040\000j\000u\000z\000g\000a\000d\000a}{chapter.31}% 375
\BOOKMARK [0][-]{chapter.32}{\376\377\000S\000e\000n\000t\000e\000n\000c\000i\000a\000\040\000c\000i\000v\000i\000l\000\040\000y\000\040\000s\000e\000n\000t\000e\000n\000c\000i\000a\000\040\000p\000e\000n\000a\000l}{part.8}% 376
\BOOKMARK [1][-]{section.32.1}{\376\377\000P\000r\000e\000l\000a\000c\000i\000\363\000n\000\040\000d\000e\000\040\000l\000a\000\040\000a\000c\000c\000i\000\363\000n\000\040\000p\000e\000n\000a\000l\000\040\000s\000o\000b\000r\000e\000\040\000l\000a\000\040\000c\000i\000v\000i\000l}{chapter.32}% 377
\BOOKMARK [1][-]{section.32.2}{\376\377\000I\000n\000f\000l\000u\000e\000n\000c\000i\000a\000\040\000d\000e\000\040\000l\000a\000\040\000s\000e\000n\000t\000e\000n\000c\000i\000a\000\040\000p\000e\000n\000a\000l\000\040\000s\000o\000b\000r\000e\000\040\000l\000a\000\040\000c\000i\000v\000i\000l}{chapter.32}% 378
\BOOKMARK [1][-]{section.32.3}{\376\377\000S\000e\000n\000t\000e\000n\000c\000i\000a\000\040\000p\000e\000n\000a\000l\000\040\000p\000o\000s\000t\000e\000r\000i\000o\000r\000\040\000a\000\040\000l\000a\000\040\000c\000i\000v\000i\000l}{chapter.32}% 379
\BOOKMARK [1][-]{section.32.4}{\376\377\000S\000\355\000n\000t\000e\000s\000i\000s\000\040\000d\000e\000\040\000l\000a\000\040\000s\000e\000n\000t\000e\000n\000c\000i\000a\000,\000\040\000l\000a\000\040\000c\000o\000s\000a\000\040\000j\000u\000z\000g\000a\000d\000a\000\040\000y\000\040\000s\000u\000\040\000c\000o\000o\000r\000d\000i\000n\000a\000c\000i\000\363\000n\000\040\000c\000o\000n\000\040\000e\000l\000\040\000p\000r\000o\000c\000e\000s\000o\000\040\000p\000e\000n\000a\000l}{chapter.32}% 380
\BOOKMARK [-1][-]{part.9}{\376\377\000I\000X\000\040\000I\000m\000p\000u\000g\000n\000a\000c\000i\000\363\000n\000\040\000y\000\040\000r\000e\000c\000u\000r\000s\000o\000s}{}% 381
\BOOKMARK [0][-]{chapter.33}{\376\377\000T\000e\000o\000r\000\355\000a\000\040\000g\000e\000n\000e\000r\000a\000l\000\040\000d\000e\000\040\000l\000a\000\040\000i\000m\000p\000u\000g\000n\000a\000c\000i\000\363\000n}{part.9}% 382
\BOOKMARK [1][-]{section.33.1}{\376\377\000U\000b\000i\000c\000a\000c\000i\000\363\000n\000\040\000d\000e\000l\000\040\000t\000e\000m\000a\000\040\000y\000\040\000r\000e\000l\000a\000c\000i\000\363\000n\000\040\000e\000n\000t\000r\000e\000\040\000i\000m\000p\000u\000g\000n\000a\000c\000i\000\363\000n\000\040\000y\000\040\000r\000e\000c\000u\000r\000s\000o}{chapter.33}% 383
\BOOKMARK [1][-]{section.33.2}{\376\377\000E\000t\000i\000m\000o\000l\000o\000g\000\355\000a\000\040\000d\000e\000\040\000l\000a\000\040\000p\000a\000l\000a\000b\000r\000a\000\040\000\253\000i\000m\000p\000u\000g\000n\000a\000c\000i\000\363\000n\000\273}{chapter.33}% 384
\BOOKMARK [1][-]{section.33.3}{\376\377\000F\000u\000n\000d\000a\000m\000e\000n\000t\000o\000\040\000d\000e\000\040\000l\000a\000\040\000i\000m\000p\000u\000g\000n\000a\000c\000i\000\363\000n\000:\000\040\000e\000l\000\040\000e\000r\000r\000o\000r\000\040\000h\000u\000m\000a\000n\000o}{chapter.33}% 385
\BOOKMARK [1][-]{section.33.4}{\376\377\000D\000e\000f\000i\000n\000i\000c\000i\000\363\000n\000\040\000d\000e\000\040\000a\000c\000t\000o\000s\000\040\000p\000r\000o\000c\000e\000s\000a\000l\000e\000s\000\040\000d\000e\000\040\000i\000m\000p\000u\000g\000n\000a\000c\000i\000\363\000n}{chapter.33}% 386
\BOOKMARK [1][-]{section.33.5}{\376\377\000C\000l\000a\000s\000i\000f\000i\000c\000a\000c\000i\000o\000n\000e\000s\000\040\000d\000e\000\040\000l\000o\000s\000\040\000a\000c\000t\000o\000s\000\040\000d\000e\000\040\000i\000m\000p\000u\000g\000n\000a\000c\000i\000\363\000n\000\040\000y\000\040\000d\000e\000\040\000l\000o\000s\000\040\000r\000e\000c\000u\000r\000s\000o\000s}{chapter.33}% 387
\BOOKMARK [2][-]{subsection.33.5.1}{\376\377\000P\000r\000i\000m\000e\000r\000a\000\040\000c\000l\000a\000s\000i\000f\000i\000c\000a\000c\000i\000\363\000n\000:\000\040\000i\000n\000c\000i\000d\000e\000n\000t\000e\000\040\000d\000e\000\040\000n\000u\000l\000i\000d\000a\000d\000,\000\040\000r\000e\000c\000u\000r\000s\000o\000s\000\040\000y\000\040\000o\000t\000r\000o\000s\000\040\000m\000e\000d\000i\000o\000s}{section.33.5}% 388
\BOOKMARK [2][-]{subsection.33.5.2}{\376\377\000O\000t\000r\000o\000s\000\040\000a\000c\000t\000o\000s\000\040\000d\000e\000\040\000i\000m\000p\000u\000g\000n\000a\000c\000i\000\363\000n\000\040\000\050\000m\000e\000n\000o\000s\000\040\000f\000r\000e\000c\000u\000e\000n\000t\000e\000s\000\051}{section.33.5}% 389
\BOOKMARK [2][-]{subsection.33.5.3}{\376\377\000S\000e\000g\000u\000n\000d\000a\000\040\000c\000l\000a\000s\000i\000f\000i\000c\000a\000c\000i\000\363\000n\000:\000\040\000r\000e\000m\000e\000d\000i\000o\000s\000\040\000y\000\040\000r\000e\000c\000u\000r\000s\000o\000s}{section.33.5}% 390
\BOOKMARK [2][-]{subsection.33.5.4}{\376\377\000C\000l\000a\000s\000i\000f\000i\000c\000a\000c\000i\000\363\000n\000\040\000g\000e\000n\000e\000r\000a\000l\000\040\000d\000e\000\040\000l\000o\000s\000\040\000r\000e\000c\000u\000r\000s\000o\000s}{section.33.5}% 391
\BOOKMARK [0][-]{chapter.34}{\376\377\000R\000e\000q\000u\000i\000s\000i\000t\000o\000s\000\040\000c\000o\000m\000u\000n\000e\000s\000\040\000y\000\040\000r\000e\000c\000u\000r\000s\000o\000\040\000i\000n\000d\000i\000f\000e\000r\000e\000n\000t\000e}{part.9}% 392
\BOOKMARK [1][-]{section.34.1}{\376\377\000L\000e\000g\000i\000t\000i\000m\000a\000c\000i\000\363\000n}{chapter.34}% 393
\BOOKMARK [1][-]{section.34.2}{\376\377\000E\000l\000\040\000a\000g\000r\000a\000v\000i\000o\000,\000\040\000g\000r\000a\000v\000a\000m\000e\000n\000\040\000o\000\040\000p\000e\000r\000j\000u\000i\000c\000i\000o}{chapter.34}% 394
\BOOKMARK [1][-]{section.34.3}{\376\377\000E\000l\000\040\000p\000l\000a\000z\000o\000\040\000p\000e\000r\000e\000n\000t\000o\000r\000i\000o}{chapter.34}% 395
\BOOKMARK [1][-]{section.34.4}{\376\377\000A\000d\000m\000i\000s\000i\000b\000i\000l\000i\000d\000a\000d\000\040\000y\000\040\000f\000u\000n\000d\000a\000b\000i\000l\000i\000d\000a\000d}{chapter.34}% 396
\BOOKMARK [2][-]{subsection.34.4.1}{\376\377\000A\000d\000m\000i\000s\000i\000b\000i\000l\000i\000d\000a\000d}{section.34.4}% 397
\BOOKMARK [2][-]{subsection.34.4.2}{\376\377\000F\000u\000n\000d\000a\000b\000i\000l\000i\000d\000a\000d}{section.34.4}% 398
\BOOKMARK [1][-]{section.34.5}{\376\377\000E\000l\000\040\000r\000e\000c\000u\000r\000s\000o\000\040\000i\000n\000d\000i\000f\000e\000r\000e\000n\000t\000e}{chapter.34}% 399
\BOOKMARK [2][-]{subsection.34.5.1}{\376\377\000C\000a\000s\000o\000s\000\040\000Y\000P\000F\000\040\000y\000\040\000T\000e\000j\000i\000d\000a\000\040\000\050\000C\000S\000J\000N\000\051}{section.34.5}% 400
\BOOKMARK [0][-]{chapter.35}{\376\377\000D\000o\000b\000l\000e\000\040\000i\000n\000s\000t\000a\000n\000c\000i\000a\000\040\000y\000\040\000l\000\355\000m\000i\000t\000e\000s\000\040\000d\000e\000l\000\040\000t\000r\000i\000b\000u\000n\000a\000l\000\040\000d\000e\000\040\000a\000l\000z\000a\000d\000a}{part.9}% 401
\BOOKMARK [1][-]{section.35.1}{\376\377\000L\000a\000\040\000g\000a\000r\000a\000n\000t\000\355\000a\000\040\000d\000e\000\040\000l\000a\000\040\000d\000o\000b\000l\000e\000\040\000i\000n\000s\000t\000a\000n\000c\000i\000a}{chapter.35}% 402
\BOOKMARK [2][-]{subsection.35.1.1}{\376\377\000P\000e\000r\000s\000p\000e\000c\000t\000i\000v\000a\000\040\000h\000i\000s\000t\000\363\000r\000i\000c\000a}{section.35.1}% 403
\BOOKMARK [2][-]{subsection.35.1.2}{\376\377\000L\000a\000\040\000C\000o\000n\000s\000t\000i\000t\000u\000c\000i\000\363\000n\000\040\000N\000a\000c\000i\000o\000n\000a\000l\000\040\000d\000e\000\040\0001\0008\0005\0003\000:\000\040\000a\000u\000s\000e\000n\000c\000i\000a\000\040\000d\000e\000\040\000g\000a\000r\000a\000n\000t\000\355\000a\000\040\000e\000x\000p\000r\000e\000s\000a}{section.35.1}% 404
\BOOKMARK [2][-]{subsection.35.1.3}{\376\377\000E\000l\000\040\000P\000a\000c\000t\000o\000\040\000d\000e\000\040\000S\000a\000n\000\040\000J\000o\000s\000\351\000\040\000d\000e\000\040\000C\000o\000s\000t\000a\000\040\000R\000i\000c\000a\000\040\000y\000\040\000l\000a\000\040\000r\000e\000f\000o\000r\000m\000a\000\040\000d\000e\000\040\0001\0009\0009\0004}{section.35.1}% 405
\BOOKMARK [2][-]{subsection.35.1.4}{\376\377\000E\000l\000\040\000c\000a\000s\000o\000\040\000G\000i\000r\000o\000l\000d\000i\000\040\000\050\000C\000S\000J\000N\000\051}{section.35.1}% 406
\BOOKMARK [2][-]{subsection.35.1.5}{\376\377\000M\000a\000t\000e\000r\000i\000a\000\040\000n\000o\000\040\000p\000e\000n\000a\000l\000:\000\040\000a\000u\000s\000e\000n\000c\000i\000a\000\040\000d\000e\000\040\000g\000a\000r\000a\000n\000t\000\355\000a\000\040\000c\000o\000n\000s\000t\000i\000t\000u\000c\000i\000o\000n\000a\000l}{section.35.1}% 407
\BOOKMARK [1][-]{section.35.2}{\376\377\000L\000\355\000m\000i\000t\000e\000s\000\040\000d\000e\000l\000\040\000c\000o\000n\000o\000c\000i\000m\000i\000e\000n\000t\000o\000\040\000d\000e\000l\000\040\000t\000r\000i\000b\000u\000n\000a\000l\000\040\000d\000e\000\040\000a\000l\000z\000a\000d\000a}{chapter.35}% 408
\BOOKMARK [2][-]{subsection.35.2.1}{\376\377\000P\000r\000i\000m\000e\000r\000\040\000l\000\355\000m\000i\000t\000e\000:\000\040\000l\000o\000s\000\040\000e\000s\000c\000r\000i\000t\000o\000s\000\040\000c\000o\000n\000s\000t\000i\000t\000u\000t\000i\000v\000o\000s\000\040\000d\000e\000l\000\040\000p\000r\000o\000c\000e\000s\000o}{section.35.2}% 409
\BOOKMARK [2][-]{subsection.35.2.2}{\376\377\000S\000e\000g\000u\000n\000d\000o\000\040\000l\000\355\000m\000i\000t\000e\000:\000\040\000l\000o\000s\000\040\000a\000g\000r\000a\000v\000i\000o\000s\000\040\000e\000x\000p\000r\000e\000s\000a\000d\000o\000s\000\040\000y\000\040\000s\000u\000s\000\040\000c\000o\000n\000t\000e\000s\000t\000a\000c\000i\000o\000n\000e\000s}{section.35.2}% 410
\BOOKMARK [1][-]{section.35.3}{\376\377\000E\000l\000\040\000p\000r\000i\000n\000c\000i\000p\000i\000o\000\040\000d\000e\000\040\000r\000e\000f\000o\000r\000m\000a\000t\000i\000o\000\040\000i\000n\000\040\000p\000e\000i\000u\000s}{chapter.35}% 411
\BOOKMARK [0][-]{chapter.36}{\376\377\000A\000c\000l\000a\000r\000a\000t\000o\000r\000i\000a\000\040\000y\000\040\000r\000e\000p\000o\000s\000i\000c\000i\000\363\000n}{part.9}% 412
\BOOKMARK [1][-]{section.36.1}{\376\377\000E\000l\000\040\000r\000e\000c\000u\000r\000s\000o\000\040\000d\000e\000\040\000a\000c\000l\000a\000r\000a\000t\000o\000r\000i\000a}{chapter.36}% 413
\BOOKMARK [2][-]{subsection.36.1.1}{\376\377\000S\000u\000p\000u\000e\000s\000t\000o\000s\000\040\000q\000u\000e\000\040\000h\000a\000b\000i\000l\000i\000t\000a\000n\000\040\000l\000a\000\040\000a\000c\000l\000a\000r\000a\000t\000o\000r\000i\000a}{section.36.1}% 414
\BOOKMARK [2][-]{subsection.36.1.2}{\376\377\000C\000a\000r\000a\000c\000t\000e\000r\000\355\000s\000t\000i\000c\000a\000s\000\040\000p\000r\000o\000c\000e\000s\000a\000l\000e\000s\000\040\000d\000e\000\040\000l\000a\000\040\000a\000c\000l\000a\000r\000a\000t\000o\000r\000i\000a}{section.36.1}% 415
\BOOKMARK [1][-]{section.36.2}{\376\377\000E\000l\000\040\000r\000e\000c\000u\000r\000s\000o\000\040\000d\000e\000\040\000r\000e\000p\000o\000s\000i\000c\000i\000\363\000n\000\040\000o\000\040\000r\000e\000v\000o\000c\000a\000t\000o\000r\000i\000a}{chapter.36}% 416
\BOOKMARK [2][-]{subsection.36.2.1}{\376\377\000R\000e\000c\000a\000u\000d\000o\000s\000\040\000d\000e\000\040\000a\000d\000m\000i\000s\000i\000b\000i\000l\000i\000d\000a\000d}{section.36.2}% 417
\BOOKMARK [2][-]{subsection.36.2.2}{\376\377\000P\000l\000a\000z\000o}{section.36.2}% 418
\BOOKMARK [2][-]{subsection.36.2.3}{\376\377\000F\000o\000r\000m\000a\000\040\000d\000e\000\040\000i\000n\000t\000e\000r\000p\000o\000s\000i\000c\000i\000\363\000n\000\040\000y\000\040\000f\000u\000n\000d\000a\000m\000e\000n\000t\000a\000c\000i\000\363\000n}{section.36.2}% 419
\BOOKMARK [2][-]{subsection.36.2.4}{\376\377\000T\000r\000\341\000m\000i\000t\000e\000\040\000y\000\040\000r\000e\000s\000o\000l\000u\000c\000i\000\363\000n}{section.36.2}% 420
\BOOKMARK [2][-]{subsection.36.2.5}{\376\377\000E\000f\000e\000c\000t\000o\000s\000:\000\040\000l\000a\000\040\000e\000j\000e\000c\000u\000t\000o\000r\000i\000a\000\040\000y\000\040\000s\000u\000s\000\040\000e\000x\000c\000e\000p\000c\000i\000o\000n\000e\000s}{section.36.2}% 421
\BOOKMARK [0][-]{chapter.37}{\376\377\000E\000l\000\040\000i\000n\000c\000i\000d\000e\000n\000t\000e\000\040\000d\000e\000\040\000n\000u\000l\000i\000d\000a\000d}{part.9}% 422
\BOOKMARK [1][-]{section.37.1}{\376\377\000P\000r\000i\000n\000c\000i\000p\000i\000o\000\040\000g\000e\000n\000e\000r\000a\000l\000:\000\040\000c\000o\000n\000s\000e\000r\000v\000a\000c\000i\000\363\000n\000\040\000d\000e\000\040\000l\000o\000s\000\040\000a\000c\000t\000o\000s\000\040\000p\000r\000o\000c\000e\000s\000a\000l\000e\000s}{chapter.37}% 423
\BOOKMARK [1][-]{section.37.2}{\376\377\000L\000o\000s\000\040\000c\000i\000n\000c\000o\000\040\000p\000r\000i\000n\000c\000i\000p\000i\000o\000s\000\040\000q\000u\000e\000\040\000r\000i\000g\000e\000n\000\040\000l\000a\000s\000\040\000n\000u\000l\000i\000d\000a\000d\000e\000s\000\040\000p\000r\000o\000c\000e\000s\000a\000l\000e\000s}{chapter.37}% 424
\BOOKMARK [2][-]{subsection.37.2.1}{\376\377\000P\000r\000i\000n\000c\000i\000p\000i\000o\000\040\000d\000e\000\040\000e\000s\000p\000e\000c\000i\000f\000i\000c\000i\000d\000a\000d\000\040\000\050\000a\000r\000t\000.\000\040\0001\0006\0009\000,\000\040\000p\000r\000i\000m\000e\000r\000\040\000p\000\341\000r\000r\000a\000f\000o\000\051}{section.37.2}% 425
\BOOKMARK [2][-]{subsection.37.2.2}{\376\377\000P\000r\000i\000n\000c\000i\000p\000i\000o\000\040\000d\000e\000\040\000f\000i\000n\000a\000l\000i\000d\000a\000d\000\040\000o\000\040\000c\000o\000n\000s\000e\000r\000v\000a\000c\000i\000\363\000n\000\040\000\050\000a\000r\000t\000.\000\040\0001\0006\0009\000,\000\040\000s\000e\000g\000u\000n\000d\000o\000\040\000p\000\341\000r\000r\000a\000f\000o\000\051}{section.37.2}% 426
\BOOKMARK [2][-]{subsection.37.2.3}{\376\377\000P\000r\000i\000n\000c\000i\000p\000i\000o\000\040\000d\000e\000\040\000s\000u\000b\000s\000a\000n\000a\000c\000i\000\363\000n\000\040\000\050\000a\000r\000t\000s\000.\000\040\0001\0007\0000\000\040\000y\000\040\0001\0007\0002\000\051}{section.37.2}% 427
\BOOKMARK [2][-]{subsection.37.2.4}{\376\377\000P\000r\000i\000n\000c\000i\000p\000i\000o\000\040\000d\000e\000\040\000t\000r\000a\000s\000c\000e\000n\000d\000e\000n\000c\000i\000a\000\040\000\050\000a\000r\000t\000.\000\040\0001\0007\0002\000\051}{section.37.2}% 428
\BOOKMARK [2][-]{subsection.37.2.5}{\376\377\000P\000r\000i\000n\000c\000i\000p\000i\000o\000\040\000d\000e\000\040\000p\000r\000o\000t\000e\000c\000c\000i\000\363\000n\000\040\000\050\000a\000r\000t\000.\000\040\0001\0007\0001\000\051}{section.37.2}% 429
\BOOKMARK [0][-]{chapter.38}{\376\377\000R\000e\000c\000u\000r\000s\000o\000\040\000d\000e\000\040\000a\000p\000e\000l\000a\000c\000i\000\363\000n\000:\000\040\000c\000o\000n\000c\000e\000p\000t\000o\000,\000\040\000p\000r\000o\000c\000e\000d\000e\000n\000c\000i\000a\000\040\000y\000\040\000f\000o\000r\000m\000a}{part.9}% 430
\BOOKMARK [1][-]{section.38.1}{\376\377\000D\000e\000f\000i\000n\000i\000c\000i\000\363\000n\000\040\000d\000e\000l\000\040\000r\000e\000c\000u\000r\000s\000o\000\040\000d\000e\000\040\000a\000p\000e\000l\000a\000c\000i\000\363\000n}{chapter.38}% 431
\BOOKMARK [1][-]{section.38.2}{\376\377\000L\000e\000g\000i\000t\000i\000m\000a\000d\000o\000s\000\040\000p\000a\000r\000a\000\040\000i\000n\000t\000e\000r\000p\000o\000n\000e\000r\000\040\000e\000l\000\040\000r\000e\000c\000u\000r\000s\000o}{chapter.38}% 432
\BOOKMARK [1][-]{section.38.3}{\376\377\000R\000e\000s\000o\000l\000u\000c\000i\000o\000n\000e\000s\000\040\000a\000p\000e\000l\000a\000b\000l\000e\000s\000:\000\040\000l\000a\000\040\000r\000e\000g\000l\000a\000\040\000d\000e\000\040\000l\000a\000\040\000a\000p\000e\000l\000a\000b\000i\000l\000i\000d\000a\000d}{chapter.38}% 433
\BOOKMARK [2][-]{subsection.38.3.1}{\376\377\000A\000r\000t\000\355\000c\000u\000l\000o\000\040\0003\0007\0009\000\040\000C\000P\000C\000C\000N\000:\000\040\000i\000n\000a\000p\000e\000l\000a\000b\000i\000l\000i\000d\000a\000d\000\040\000d\000e\000\040\000r\000e\000s\000o\000l\000u\000c\000i\000o\000n\000e\000s\000\040\000s\000o\000b\000r\000e\000\040\000p\000r\000u\000e\000b\000a}{section.38.3}% 434
\BOOKMARK [2][-]{subsection.38.3.2}{\376\377\000A\000r\000t\000\355\000c\000u\000l\000o\000\040\0002\0004\0002\000\040\000C\000P\000C\000C\000N\000:\000\040\000l\000\355\000m\000i\000t\000e\000\040\000p\000o\000r\000\040\000m\000o\000n\000t\000o}{section.38.3}% 435
\BOOKMARK [1][-]{section.38.4}{\376\377\000R\000e\000v\000o\000c\000a\000t\000o\000r\000i\000a\000\040\000c\000o\000n\000\040\000a\000p\000e\000l\000a\000c\000i\000\363\000n\000\040\000e\000n\000\040\000s\000u\000b\000s\000i\000d\000i\000o}{chapter.38}% 436
\BOOKMARK [1][-]{section.38.5}{\376\377\000E\000r\000r\000o\000r\000e\000s\000\040\000q\000u\000e\000\040\000c\000o\000m\000p\000r\000e\000n\000d\000e\000\040\000e\000l\000\040\000r\000e\000c\000u\000r\000s\000o\000\040\000d\000e\000\040\000a\000p\000e\000l\000a\000c\000i\000\363\000n}{chapter.38}% 437
\BOOKMARK [1][-]{section.38.6}{\376\377\000P\000l\000a\000z\000o\000\040\000y\000\040\000f\000o\000r\000m\000a\000\040\000d\000e\000\040\000i\000n\000t\000e\000r\000p\000o\000s\000i\000c\000i\000\363\000n}{chapter.38}% 438
\BOOKMARK [1][-]{section.38.7}{\376\377\000L\000o\000s\000\040\000d\000o\000s\000\040\000m\000o\000m\000e\000n\000t\000o\000s\000\040\000d\000e\000l\000\040\000r\000e\000c\000u\000r\000s\000o\000\040\000d\000e\000\040\000a\000p\000e\000l\000a\000c\000i\000\363\000n}{chapter.38}% 439
\BOOKMARK [0][-]{chapter.39}{\376\377\000C\000o\000n\000c\000e\000s\000i\000\363\000n\000,\000\040\000t\000r\000\341\000m\000i\000t\000e\000\040\000y\000\040\000e\000f\000e\000c\000t\000o\000s\000\040\000d\000e\000\040\000l\000a\000\040\000a\000p\000e\000l\000a\000c\000i\000\363\000n}{part.9}% 440
\BOOKMARK [1][-]{section.39.1}{\376\377\000L\000a\000s\000\040\000t\000r\000e\000s\000\040\000c\000o\000n\000s\000e\000c\000u\000e\000n\000c\000i\000a\000s\000\040\000d\000e\000\040\000l\000a\000\040\000c\000o\000n\000c\000e\000s\000i\000\363\000n}{chapter.39}% 441
\BOOKMARK [1][-]{section.39.2}{\376\377\000F\000o\000r\000m\000a\000\040\000d\000e\000\040\000c\000o\000n\000c\000e\000s\000i\000\363\000n\000:\000\040\000l\000i\000b\000r\000e\000\040\000v\000s\000.\000\040\000e\000n\000\040\000r\000e\000l\000a\000c\000i\000\363\000n}{chapter.39}% 442
\BOOKMARK [2][-]{subsection.39.2.1}{\376\377\000P\000r\000o\000c\000e\000d\000i\000m\000i\000e\000n\000t\000o\000\040\000c\000u\000a\000n\000d\000o\000\040\000s\000e\000\040\000c\000o\000n\000c\000e\000d\000e\000\040\000e\000n\000\040\000r\000e\000l\000a\000c\000i\000\363\000n}{section.39.2}% 443
\BOOKMARK [2][-]{subsection.39.2.2}{\376\377\000P\000r\000o\000c\000e\000d\000i\000m\000i\000e\000n\000t\000o\000\040\000c\000u\000a\000n\000d\000o\000\040\000s\000e\000\040\000c\000o\000n\000c\000e\000d\000e\000\040\000l\000i\000b\000r\000e\000m\000e\000n\000t\000e}{section.39.2}% 444
\BOOKMARK [2][-]{subsection.39.2.3}{\376\377\000A\000r\000t\000\355\000c\000u\000l\000o\000\040\0002\0006\0000\000:\000\040\000a\000c\000t\000i\000v\000i\000d\000a\000d\000\040\000a\000d\000i\000c\000i\000o\000n\000a\000l\000\040\000e\000n\000\040\000c\000\341\000m\000a\000r\000a}{section.39.2}% 445
\BOOKMARK [1][-]{section.39.3}{\376\377\000L\000\355\000m\000i\000t\000e\000s\000\040\000d\000e\000\040\000l\000a\000\040\000a\000l\000z\000a\000d\000a\000\040\000a\000l\000\040\000r\000e\000s\000o\000l\000v\000e\000r}{chapter.39}% 446
\BOOKMARK [1][-]{section.39.4}{\376\377\000T\000r\000\341\000m\000i\000t\000e\000:\000\040\000i\000n\000m\000e\000d\000i\000a\000t\000o\000\040\000v\000s\000.\000\040\000d\000i\000f\000e\000r\000i\000d\000o}{chapter.39}% 447
\BOOKMARK [2][-]{subsection.39.4.1}{\376\377\000S\000u\000p\000u\000e\000s\000t\000o\000s\000\040\000d\000e\000\040\000t\000r\000\341\000m\000i\000t\000e\000\040\000d\000i\000f\000e\000r\000i\000d\000o}{section.39.4}% 448
\BOOKMARK [1][-]{section.39.5}{\376\377\000E\000f\000e\000c\000t\000o\000s\000:\000\040\000s\000u\000s\000p\000e\000n\000s\000i\000v\000o\000\040\000v\000s\000.\000\040\000n\000o\000\040\000s\000u\000s\000p\000e\000n\000s\000i\000v\000o\000\040\000\050\000d\000e\000v\000o\000l\000u\000t\000i\000v\000o\000\051}{chapter.39}% 449
\BOOKMARK [2][-]{subsection.39.5.1}{\376\377\000O\000r\000i\000g\000e\000n\000\040\000h\000i\000s\000t\000\363\000r\000i\000c\000o\000\040\000d\000e\000l\000\040\000t\000\351\000r\000m\000i\000n\000o\000\040\000`\000`\000d\000e\000v\000o\000l\000u\000t\000i\000v\000o\000'\000'}{section.39.5}% 450
\BOOKMARK [2][-]{subsection.39.5.2}{\376\377\000S\000u\000p\000u\000e\000s\000t\000o\000s\000\040\000d\000e\000\040\000e\000f\000e\000c\000t\000o\000\040\000n\000o\000\040\000s\000u\000s\000p\000e\000n\000s\000i\000v\000o}{section.39.5}% 451
\BOOKMARK [1][-]{section.39.6}{\376\377\000A\000r\000t\000\355\000c\000u\000l\000o\000\040\0002\0005\0000\000:\000\040\000p\000r\000o\000c\000e\000d\000i\000m\000i\000e\000n\000t\000o\000\040\000s\000e\000g\000\372\000n\000\040\000e\000l\000\040\000t\000i\000p\000o\000\040\000d\000e\000\040\000r\000e\000s\000o\000l\000u\000c\000i\000\363\000n}{chapter.39}% 452
\BOOKMARK [0][-]{chapter.40}{\376\377\000R\000e\000g\000l\000a\000s\000\040\000y\000\040\000m\000e\000c\000a\000n\000i\000s\000m\000o\000s\000\040\000e\000s\000p\000e\000c\000i\000a\000l\000e\000s\000\040\000d\000e\000\040\000l\000a\000\040\000a\000p\000e\000l\000a\000c\000i\000\363\000n}{part.9}% 453
\BOOKMARK [1][-]{section.40.1}{\376\377\000L\000a\000s\000\040\000s\000e\000i\000s\000\040\000r\000e\000g\000l\000a\000s\000\040\000d\000e\000l\000\040\000r\000e\000c\000u\000r\000s\000o\000\040\000d\000e\000\040\000a\000p\000e\000l\000a\000c\000i\000\363\000n}{chapter.40}% 454
\BOOKMARK [1][-]{section.40.2}{\376\377\000A\000d\000m\000i\000s\000i\000b\000i\000l\000i\000d\000a\000d\000\040\000v\000s\000.\000\040\000f\000u\000n\000d\000a\000b\000i\000l\000i\000d\000a\000d\000:\000\040\000\277\000q\000u\000i\000\351\000n\000\040\000a\000n\000a\000l\000i\000z\000a\000\040\000q\000u\000\351\000?}{chapter.40}% 455
\BOOKMARK [1][-]{section.40.3}{\376\377\000C\000a\000s\000o\000\040\000p\000r\000\341\000c\000t\000i\000c\000o\000:\000\040\000c\000o\000n\000t\000e\000s\000t\000a\000c\000i\000\363\000n\000\040\000d\000e\000\040\000d\000e\000m\000a\000n\000d\000a\000\040\000d\000e\000c\000l\000a\000r\000a\000d\000a\000\040\000e\000x\000t\000e\000m\000p\000o\000r\000\341\000n\000e\000a}{chapter.40}% 456
\BOOKMARK [1][-]{section.40.4}{\376\377\000R\000e\000v\000o\000c\000a\000c\000i\000\363\000n\000\040\000n\000o\000m\000i\000n\000a\000d\000a\000:\000\040\000a\000r\000t\000\355\000c\000u\000l\000o\000\040\0003\0008\000\040\000t\000e\000r\000\040\000C\000P\000C\000C\000N}{chapter.40}% 457
\BOOKMARK [1][-]{section.40.5}{\376\377\000R\000e\000p\000o\000s\000i\000c\000i\000\363\000n\000\040\000i\000n\000\040\000e\000x\000t\000r\000e\000m\000i\000s\000:\000\040\000c\000r\000e\000a\000c\000i\000\363\000n\000\040\000p\000r\000e\000t\000o\000r\000i\000a\000n\000a}{chapter.40}% 458
\BOOKMARK [2][-]{subsection.40.5.1}{\376\377\000J\000u\000r\000i\000s\000p\000r\000u\000d\000e\000n\000c\000i\000a\000\040\000s\000o\000b\000r\000e\000\040\000l\000a\000\040\000r\000e\000p\000o\000s\000i\000c\000i\000\363\000n\000\040\000i\000n\000\040\000e\000x\000t\000r\000e\000m\000i\000s}{section.40.5}% 459
\BOOKMARK [1][-]{section.40.6}{\376\377\000S\000\355\000n\000t\000e\000s\000i\000s\000\040\000g\000e\000n\000e\000r\000a\000l\000\040\000d\000e\000\040\000l\000a\000\040\000i\000m\000p\000u\000g\000n\000a\000c\000i\000\363\000n\000\040\000y\000\040\000l\000o\000s\000\040\000r\000e\000c\000u\000r\000s\000o\000s}{chapter.40}% 460
\BOOKMARK [-1][-]{part.10}{\376\377\000X\000\040\000E\000j\000e\000c\000u\000c\000i\000\363\000n\000\040\000d\000e\000\040\000l\000a\000\040\000s\000e\000n\000t\000e\000n\000c\000i\000a\000\040\000y\000\040\000j\000u\000i\000c\000i\000o\000\040\000e\000j\000e\000c\000u\000t\000i\000v\000o}{}% 461
\BOOKMARK [0][-]{chapter.41}{\376\377\000N\000a\000t\000u\000r\000a\000l\000e\000z\000a\000\040\000y\000\040\000e\000n\000c\000u\000a\000d\000r\000e\000\040\000d\000e\000\040\000l\000a\000\040\000e\000j\000e\000c\000u\000c\000i\000\363\000n}{part.10}% 462
\BOOKMARK [1][-]{section.41.1}{\376\377\000U\000b\000i\000c\000a\000c\000i\000\363\000n\000\040\000n\000o\000r\000m\000a\000t\000i\000v\000a\000\040\000e\000n\000\040\000e\000l\000\040\000C\000\363\000d\000i\000g\000o\000\040\000P\000r\000o\000c\000e\000s\000a\000l}{chapter.41}% 463
\BOOKMARK [1][-]{section.41.2}{\376\377\000L\000a\000\040\000e\000j\000e\000c\000u\000c\000i\000\363\000n\000\040\000d\000e\000\040\000s\000e\000n\000t\000e\000n\000c\000i\000a\000\040\000n\000o\000\040\000e\000s\000\040\000u\000n\000\040\000p\000r\000o\000c\000e\000s\000o\000\040\000i\000n\000d\000e\000p\000e\000n\000d\000i\000e\000n\000t\000e}{chapter.41}% 464
\BOOKMARK [1][-]{section.41.3}{\376\377\000D\000i\000f\000e\000r\000e\000n\000c\000i\000a\000s\000\040\000e\000n\000t\000r\000e\000\040\000e\000j\000e\000c\000u\000c\000i\000\363\000n\000\040\000d\000e\000\040\000s\000e\000n\000t\000e\000n\000c\000i\000a\000\040\000y\000\040\000j\000u\000i\000c\000i\000o\000\040\000e\000j\000e\000c\000u\000t\000i\000v\000o}{chapter.41}% 465
\BOOKMARK [1][-]{section.41.4}{\376\377\000L\000a\000\040\000s\000e\000n\000t\000e\000n\000c\000i\000a\000\040\000c\000o\000m\000o\000\040\000t\000\355\000t\000u\000l\000o\000\040\000e\000j\000e\000c\000u\000t\000o\000r\000i\000o\000:\000\040\000e\000l\000\040\000d\000e\000r\000e\000c\000h\000o\000\040\000c\000i\000e\000r\000t\000o}{chapter.41}% 466
\BOOKMARK [0][-]{chapter.42}{\376\377\000R\000e\000q\000u\000i\000s\000i\000t\000o\000s\000\040\000p\000a\000r\000a\000\040\000e\000j\000e\000c\000u\000t\000a\000r\000\040\000l\000a\000\040\000s\000e\000n\000t\000e\000n\000c\000i\000a}{part.10}% 467
\BOOKMARK [1][-]{section.42.1}{\376\377\000L\000a\000\040\000s\000e\000n\000t\000e\000n\000c\000i\000a\000\040\000c\000o\000n\000s\000e\000n\000t\000i\000d\000a}{chapter.42}% 468
\BOOKMARK [1][-]{section.42.2}{\376\377\000L\000a\000\040\000s\000e\000n\000t\000e\000n\000c\000i\000a\000\040\000e\000j\000e\000c\000u\000t\000o\000r\000i\000a\000d\000a}{chapter.42}% 469
\BOOKMARK [1][-]{section.42.3}{\376\377\000P\000l\000a\000z\000o\000\040\000v\000e\000n\000c\000i\000d\000o\000,\000\040\000i\000n\000c\000u\000m\000p\000l\000i\000m\000i\000e\000n\000t\000o\000\040\000e\000\040\000i\000n\000s\000t\000a\000n\000c\000i\000a\000\040\000d\000e\000\040\000p\000a\000r\000t\000e}{chapter.42}% 470
\BOOKMARK [1][-]{section.42.4}{\376\377\000E\000x\000c\000e\000p\000c\000i\000\363\000n\000:\000\040\000l\000a\000\040\000e\000j\000e\000c\000u\000c\000i\000\363\000n\000\040\000p\000r\000o\000v\000i\000s\000o\000r\000i\000a}{chapter.42}% 471
\BOOKMARK [2][-]{subsection.42.4.1}{\376\377\000A\000l\000i\000m\000e\000n\000t\000o\000s}{section.42.4}% 472
\BOOKMARK [2][-]{subsection.42.4.2}{\376\377\000P\000r\000o\000c\000e\000s\000o\000\040\000s\000u\000m\000a\000r\000\355\000s\000i\000m\000o}{section.42.4}% 473
\BOOKMARK [2][-]{subsection.42.4.3}{\376\377\000R\000e\000c\000u\000r\000s\000o\000\040\000e\000x\000t\000r\000a\000o\000r\000d\000i\000n\000a\000r\000i\000o}{section.42.4}% 474
\BOOKMARK [1][-]{section.42.5}{\376\377\000E\000j\000e\000c\000u\000c\000i\000\363\000n\000\040\000p\000a\000r\000c\000i\000a\000l\000\040\000d\000e\000\040\000l\000a\000\040\000s\000e\000n\000t\000e\000n\000c\000i\000a}{chapter.42}% 475
\BOOKMARK [0][-]{chapter.43}{\376\377\000C\000o\000m\000p\000e\000t\000e\000n\000c\000i\000a\000\040\000y\000\040\000p\000r\000o\000c\000e\000d\000i\000m\000i\000e\000n\000t\000o\000\040\000d\000e\000\040\000l\000a\000\040\000e\000j\000e\000c\000u\000c\000i\000\363\000n}{part.10}% 476
\BOOKMARK [1][-]{section.43.1}{\376\377\000C\000o\000m\000p\000e\000t\000e\000n\000c\000i\000a\000:\000\040\000e\000l\000\040\000j\000u\000e\000z\000\040\000q\000u\000e\000\040\000d\000i\000c\000t\000\363\000\040\000l\000a\000\040\000s\000e\000n\000t\000e\000n\000c\000i\000a}{chapter.43}% 477
\BOOKMARK [2][-]{subsection.43.1.1}{\376\377\000D\000e\000l\000e\000g\000a\000c\000i\000\363\000n\000\040\000a\000\040\000u\000n\000\040\000j\000u\000e\000z\000\040\000d\000e\000\040\000o\000t\000r\000a\000\040\000c\000o\000m\000p\000e\000t\000e\000n\000c\000i\000a\000\040\000t\000e\000r\000r\000i\000t\000o\000r\000i\000a\000l}{section.43.1}% 478
\BOOKMARK [2][-]{subsection.43.1.2}{\376\377\000C\000o\000n\000e\000x\000i\000\363\000n\000\040\000d\000i\000r\000e\000c\000t\000a\000\040\000e\000n\000t\000r\000e\000\040\000c\000a\000u\000s\000a\000s\000\040\000s\000u\000c\000e\000s\000i\000v\000a\000s}{section.43.1}% 479
\BOOKMARK [1][-]{section.43.2}{\376\377\000C\000o\000n\000d\000e\000n\000a\000\040\000a\000\040\000p\000a\000g\000a\000r\000\040\000c\000a\000n\000t\000i\000d\000a\000d\000\040\000l\000\355\000q\000u\000i\000d\000a}{chapter.43}% 480
\BOOKMARK [1][-]{section.43.3}{\376\377\000L\000a\000\040\000t\000r\000a\000b\000a\000\040\000d\000e\000l\000\040\000e\000m\000b\000a\000r\000g\000o}{chapter.43}% 481
\BOOKMARK [2][-]{subsection.43.3.1}{\376\377\000B\000i\000e\000n\000e\000s\000\040\000i\000n\000m\000u\000e\000b\000l\000e\000s}{section.43.3}% 482
\BOOKMARK [2][-]{subsection.43.3.2}{\376\377\000B\000i\000e\000n\000e\000s\000\040\000m\000u\000e\000b\000l\000e\000s\000\040\000r\000e\000g\000i\000s\000t\000r\000a\000b\000l\000e\000s}{section.43.3}% 483
\BOOKMARK [2][-]{subsection.43.3.3}{\376\377\000B\000i\000e\000n\000e\000s\000\040\000m\000u\000e\000b\000l\000e\000s\000\040\000n\000o\000\040\000r\000e\000g\000i\000s\000t\000r\000a\000b\000l\000e\000s}{section.43.3}% 484
\BOOKMARK [1][-]{section.43.4}{\376\377\000E\000f\000e\000c\000t\000o\000s\000\040\000d\000e\000l\000\040\000e\000m\000b\000a\000r\000g\000o}{chapter.43}% 485
\BOOKMARK [1][-]{section.43.5}{\376\377\000C\000i\000t\000a\000c\000i\000\363\000n\000\040\000d\000e\000\040\000v\000e\000n\000t\000a}{chapter.43}% 486
\BOOKMARK [1][-]{section.43.6}{\376\377\000L\000a\000s\000\040\000e\000x\000c\000e\000p\000c\000i\000o\000n\000e\000s\000\040\000d\000e\000l\000\040\000a\000r\000t\000\355\000c\000u\000l\000o\000\040\0005\0000\0006}{chapter.43}% 487
\BOOKMARK [2][-]{subsection.43.6.1}{\376\377\000F\000a\000l\000s\000e\000d\000a\000d\000\040\000d\000e\000\040\000l\000a\000\040\000e\000j\000e\000c\000u\000t\000o\000r\000i\000a}{section.43.6}% 488
\BOOKMARK [2][-]{subsection.43.6.2}{\376\377\000P\000r\000e\000s\000c\000r\000i\000p\000c\000i\000\363\000n\000\040\000d\000e\000\040\000l\000a\000\040\000e\000j\000e\000c\000u\000t\000o\000r\000i\000a}{section.43.6}% 489
\BOOKMARK [2][-]{subsection.43.6.3}{\376\377\000P\000a\000g\000o}{section.43.6}% 490
\BOOKMARK [2][-]{subsection.43.6.4}{\376\377\000Q\000u\000i\000t\000a\000,\000\040\000e\000s\000p\000e\000r\000a\000\040\000y\000\040\000r\000e\000m\000i\000s\000i\000\363\000n}{section.43.6}% 491
\BOOKMARK [1][-]{section.43.7}{\376\377\000E\000x\000c\000e\000p\000c\000i\000o\000n\000e\000s\000\040\000n\000o\000\040\000e\000n\000u\000m\000e\000r\000a\000d\000a\000s\000\040\000a\000d\000m\000i\000t\000i\000d\000a\000s\000\040\000p\000o\000r\000\040\000l\000a\000\040\000j\000u\000r\000i\000s\000p\000r\000u\000d\000e\000n\000c\000i\000a}{chapter.43}% 492
\BOOKMARK [1][-]{section.43.8}{\376\377\000T\000r\000\341\000m\000i\000t\000e\000\040\000d\000e\000\040\000l\000a\000s\000\040\000e\000x\000c\000e\000p\000c\000i\000o\000n\000e\000s\000\040\000y\000\040\000s\000e\000n\000t\000e\000n\000c\000i\000a\000\040\000d\000e\000\040\000v\000e\000n\000t\000a}{chapter.43}% 493
\BOOKMARK [0][-]{chapter.44}{\376\377\000C\000o\000n\000d\000e\000n\000a\000\040\000i\000l\000\355\000q\000u\000i\000d\000a\000\040\000y\000\040\000l\000i\000q\000u\000i\000d\000a\000c\000i\000\363\000n}{part.10}% 494
\BOOKMARK [1][-]{section.44.1}{\376\377\000C\000u\000\341\000n\000d\000o\000\040\000c\000o\000r\000r\000e\000s\000p\000o\000n\000d\000e\000\040\000p\000r\000a\000c\000t\000i\000c\000a\000r\000\040\000l\000i\000q\000u\000i\000d\000a\000c\000i\000\363\000n}{chapter.44}% 495
\BOOKMARK [1][-]{section.44.2}{\376\377\000Q\000u\000i\000\351\000n\000\040\000p\000r\000a\000c\000t\000i\000c\000a\000\040\000l\000a\000\040\000l\000i\000q\000u\000i\000d\000a\000c\000i\000\363\000n\000\040\000y\000\040\000e\000n\000\040\000q\000u\000\351\000\040\000p\000l\000a\000z\000o}{chapter.44}% 496
\BOOKMARK [1][-]{section.44.3}{\376\377\000I\000m\000p\000u\000g\000n\000a\000c\000i\000\363\000n\000\040\000d\000e\000\040\000l\000a\000\040\000l\000i\000q\000u\000i\000d\000a\000c\000i\000\363\000n}{chapter.44}% 497
\BOOKMARK [1][-]{section.44.4}{\376\377\000D\000e\000b\000a\000t\000e\000\040\000d\000o\000c\000t\000r\000i\000n\000a\000l\000\040\000s\000o\000b\000r\000e\000\040\000l\000a\000\040\000a\000p\000e\000l\000a\000c\000i\000\363\000n\000\040\000d\000e\000\040\000l\000a\000\040\000l\000i\000q\000u\000i\000d\000a\000c\000i\000\363\000n\000\040\000a\000p\000r\000o\000b\000a\000d\000a}{chapter.44}% 498
\BOOKMARK [0][-]{chapter.45}{\376\377\000O\000b\000l\000i\000g\000a\000c\000i\000o\000n\000e\000s\000\040\000d\000e\000\040\000h\000a\000c\000e\000r\000,\000\040\000n\000o\000\040\000h\000a\000c\000e\000r\000\040\000y\000\040\000d\000a\000r\000\040\000c\000o\000s\000a\000s}{part.10}% 499
\BOOKMARK [1][-]{section.45.1}{\376\377\000C\000o\000n\000d\000e\000n\000a\000\040\000a\000\040\000h\000a\000c\000e\000r\000\040\000a\000l\000g\000u\000n\000a\000\040\000c\000o\000s\000a}{chapter.45}% 500
\BOOKMARK [1][-]{section.45.2}{\376\377\000C\000o\000n\000d\000e\000n\000a\000\040\000a\000\040\000o\000t\000o\000r\000g\000a\000r\000\040\000e\000s\000c\000r\000i\000t\000u\000r\000a\000\040\000p\000\372\000b\000l\000i\000c\000a}{chapter.45}% 501
\BOOKMARK [1][-]{section.45.3}{\376\377\000C\000o\000n\000d\000e\000n\000a\000\040\000a\000\040\000n\000o\000\040\000h\000a\000c\000e\000r}{chapter.45}% 502
\BOOKMARK [1][-]{section.45.4}{\376\377\000C\000o\000n\000d\000e\000n\000a\000\040\000a\000\040\000d\000a\000r\000\040\000c\000o\000s\000a\000s\000:\000\040\000m\000a\000n\000d\000a\000m\000i\000e\000n\000t\000o\000\040\000d\000e\000\040\000d\000e\000s\000a\000p\000o\000d\000e\000r\000a\000m\000i\000e\000n\000t\000o}{chapter.45}% 503
\BOOKMARK [1][-]{section.45.5}{\376\377\000L\000i\000q\000u\000i\000d\000a\000c\000i\000o\000n\000e\000s\000\040\000e\000s\000p\000e\000c\000i\000a\000l\000e\000s}{chapter.45}% 504
\BOOKMARK [1][-]{section.45.6}{\376\377\000O\000t\000r\000o\000s\000\040\000t\000\355\000t\000u\000l\000o\000s\000\040\000e\000j\000e\000c\000u\000t\000a\000b\000l\000e\000s\000\040\000p\000o\000r\000\040\000e\000s\000t\000e\000\040\000p\000r\000o\000c\000e\000d\000i\000m\000i\000e\000n\000t\000o}{chapter.45}% 505
\BOOKMARK [1][-]{section.45.7}{\376\377\000R\000e\000f\000l\000e\000x\000i\000\363\000n\000\040\000f\000i\000n\000a\000l}{chapter.45}% 506
\BOOKMARK [1][-]{section.45.8}{\376\377\000S\000\355\000n\000t\000e\000s\000i\000s\000\040\000d\000e\000\040\000l\000a\000\040\000e\000j\000e\000c\000u\000c\000i\000\363\000n\000\040\000d\000e\000\040\000s\000e\000n\000t\000e\000n\000c\000i\000a}{chapter.45}% 507
\BOOKMARK [0][-]{chapter.46}{\376\377\000E\000l\000\040\000j\000u\000i\000c\000i\000o\000\040\000e\000j\000e\000c\000u\000t\000i\000v\000o}{part.10}% 508
\BOOKMARK [1][-]{section.46.1}{\376\377\000U\000b\000i\000c\000a\000c\000i\000\363\000n\000\040\000e\000n\000\040\000e\000l\000\040\000c\000\363\000d\000i\000g\000o\000\040\000p\000r\000o\000c\000e\000s\000a\000l}{chapter.46}% 509
\BOOKMARK [1][-]{section.46.2}{\376\377\000C\000o\000n\000c\000e\000p\000t\000o\000\040\000y\000\040\000n\000a\000t\000u\000r\000a\000l\000e\000z\000a\000\040\000j\000u\000r\000\355\000d\000i\000c\000a}{chapter.46}% 510
\BOOKMARK [2][-]{subsection.46.2.1}{\376\377\000E\000l\000\040\000p\000r\000o\000c\000e\000s\000o\000\040\000d\000e\000\040\000c\000o\000n\000o\000c\000i\000m\000i\000e\000n\000t\000o\000\040\000s\000u\000m\000a\000r\000i\000o}{section.46.2}% 511
\BOOKMARK [2][-]{subsection.46.2.2}{\376\377\000L\000a\000\040\000o\000p\000c\000i\000\363\000n\000\040\000p\000o\000r\000\040\000l\000a\000\040\000r\000a\000p\000i\000d\000e\000z}{section.46.2}% 512
\BOOKMARK [1][-]{section.46.3}{\376\377\000D\000i\000f\000e\000r\000e\000n\000c\000i\000a\000\040\000c\000o\000n\000\040\000l\000a\000\040\000e\000j\000e\000c\000u\000c\000i\000\363\000n\000\040\000d\000e\000\040\000s\000e\000n\000t\000e\000n\000c\000i\000a\000s}{chapter.46}% 513
\BOOKMARK [2][-]{subsection.46.3.1}{\376\377\000E\000l\000\040\000d\000e\000s\000d\000o\000b\000l\000a\000m\000i\000e\000n\000t\000o\000\040\000d\000e\000l\000\040\000c\000o\000n\000o\000c\000i\000m\000i\000e\000n\000t\000o\000\040\000d\000e\000l\000\040\000c\000o\000n\000f\000l\000i\000c\000t\000o}{section.46.3}% 514
\BOOKMARK [2][-]{subsection.46.3.2}{\376\377\000L\000a\000\040\000c\000o\000s\000a\000\040\000j\000u\000z\000g\000a\000d\000a\000\040\000e\000n\000\040\000e\000l\000\040\000j\000u\000i\000c\000i\000o\000\040\000e\000j\000e\000c\000u\000t\000i\000v\000o}{section.46.3}% 515
\BOOKMARK [1][-]{section.46.4}{\376\377\000R\000e\000q\000u\000i\000s\000i\000t\000o\000s\000\040\000p\000a\000r\000a\000\040\000a\000c\000c\000e\000d\000e\000r\000\040\000a\000\040\000l\000a\000\040\000v\000\355\000a\000\040\000e\000j\000e\000c\000u\000t\000i\000v\000a}{chapter.46}% 516
\BOOKMARK [2][-]{subsection.46.4.1}{\376\377\000L\000a\000\040\000e\000x\000i\000g\000i\000b\000i\000l\000i\000d\000a\000d}{section.46.4}% 517
\BOOKMARK [2][-]{subsection.46.4.2}{\376\377\000L\000a\000\040\000l\000i\000q\000u\000i\000d\000e\000z\000\040\000o\000\040\000f\000\341\000c\000i\000l\000\040\000l\000i\000q\000u\000i\000d\000a\000b\000i\000l\000i\000d\000a\000d}{section.46.4}% 518
\BOOKMARK [2][-]{subsection.46.4.3}{\376\377\000E\000l\000\040\000c\000a\000s\000o\000\040\000d\000e\000\040\000l\000a\000\040\000m\000o\000n\000e\000d\000a\000\040\000e\000x\000t\000r\000a\000n\000j\000e\000r\000a}{section.46.4}% 519
\BOOKMARK [1][-]{section.46.5}{\376\377\000T\000\355\000t\000u\000l\000o\000s\000\040\000e\000j\000e\000c\000u\000t\000i\000v\000o\000s\000\040\040\024\000\040\000A\000r\000t\000\355\000c\000u\000l\000o\000\040\0005\0002\0003}{chapter.46}% 520
\BOOKMARK [2][-]{subsection.46.5.1}{\376\377\000E\000l\000\040\000i\000n\000c\000i\000s\000o\000\040\0007\000.\000\272\000:\000\040\000a\000p\000e\000r\000t\000u\000r\000a\000\040\000a\000\040\000t\000\355\000t\000u\000l\000o\000s\000\040\000e\000s\000p\000e\000c\000i\000a\000l\000e\000s}{section.46.5}% 521
\BOOKMARK [1][-]{section.46.6}{\376\377\000T\000\355\000t\000u\000l\000o\000s\000\040\000i\000n\000c\000o\000m\000p\000l\000e\000t\000o\000s\000\040\000y\000\040\000p\000r\000e\000p\000a\000r\000a\000c\000i\000\363\000n\000\040\000d\000e\000\040\000l\000a\000\040\000v\000\355\000a\000\040\000e\000j\000e\000c\000u\000t\000i\000v\000a}{chapter.46}% 522
\BOOKMARK [1][-]{section.46.7}{\376\377\000E\000l\000\040\000e\000m\000b\000a\000r\000g\000o\000\040\000e\000j\000e\000c\000u\000t\000i\000v\000o}{chapter.46}% 523
\BOOKMARK [1][-]{section.46.8}{\376\377\000L\000a\000\040\000i\000n\000t\000i\000m\000a\000c\000i\000\363\000n\000\040\000d\000e\000\040\000p\000a\000g\000o\000\040\040\024\000\040\000A\000r\000t\000\355\000c\000u\000l\000o\000\040\0005\0003\0001}{chapter.46}% 524
\BOOKMARK [1][-]{section.46.9}{\376\377\000A\000m\000p\000l\000i\000a\000c\000i\000\363\000n\000\040\000d\000e\000\040\000l\000a\000\040\000e\000j\000e\000c\000u\000c\000i\000\363\000n\000\040\040\024\000\040\000A\000r\000t\000\355\000c\000u\000l\000o\000s\000\040\0005\0004\0000\000\040\000y\000\040\0005\0004\0001}{chapter.46}% 525
\BOOKMARK [1][-]{section.46.10}{\376\377\000E\000x\000c\000e\000p\000c\000i\000o\000n\000e\000s\000\040\000a\000d\000m\000i\000s\000i\000b\000l\000e\000s\000\040\040\024\000\040\000A\000r\000t\000\355\000c\000u\000l\000o\000\040\0005\0004\0004}{chapter.46}% 526
\BOOKMARK [1][-]{section.46.11}{\376\377\000F\000a\000l\000s\000e\000d\000a\000d\000\040\000e\000\040\000i\000n\000h\000a\000b\000i\000l\000i\000d\000a\000d\000\040\000d\000e\000l\000\040\000t\000\355\000t\000u\000l\000o\000\040\000\050\000a\000r\000t\000.\000\040\0005\0004\0004\000,\000\040\000i\000n\000c\000.\000\040\0004\000.\000\272\000\051}{chapter.46}% 527
\BOOKMARK [2][-]{subsection.46.11.1}{\376\377\000F\000a\000l\000s\000e\000d\000a\000d\000\040\000m\000a\000t\000e\000r\000i\000a\000l\000\040\000y\000\040\000f\000a\000l\000s\000e\000d\000a\000d\000\040\000i\000d\000e\000o\000l\000\363\000g\000i\000c\000a}{section.46.11}% 528
\BOOKMARK [2][-]{subsection.46.11.2}{\376\377\000E\000l\000\040\000c\000a\000s\000o\000\040\000e\000x\000t\000r\000e\000m\000o\000:\000\040\000o\000r\000d\000i\000n\000a\000r\000i\000z\000a\000c\000i\000\363\000n\000\040\000d\000e\000l\000\040\000p\000r\000o\000c\000e\000s\000o}{section.46.11}% 529
\BOOKMARK [2][-]{subsection.46.11.3}{\376\377\000L\000a\000\040\000i\000n\000h\000a\000b\000i\000l\000i\000d\000a\000d\000\040\000d\000e\000l\000\040\000t\000\355\000t\000u\000l\000o}{section.46.11}% 530
\BOOKMARK [1][-]{section.46.12}{\376\377\000A\000p\000e\000r\000t\000u\000r\000a\000\040\000a\000\040\000p\000r\000u\000e\000b\000a\000\040\000y\000\040\000s\000e\000n\000t\000e\000n\000c\000i\000a\000\040\000d\000e\000\040\000t\000r\000a\000n\000c\000e\000\040\000y\000\040\000r\000e\000m\000a\000t\000e}{chapter.46}% 531
\BOOKMARK [1][-]{section.46.13}{\376\377\000A\000p\000e\000l\000a\000c\000i\000\363\000n\000\040\000e\000\040\000i\000n\000a\000p\000e\000l\000a\000b\000i\000l\000i\000d\000a\000d\000\040\000e\000n\000\040\000e\000l\000\040\000j\000u\000i\000c\000i\000o\000\040\000e\000j\000e\000c\000u\000t\000i\000v\000o}{chapter.46}% 532
\BOOKMARK [1][-]{section.46.14}{\376\377\000C\000o\000s\000t\000a\000s\000\040\000y\000\040\000j\000u\000i\000c\000i\000o\000\040\000o\000r\000d\000i\000n\000a\000r\000i\000o\000\040\000p\000o\000s\000t\000e\000r\000i\000o\000r}{chapter.46}% 533
\BOOKMARK [1][-]{section.46.15}{\376\377\000E\000j\000e\000c\000u\000c\000i\000o\000n\000e\000s\000\040\000e\000s\000p\000e\000c\000i\000a\000l\000e\000s\000\040\040\024\000\040\000A\000r\000t\000\355\000c\000u\000l\000o\000\040\0005\0009\0005\000\040\000y\000\040\000s\000i\000g\000u\000i\000e\000n\000t\000e\000s}{chapter.46}% 534
\BOOKMARK [2][-]{subsection.46.15.1}{\376\377\000L\000a\000\040\000e\000j\000e\000c\000u\000c\000i\000\363\000n\000\040\000h\000i\000p\000o\000t\000e\000c\000a\000r\000i\000a}{section.46.15}% 535
\BOOKMARK [0][-]{chapter.47}{\376\377\000C\000u\000m\000p\000l\000i\000m\000i\000e\000n\000t\000o\000\040\000d\000e\000\040\000l\000a\000\040\000s\000e\000n\000t\000e\000n\000c\000i\000a\000\040\000d\000e\000\040\000r\000e\000m\000a\000t\000e}{part.10}% 536
\BOOKMARK [1][-]{section.47.1}{\376\377\000L\000a\000\040\000e\000t\000a\000p\000a\000\040\000c\000o\000e\000r\000c\000i\000t\000i\000v\000a\000\040\000d\000e\000l\000\040\000p\000r\000o\000c\000e\000s\000o}{chapter.47}% 537
\BOOKMARK [2][-]{subsection.47.1.1}{\376\377\000T\000\355\000t\000u\000l\000o\000s\000\040\000a\000s\000i\000m\000i\000l\000a\000b\000l\000e\000s\000\040\000a\000\040\000l\000a\000\040\000s\000e\000n\000t\000e\000n\000c\000i\000a}{section.47.1}% 538
\BOOKMARK [2][-]{subsection.47.1.2}{\376\377\000I\000n\000a\000p\000e\000l\000a\000b\000i\000l\000i\000d\000a\000d\000\040\000d\000e\000l\000\040\000e\000j\000e\000c\000u\000t\000a\000d\000o\000\040\040\024\000\040\000A\000r\000t\000\355\000c\000u\000l\000o\000\040\0005\0006\0000}{section.47.1}% 539
\BOOKMARK [1][-]{section.47.2}{\376\377\000E\000l\000\040\000e\000m\000b\000a\000r\000g\000o\000\040\000e\000j\000e\000c\000u\000t\000o\000r\000i\000o\000:\000\040\000p\000r\000e\000s\000u\000p\000u\000e\000s\000t\000o\000\040\000d\000e\000l\000\040\000r\000e\000m\000a\000t\000e}{chapter.47}% 540
\BOOKMARK [1][-]{section.47.3}{\376\377\000B\000i\000e\000n\000e\000s\000\040\000s\000u\000b\000a\000s\000t\000a\000b\000l\000e\000s}{chapter.47}% 541
\BOOKMARK [1][-]{section.47.4}{\376\377\000E\000l\000\040\000m\000a\000r\000t\000i\000l\000l\000e\000r\000o\000:\000\040\000d\000e\000s\000i\000g\000n\000a\000c\000i\000\363\000n\000\040\000y\000\040\000f\000u\000n\000c\000i\000o\000n\000e\000s}{chapter.47}% 542
\BOOKMARK [2][-]{subsection.47.4.1}{\376\377\000O\000b\000l\000i\000g\000a\000c\000i\000o\000n\000e\000s\000\040\000d\000e\000l\000\040\000m\000a\000r\000t\000i\000l\000l\000e\000r\000o}{section.47.4}% 543
\BOOKMARK [1][-]{section.47.5}{\376\377\000L\000a\000\040\000l\000i\000g\000a\000:\000\040\000d\000i\000s\000t\000o\000r\000s\000i\000\363\000n\000\040\000d\000e\000l\000\040\000s\000i\000s\000t\000e\000m\000a\000\040\000d\000e\000\040\000s\000u\000b\000a\000s\000t\000a\000s}{chapter.47}% 544
\BOOKMARK [1][-]{section.47.6}{\376\377\000S\000u\000b\000a\000s\000t\000a\000s\000\040\000e\000l\000e\000c\000t\000r\000\363\000n\000i\000c\000a\000s}{chapter.47}% 545
\BOOKMARK [1][-]{section.47.7}{\376\377\000T\000r\000\341\000m\000i\000t\000e\000s\000\040\000p\000r\000e\000v\000i\000o\000s\000\040\000a\000\040\000l\000a\000\040\000s\000u\000b\000a\000s\000t\000a\000\040\000d\000e\000\040\000i\000n\000m\000u\000e\000b\000l\000e\000s}{chapter.47}% 546
\BOOKMARK [2][-]{subsection.47.7.1}{\376\377\000I\000n\000f\000o\000r\000m\000e\000s\000\040\000r\000e\000g\000i\000s\000t\000r\000a\000l\000e\000s\000\040\000y\000\040\000d\000e\000\040\000d\000e\000u\000d\000a\000s}{section.47.7}% 547
\BOOKMARK [2][-]{subsection.47.7.2}{\376\377\000C\000i\000t\000a\000c\000i\000\363\000n\000\040\000d\000e\000\040\000l\000o\000s\000\040\000a\000c\000r\000e\000e\000d\000o\000r\000e\000s\000\040\000c\000o\000n\000\040\000g\000r\000a\000v\000\341\000m\000e\000n\000e\000s}{section.47.7}% 548
\BOOKMARK [1][-]{section.47.8}{\376\377\000L\000o\000s\000\040\000e\000d\000i\000c\000t\000o\000s\000\040\000y\000\040\000l\000a\000\040\000p\000u\000b\000l\000i\000c\000i\000d\000a\000d\000\040\040\024\000\040\000A\000r\000t\000\355\000c\000u\000l\000o\000\040\0005\0006\0006}{chapter.47}% 549
\BOOKMARK [1][-]{section.47.9}{\376\377\000L\000a\000\040\000b\000a\000s\000e\000\040\000d\000e\000\040\000l\000a\000\040\000s\000u\000b\000a\000s\000t\000a\000\040\040\024\000\040\000A\000r\000t\000\355\000c\000u\000l\000o\000\040\0005\0007\0008}{chapter.47}% 550
\BOOKMARK [1][-]{section.47.10}{\376\377\000E\000l\000\040\000a\000c\000t\000o\000\040\000d\000e\000\040\000r\000e\000m\000a\000t\000e}{chapter.47}% 551
\BOOKMARK [2][-]{subsection.47.10.1}{\376\377\000C\000u\000a\000n\000d\000o\000\040\000h\000a\000y\000\040\000c\000o\000m\000p\000r\000a\000d\000o\000r}{section.47.10}% 552
\BOOKMARK [2][-]{subsection.47.10.2}{\376\377\000C\000r\000\355\000t\000i\000c\000a\000\040\000a\000\040\000l\000a\000\040\000e\000x\000i\000g\000e\000n\000c\000i\000a\000\040\000d\000e\000l\000\040\000d\000i\000n\000e\000r\000o\000\040\000e\000n\000\040\000e\000f\000e\000c\000t\000i\000v\000o}{section.47.10}% 553
\BOOKMARK [1][-]{section.47.11}{\376\377\000A\000p\000r\000o\000b\000a\000c\000i\000\363\000n\000\040\000y\000\040\000n\000u\000l\000i\000d\000a\000d\000e\000s}{chapter.47}% 554
\BOOKMARK [1][-]{section.47.12}{\376\377\000E\000l\000\040\000s\000o\000b\000r\000e\000s\000e\000i\000m\000i\000e\000n\000t\000o\000\040\000d\000e\000l\000\040\000j\000u\000i\000c\000i\000o\000\040\040\024\000\040\000A\000r\000t\000\355\000c\000u\000l\000o\000\040\0005\0008\0003}{chapter.47}% 555
\BOOKMARK [1][-]{section.47.13}{\376\377\000T\000\355\000t\000u\000l\000o\000\040\000d\000e\000l\000\040\000a\000d\000q\000u\000i\000r\000e\000n\000t\000e\000\040\000e\000\040\000i\000n\000s\000c\000r\000i\000p\000c\000i\000\363\000n\000\040\000r\000e\000g\000i\000s\000t\000r\000a\000l}{chapter.47}% 556
\BOOKMARK [2][-]{subsection.47.13.1}{\376\377\000L\000e\000v\000a\000n\000t\000a\000m\000i\000e\000n\000t\000o\000\040\000d\000e\000\040\000g\000r\000a\000v\000\341\000m\000e\000n\000e\000s}{section.47.13}% 557
\BOOKMARK [1][-]{section.47.14}{\376\377\000D\000i\000s\000t\000r\000i\000b\000u\000c\000i\000\363\000n\000\040\000d\000e\000l\000\040\000p\000r\000o\000d\000u\000c\000i\000d\000o\000:\000\040\000l\000a\000\040\000l\000i\000q\000u\000i\000d\000a\000c\000i\000\363\000n}{chapter.47}% 558
\BOOKMARK [1][-]{section.47.15}{\376\377\000S\000u\000b\000a\000s\000t\000a\000\040\000f\000r\000a\000c\000a\000s\000a\000d\000a\000\040\000y\000\040\000a\000c\000r\000e\000e\000d\000o\000r\000\040\000c\000o\000m\000p\000r\000a\000d\000o\000r}{chapter.47}% 559
\BOOKMARK [2][-]{subsection.47.15.1}{\376\377\000F\000r\000a\000c\000a\000s\000o\000\040\000p\000o\000r\000\040\000f\000a\000l\000t\000a\000\040\000d\000e\000\040\000p\000o\000s\000t\000o\000r\000e\000s}{section.47.15}% 560
\BOOKMARK [2][-]{subsection.47.15.2}{\376\377\000E\000l\000\040\000a\000c\000r\000e\000e\000d\000o\000r\000\040\000c\000o\000m\000o\000\040\000c\000o\000m\000p\000r\000a\000d\000o\000r}{section.47.15}% 561
\BOOKMARK [1][-]{section.47.16}{\376\377\000L\000o\000s\000\040\000p\000l\000e\000n\000a\000r\000i\000o\000s\000:\000\040\000d\000i\000f\000e\000r\000e\000n\000c\000i\000a\000\040\000e\000n\000t\000r\000e\000\040\000f\000u\000e\000r\000o\000s}{chapter.47}% 562
\BOOKMARK [1][-]{section.47.17}{\376\377\000D\000e\000s\000o\000c\000u\000p\000a\000c\000i\000\363\000n\000\040\000d\000e\000l\000\040\000i\000n\000m\000u\000e\000b\000l\000e\000\040\040\024\000\040\000A\000r\000t\000\355\000c\000u\000l\000o\000\040\0005\0008\0009}{chapter.47}% 563
\BOOKMARK [-1][-]{part.11}{\376\377\000X\000I\000\040\000S\000i\000s\000t\000e\000m\000a\000s\000\040\000c\000a\000u\000t\000e\000l\000a\000r\000e\000s}{}% 564
\BOOKMARK [0][-]{chapter.48}{\376\377\000F\000u\000n\000d\000a\000m\000e\000n\000t\000o\000s\000\040\000d\000e\000\040\000l\000o\000s\000\040\000s\000i\000s\000t\000e\000m\000a\000s\000\040\000c\000a\000u\000t\000e\000l\000a\000r\000e\000s}{part.11}% 565
\BOOKMARK [1][-]{section.48.1}{\376\377\000I\000m\000p\000o\000r\000t\000a\000n\000c\000i\000a\000\040\000d\000e\000\040\000l\000o\000s\000\040\000s\000i\000s\000t\000e\000m\000a\000s\000\040\000c\000a\000u\000t\000e\000l\000a\000r\000e\000s}{chapter.48}% 566
\BOOKMARK [1][-]{section.48.2}{\376\377\000L\000a\000\040\000a\000c\000t\000u\000a\000c\000i\000\363\000n\000\040\000d\000e\000\040\000l\000a\000\040\000l\000e\000y\000\040\000e\000n\000\040\000e\000l\000\040\000p\000r\000o\000c\000e\000s\000o}{chapter.48}% 567
\BOOKMARK [1][-]{section.48.3}{\376\377\000E\000l\000\040\000p\000o\000d\000e\000r\000\040\000c\000a\000u\000t\000e\000l\000a\000r}{chapter.48}% 568
\BOOKMARK [1][-]{section.48.4}{\376\377\000C\000a\000u\000t\000e\000l\000a\000\040\000y\000\040\000c\000o\000n\000d\000e\000n\000a}{chapter.48}% 569
\BOOKMARK [0][-]{chapter.49}{\376\377\000C\000l\000a\000s\000i\000f\000i\000c\000a\000c\000i\000\363\000n\000\040\000d\000e\000\040\000l\000o\000s\000\040\000s\000i\000s\000t\000e\000m\000a\000s\000\040\000c\000a\000u\000t\000e\000l\000a\000r\000e\000s}{part.11}% 570
\BOOKMARK [1][-]{section.49.1}{\376\377\000E\000l\000\040\000t\000r\000a\000t\000a\000m\000i\000e\000n\000t\000o\000\040\000c\000o\000m\000o\000\040\000s\000i\000s\000t\000e\000m\000a}{chapter.49}% 571
\BOOKMARK [1][-]{section.49.2}{\376\377\000\301\000m\000b\000i\000t\000o\000\040\000n\000o\000r\000m\000a\000l\000\040\000y\000\040\000\341\000m\000b\000i\000t\000o\000\040\000e\000x\000c\000e\000p\000c\000i\000o\000n\000a\000l}{chapter.49}% 572
\BOOKMARK [1][-]{section.49.3}{\376\377\000\301\000m\000b\000i\000t\000o\000\040\000n\000o\000r\000m\000a\000l}{chapter.49}% 573
\BOOKMARK [2][-]{subsection.49.3.1}{\376\377\000S\000i\000s\000t\000e\000m\000a\000s\000\040\000a\000s\000e\000g\000u\000r\000a\000t\000i\000v\000o\000s\000\040\000p\000r\000o\000b\000a\000t\000o\000r\000i\000o\000s}{section.49.3}% 574
\BOOKMARK [2][-]{subsection.49.3.2}{\376\377\000S\000i\000s\000t\000e\000m\000a\000s\000\040\000p\000r\000e\000c\000a\000u\000t\000o\000r\000i\000o\000s\000\040\000t\000r\000a\000d\000i\000c\000i\000o\000n\000a\000l\000e\000s}{section.49.3}% 575
\BOOKMARK [2][-]{subsection.49.3.3}{\376\377\000S\000i\000s\000t\000e\000m\000a\000s\000\040\000a\000s\000e\000g\000u\000r\000a\000t\000i\000v\000o\000s\000\040\000g\000a\000r\000a\000n\000t\000i\000z\000a\000d\000o\000r\000e\000s}{section.49.3}% 576
\BOOKMARK [2][-]{subsection.49.3.4}{\376\377\000S\000i\000s\000t\000e\000m\000a\000s\000\040\000a\000s\000e\000g\000u\000r\000a\000t\000i\000v\000o\000s\000\040\000g\000e\000n\000\351\000r\000i\000c\000o\000s}{section.49.3}% 577
\BOOKMARK [1][-]{section.49.4}{\376\377\000\301\000m\000b\000i\000t\000o\000\040\000e\000x\000c\000e\000p\000c\000i\000o\000n\000a\000l}{chapter.49}% 578
\BOOKMARK [1][-]{section.49.5}{\376\377\000P\000a\000n\000o\000r\000a\000m\000a\000\040\000d\000e\000\040\000l\000o\000s\000\040\000s\000i\000s\000t\000e\000m\000a\000s\000\040\000c\000a\000u\000t\000e\000l\000a\000r\000e\000s}{chapter.49}% 579
\BOOKMARK [0][-]{chapter.50}{\376\377\000M\000e\000d\000i\000d\000a\000s\000\040\000c\000a\000u\000t\000e\000l\000a\000r\000e\000s\000\040\000y\000\040\000p\000r\000e\000s\000u\000p\000u\000e\000s\000t\000o\000s}{part.11}% 580
\BOOKMARK [1][-]{section.50.1}{\376\377\000C\000o\000n\000c\000e\000p\000t\000o\000\040\000d\000e\000\040\000m\000e\000d\000i\000d\000a\000s\000\040\000c\000a\000u\000t\000e\000l\000a\000r\000e\000s}{chapter.50}% 581
\BOOKMARK [1][-]{section.50.2}{\376\377\000P\000r\000e\000s\000u\000p\000u\000e\000s\000t\000o\000s\000\040\000d\000e\000\040\000l\000a\000s\000\040\000m\000e\000d\000i\000d\000a\000s\000\040\000c\000a\000u\000t\000e\000l\000a\000r\000e\000s}{chapter.50}% 582
\BOOKMARK [1][-]{section.50.3}{\376\377\000P\000r\000e\000s\000u\000p\000u\000e\000s\000t\000o\000s\000\040\000s\000u\000s\000t\000a\000n\000c\000i\000a\000l\000e\000s}{chapter.50}% 583
\BOOKMARK [2][-]{subsection.50.3.1}{\376\377\000V\000e\000r\000o\000s\000i\000m\000i\000l\000i\000t\000u\000d\000\040\000e\000n\000\040\000e\000l\000\040\000d\000e\000r\000e\000c\000h\000o\000\040\000\050\000f\000u\000m\000u\000s\000\040\000b\000o\000n\000i\000\040\000i\000u\000r\000i\000s\000\051}{section.50.3}% 584
\BOOKMARK [2][-]{subsection.50.3.2}{\376\377\000P\000e\000l\000i\000g\000r\000o\000\040\000e\000n\000\040\000l\000a\000\040\000d\000e\000m\000o\000r\000a}{section.50.3}% 585
\BOOKMARK [2][-]{subsection.50.3.3}{\376\377\000L\000a\000\040\000c\000o\000n\000t\000r\000a\000c\000a\000u\000t\000e\000l\000a}{section.50.3}% 586
\BOOKMARK [1][-]{section.50.4}{\376\377\000P\000r\000e\000s\000u\000p\000u\000e\000s\000t\000o\000s\000\040\000p\000r\000o\000c\000e\000s\000a\000l\000e\000s\000:\000\040\000a\000r\000t\000\355\000c\000u\000l\000o\000\040\0001\0009\0005\000\040\000C\000P\000C\000C\000N}{chapter.50}% 587
\BOOKMARK [0][-]{chapter.51}{\376\377\000C\000a\000r\000a\000c\000t\000e\000r\000e\000s\000\040\000y\000\040\000c\000l\000a\000s\000i\000f\000i\000c\000a\000c\000i\000\363\000n\000\040\000d\000e\000\040\000l\000a\000s\000\040\000m\000e\000d\000i\000d\000a\000s\000\040\000c\000a\000u\000t\000e\000l\000a\000r\000e\000s}{part.11}% 588
\BOOKMARK [1][-]{section.51.1}{\376\377\000P\000r\000o\000v\000i\000s\000o\000r\000i\000e\000d\000a\000d\000:\000\040\000a\000r\000t\000\355\000c\000u\000l\000o\000\040\0002\0000\0002\000\040\000C\000P\000C\000C\000N}{chapter.51}% 589
\BOOKMARK [1][-]{section.51.2}{\376\377\000M\000o\000d\000i\000f\000i\000c\000a\000b\000i\000l\000i\000d\000a\000d\000:\000\040\000a\000r\000t\000\355\000c\000u\000l\000o\000\040\0002\0000\0003\000\040\000C\000P\000C\000C\000N}{chapter.51}% 590
\BOOKMARK [1][-]{section.51.3}{\376\377\000F\000a\000c\000u\000l\000t\000a\000d\000e\000s\000\040\000d\000e\000l\000\040\000j\000u\000e\000z\000:\000\040\000a\000r\000t\000\355\000c\000u\000l\000o\000\040\0002\0000\0004\000\040\000C\000P\000C\000C\000N}{chapter.51}% 591
\BOOKMARK [1][-]{section.51.4}{\376\377\000C\000a\000d\000u\000c\000i\000d\000a\000d\000:\000\040\000a\000r\000t\000\355\000c\000u\000l\000o\000\040\0002\0000\0007\000\040\000C\000P\000C\000C\000N}{chapter.51}% 592
\BOOKMARK [1][-]{section.51.5}{\376\377\000T\000r\000a\000m\000i\000t\000a\000c\000i\000\363\000n\000\040\000i\000n\000a\000u\000d\000i\000t\000a\000\040\000p\000a\000r\000t\000e\000\040\000y\000\040\000r\000e\000c\000u\000r\000s\000o\000s\000:\000\040\000a\000r\000t\000\355\000c\000u\000l\000o\000\040\0001\0009\0008\000\040\000C\000P\000C\000C\000N}{chapter.51}% 593
\BOOKMARK [1][-]{section.51.6}{\376\377\000C\000l\000a\000s\000i\000f\000i\000c\000a\000c\000i\000\363\000n\000\040\000s\000o\000b\000r\000e\000\040\000b\000i\000e\000n\000e\000s\000,\000\040\000e\000n\000t\000e\000s\000\040\000i\000d\000e\000a\000l\000e\000s\000\040\000y\000\040\000p\000e\000r\000s\000o\000n\000a\000s}{chapter.51}% 594
\BOOKMARK [0][-]{chapter.52}{\376\377\000S\000i\000s\000t\000e\000m\000a\000\040\000a\000s\000e\000g\000u\000r\000a\000t\000i\000v\000o\000\040\000g\000e\000n\000\351\000r\000i\000c\000o}{part.11}% 595
\BOOKMARK [1][-]{section.52.1}{\376\377\000C\000a\000r\000a\000c\000t\000e\000r\000i\000z\000a\000c\000i\000\363\000n\000\040\000g\000e\000n\000e\000r\000a\000l}{chapter.52}% 596
\BOOKMARK [1][-]{section.52.2}{\376\377\000I\000n\000h\000i\000b\000i\000c\000i\000\363\000n\000\040\000g\000e\000n\000e\000r\000a\000l\000\040\000d\000e\000\040\000b\000i\000e\000n\000e\000s\000\040\000\050\000A\000r\000t\000.\000\040\0002\0002\0008\000\040\000C\000P\000C\000C\000\051}{chapter.52}% 597
\BOOKMARK [2][-]{subsection.52.2.1}{\376\377\000D\000e\000f\000i\000n\000i\000c\000i\000\363\000n\000\040\000y\000\040\000f\000i\000n\000a\000l\000i\000d\000a\000d}{section.52.2}% 598
\BOOKMARK [2][-]{subsection.52.2.2}{\376\377\000C\000a\000r\000\341\000c\000t\000e\000r\000\040\000r\000e\000s\000i\000d\000u\000a\000l\000:\000\040\000c\000u\000\341\000n\000d\000o\000\040\000p\000r\000o\000c\000e\000d\000e}{section.52.2}% 599
\BOOKMARK [2][-]{subsection.52.2.3}{\376\377\000D\000i\000f\000e\000r\000e\000n\000c\000i\000a\000s\000\040\000c\000o\000n\000\040\000e\000l\000\040\000e\000m\000b\000a\000r\000g\000o}{section.52.2}% 600
\BOOKMARK [2][-]{subsection.52.2.4}{\376\377\000A\000l\000c\000a\000n\000c\000e\000\040\000t\000e\000m\000p\000o\000r\000a\000l\000\040\000y\000\040\000e\000f\000e\000c\000t\000o\000s}{section.52.2}% 601
\BOOKMARK [2][-]{subsection.52.2.5}{\376\377\000P\000r\000o\000c\000e\000d\000i\000m\000i\000e\000n\000t\000o}{section.52.2}% 602
\BOOKMARK [2][-]{subsection.52.2.6}{\376\377\000C\000e\000s\000e\000\040\000d\000e\000\040\000l\000a\000\040\000i\000n\000h\000i\000b\000i\000c\000i\000\363\000n}{section.52.2}% 603
\BOOKMARK [1][-]{section.52.3}{\376\377\000M\000e\000d\000i\000d\000a\000\040\000c\000a\000u\000t\000e\000l\000a\000r\000\040\000g\000e\000n\000\351\000r\000i\000c\000a\000\040\000o\000\040\000i\000n\000n\000o\000m\000i\000n\000a\000d\000a\000\040\000\050\000A\000r\000t\000.\000\040\0002\0003\0002\000\040\000C\000P\000C\000C\000\051}{chapter.52}% 604
\BOOKMARK [1][-]{section.52.4}{\376\377\000P\000r\000o\000h\000i\000b\000i\000c\000i\000\363\000n\000\040\000d\000e\000\040\000i\000n\000n\000o\000v\000a\000r\000\040\000\050\000A\000r\000t\000.\000\040\0002\0003\0000\000\040\000C\000P\000C\000C\000\051}{chapter.52}% 605
\BOOKMARK [2][-]{subsection.52.4.1}{\376\377\000L\000a\000\040\000p\000r\000o\000h\000i\000b\000i\000c\000i\000\363\000n\000\040\000d\000e\000\040\000i\000n\000n\000o\000v\000a\000r\000\040\000c\000o\000m\000o\000\040\000m\000e\000d\000i\000d\000a\000\040\000c\000a\000u\000t\000e\000l\000a\000r\000\040\000m\000a\000t\000r\000i\000z}{section.52.4}% 606
\BOOKMARK [2][-]{subsection.52.4.2}{\376\377\000L\000a\000s\000\040\000d\000o\000s\000\040\000f\000a\000c\000e\000t\000a\000s\000\040\000d\000e\000\040\000l\000a\000\040\000p\000r\000o\000h\000i\000b\000i\000c\000i\000\363\000n\000\040\000d\000e\000\040\000i\000n\000n\000o\000v\000a\000r}{section.52.4}% 607
\BOOKMARK [2][-]{subsection.52.4.3}{\376\377\000L\000o\000s\000\040\000d\000o\000s\000\040\000\341\000m\000b\000i\000t\000o\000s\000\040\000e\000n\000\040\000q\000u\000e\000\040\000o\000p\000e\000r\000a}{section.52.4}% 608
\BOOKMARK [1][-]{section.52.5}{\376\377\000C\000a\000u\000t\000e\000l\000a\000\040\000a\000u\000t\000\363\000n\000o\000m\000a}{chapter.52}% 609
\BOOKMARK [2][-]{subsection.52.5.1}{\376\377\000U\000b\000i\000c\000a\000c\000i\000\363\000n\000\040\000e\000n\000\040\000e\000l\000\040\000s\000i\000s\000t\000e\000m\000a\000\040\000y\000\040\000o\000r\000i\000g\000e\000n}{section.52.5}% 610
\BOOKMARK [2][-]{subsection.52.5.2}{\376\377\000E\000n\000\040\000q\000u\000\351\000\040\000c\000o\000n\000s\000i\000s\000t\000e}{section.52.5}% 611
\BOOKMARK [2][-]{subsection.52.5.3}{\376\377\000L\000a\000\040\000p\000r\000e\000s\000u\000n\000c\000i\000\363\000n\000\040\000d\000e\000\040\000l\000e\000g\000i\000t\000i\000m\000i\000d\000a\000d\000\040\000\050\000A\000r\000t\000.\000\040\0001\0002\000\040\000L\000e\000y\000\040\0001\0009\000.\0005\0004\0009\000\051}{section.52.5}% 612
\BOOKMARK [2][-]{subsection.52.5.4}{\376\377\000P\000o\000r\000\040\000q\000u\000\351\000\040\000s\000e\000\040\000l\000l\000a\000m\000a\000\040\000`\000`\000a\000u\000t\000\363\000n\000o\000m\000a\000'\000'}{section.52.5}% 613
\BOOKMARK [2][-]{subsection.52.5.5}{\376\377\000C\000r\000e\000a\000c\000i\000\363\000n\000\040\000p\000r\000e\000t\000o\000r\000i\000a\000n\000a\000\040\000y\000\040\000t\000r\000\341\000m\000i\000t\000e\000\040\000o\000r\000i\000g\000i\000n\000a\000l}{section.52.5}% 614
\BOOKMARK [2][-]{subsection.52.5.6}{\376\377\000L\000a\000\040\000L\000e\000y\000\040\0002\0006\000.\0008\0005\0004\000:\000\040\000m\000e\000d\000i\000d\000a\000s\000\040\000c\000a\000u\000t\000e\000l\000a\000r\000e\000s\000\040\000c\000o\000n\000t\000r\000a\000\040\000e\000l\000\040\000E\000s\000t\000a\000d\000o}{section.52.5}% 615
\BOOKMARK [0][-]{chapter.53}{\376\377\000\301\000m\000b\000i\000t\000o\000\040\000e\000x\000c\000e\000p\000c\000i\000o\000n\000a\000l\000:\000\040\000t\000u\000t\000e\000l\000a\000\040\000a\000n\000t\000i\000c\000i\000p\000a\000d\000a}{part.11}% 616
\BOOKMARK [1][-]{section.53.1}{\376\377\000Q\000u\000\351\000\040\000d\000e\000t\000e\000r\000m\000i\000n\000a\000\040\000q\000u\000e\000\040\000u\000n\000\040\000\341\000m\000b\000i\000t\000o\000\040\000s\000e\000a\000\040\000e\000x\000c\000e\000p\000c\000i\000o\000n\000a\000l}{chapter.53}% 617
\BOOKMARK [1][-]{section.53.2}{\376\377\000\277\000E\000l\000\040\000j\000u\000e\000z\000\040\000n\000o\000\040\000e\000s\000t\000a\000r\000\355\000a\000\040\000p\000r\000e\000j\000u\000z\000g\000a\000n\000d\000o\000?}{chapter.53}% 618
\BOOKMARK [1][-]{section.53.3}{\376\377\000V\000\355\000a\000s\000\040\000d\000e\000\040\000m\000a\000t\000e\000r\000i\000a\000l\000i\000z\000a\000c\000i\000\363\000n\000\040\000d\000e\000\040\000l\000a\000\040\000t\000u\000t\000e\000l\000a\000\040\000a\000n\000t\000i\000c\000i\000p\000a\000d\000a}{chapter.53}% 619
\BOOKMARK [1][-]{section.53.4}{\376\377\000V\000\355\000a\000s\000\040\000l\000e\000g\000a\000l\000e\000s\000\040\000e\000s\000p\000e\000c\000\355\000f\000i\000c\000a\000s\000\040\000d\000e\000\040\000t\000u\000t\000e\000l\000a\000\040\000a\000n\000t\000i\000c\000i\000p\000a\000d\000a}{chapter.53}% 620
\BOOKMARK [2][-]{subsection.53.4.1}{\376\377\000A\000l\000i\000m\000e\000n\000t\000o\000s\000\040\000p\000r\000o\000v\000i\000s\000o\000r\000i\000o\000s\000\040\000\050\000A\000r\000t\000.\000\040\0005\0004\0004\000\040\000C\000C\000y\000C\000\051}{section.53.4}% 621
\BOOKMARK [2][-]{subsection.53.4.2}{\376\377\000E\000n\000t\000r\000e\000g\000a\000\040\000a\000n\000t\000i\000c\000i\000p\000a\000d\000a\000\040\000d\000e\000l\000\040\000i\000n\000m\000u\000e\000b\000l\000e\000\040\000e\000n\000\040\000e\000l\000\040\000d\000e\000s\000a\000l\000o\000j\000o\000\040\000\050\000A\000r\000t\000.\000\040\0006\0008\0000\000\040\000b\000i\000s\000\040\000C\000P\000C\000C\000\051}{section.53.4}% 622
\BOOKMARK [1][-]{section.53.5}{\376\377\000J\000u\000r\000i\000s\000p\000r\000u\000d\000e\000n\000c\000i\000a\000\040\000d\000e\000\040\000l\000a\000\040\000C\000o\000r\000t\000e\000\040\000S\000u\000p\000r\000e\000m\000a}{chapter.53}% 623
\BOOKMARK [2][-]{subsection.53.5.1}{\376\377\000C\000a\000m\000a\000c\000h\000o\000\040\000A\000c\000o\000s\000t\000a\000\040\000\050\000C\000S\000J\000N\000\040\0003\0002\0000\000:\0001\0006\0003\0003\000\051\000:\000\040\000f\000a\000c\000e\000t\000a\000\040\000i\000n\000n\000o\000v\000a\000t\000i\000v\000a}{section.53.5}% 624
\BOOKMARK [2][-]{subsection.53.5.2}{\376\377\000C\000l\000a\000r\000\355\000n\000\040\000\050\000C\000S\000J\000N\000\040\0003\0003\0003\000:\0001\0008\0008\0005\000\051\000:\000\040\000f\000a\000c\000e\000t\000a\000\040\000n\000o\000\040\000i\000n\000n\000o\000v\000a\000t\000i\000v\000a}{section.53.5}% 625
\BOOKMARK [1][-]{section.53.6}{\376\377\000D\000e\000b\000a\000t\000e\000\040\000d\000o\000c\000t\000r\000i\000n\000a\000r\000i\000o\000\040\000s\000o\000b\000r\000e\000\040\000l\000a\000\040\000r\000e\000g\000u\000l\000a\000c\000i\000\363\000n\000\040\000d\000e\000\040\000l\000a\000\040\000t\000u\000t\000e\000l\000a\000\040\000a\000n\000t\000i\000c\000i\000p\000a\000d\000a}{chapter.53}% 626
\BOOKMARK [2][-]{subsection.53.6.1}{\376\377\000L\000a\000\040\000p\000o\000s\000i\000c\000i\000\363\000n\000\040\000c\000r\000\355\000t\000i\000c\000a\000:\000\040\000r\000e\000g\000u\000l\000a\000c\000i\000\363\000n\000\040\000i\000n\000d\000e\000p\000e\000n\000d\000i\000e\000n\000t\000e\000\040\000e\000n\000\040\000l\000a\000s\000\040\000p\000r\000o\000v\000i\000n\000c\000i\000a\000s}{section.53.6}% 627
\BOOKMARK [2][-]{subsection.53.6.2}{\376\377\000A\000r\000t\000\355\000c\000u\000l\000o\000\040\0004\0000\0003\000\040\000d\000e\000l\000\040\000P\000r\000o\000y\000e\000c\000t\000o\000\040\000d\000e\000\040\000r\000e\000f\000o\000r\000m\000a\000\040\000d\000e\000l\000\040\000C\000P\000C\000C\000:\000\040\000t\000u\000t\000e\000l\000a\000\040\000a\000n\000t\000i\000c\000i\000p\000a\000d\000a\000\040\000d\000e\000\040\000u\000r\000g\000e\000n\000c\000i\000a}{section.53.6}% 628
\BOOKMARK [2][-]{subsection.53.6.3}{\376\377\000P\000r\000i\000n\000c\000i\000p\000i\000o\000s\000\040\000v\000u\000l\000n\000e\000r\000a\000d\000o\000s\000\040\000s\000e\000g\000\372\000n\000\040\000l\000a\000\040\000c\000r\000\355\000t\000i\000c\000a}{section.53.6}% 629
\BOOKMARK [0][-]{chapter.54}{\376\377\000E\000l\000\040\000e\000m\000b\000a\000r\000g\000o}{part.11}% 630
\BOOKMARK [1][-]{section.54.1}{\376\377\000E\000l\000\040\000e\000m\000b\000a\000r\000g\000o\000\040\000c\000o\000m\000o\000\040\000m\000e\000d\000i\000d\000a\000\040\000c\000a\000u\000t\000e\000l\000a\000r\000\040\000p\000o\000r\000\040\000a\000n\000t\000o\000n\000o\000m\000a\000s\000i\000a}{chapter.54}% 631
\BOOKMARK [1][-]{section.54.2}{\376\377\000T\000i\000p\000o\000s\000\040\000d\000e\000\040\000e\000m\000b\000a\000r\000g\000o}{chapter.54}% 632
\BOOKMARK [2][-]{subsection.54.2.1}{\376\377\000E\000l\000\040\000e\000m\000b\000a\000r\000g\000o\000\040\000p\000r\000e\000v\000e\000n\000t\000i\000v\000o}{section.54.2}% 633
\BOOKMARK [2][-]{subsection.54.2.2}{\376\377\000E\000l\000\040\000e\000m\000b\000a\000r\000g\000o\000\040\000e\000j\000e\000c\000u\000t\000i\000v\000o}{section.54.2}% 634
\BOOKMARK [2][-]{subsection.54.2.3}{\376\377\000E\000l\000\040\000e\000m\000b\000a\000r\000g\000o\000\040\000e\000j\000e\000c\000u\000t\000o\000r\000i\000o}{section.54.2}% 635
\BOOKMARK [1][-]{section.54.3}{\376\377\000E\000f\000e\000c\000t\000o\000s\000\040\000d\000e\000\040\000l\000a\000\040\000t\000r\000a\000b\000a\000\040\000d\000e\000l\000\040\000e\000m\000b\000a\000r\000g\000o}{chapter.54}% 636
\BOOKMARK [2][-]{subsection.54.3.1}{\376\377\000E\000l\000\040\000p\000r\000i\000n\000c\000i\000p\000i\000o\000\040\000n\000e\000m\000o\000\040\000p\000l\000u\000s\000\040\000i\000u\000r\000i\000s\000\040\000y\000\040\000e\000l\000\040\000e\000m\000b\000a\000r\000g\000o}{section.54.3}% 637
\BOOKMARK [2][-]{subsection.54.3.2}{\376\377\000E\000l\000\040\000p\000l\000e\000n\000a\000r\000i\000o\000\040\000\253\000S\000e\000r\000t\000o\000p\000\273\000\040\040\024\000\040\000D\000o\000c\000t\000r\000i\000n\000a\000\040\000j\000u\000d\000i\000c\000i\000a\000l\000\040\000o\000b\000l\000i\000g\000a\000t\000o\000r\000i\000a}{section.54.3}% 638
\BOOKMARK [1][-]{section.54.4}{\376\377\000S\000u\000p\000u\000e\000s\000t\000o\000s\000\040\000d\000e\000\040\000p\000r\000o\000c\000e\000d\000e\000n\000c\000i\000a\000\040\000d\000e\000l\000\040\000e\000m\000b\000a\000r\000g\000o\000\040\000p\000r\000e\000v\000e\000n\000t\000i\000v\000o\000\040\000\050\000a\000r\000t\000s\000.\000\040\0002\0000\0009\000\040\000y\000\040\0002\0001\0000\000\040\000C\000P\000C\000C\000N\000\051}{chapter.54}% 639
\BOOKMARK [2][-]{subsection.54.4.1}{\376\377\000H\000i\000p\000\363\000t\000e\000s\000i\000s\000\040\000p\000r\000o\000c\000e\000s\000a\000l\000e\000s\000\040\000d\000e\000l\000\040\000a\000r\000t\000\355\000c\000u\000l\000o\000\040\0002\0001\0002\000\040\000C\000P\000C\000C\000N}{section.54.4}% 640
\BOOKMARK [1][-]{section.54.5}{\376\377\000B\000i\000e\000n\000e\000s\000\040\000i\000n\000e\000m\000b\000a\000r\000g\000a\000b\000l\000e\000s\000\040\040\024\000\040\000A\000r\000t\000\355\000c\000u\000l\000o\000\040\0002\0001\0009\000\040\000C\000P\000C\000C\000N}{chapter.54}% 641
\BOOKMARK [2][-]{subsection.54.5.1}{\376\377\000I\000n\000e\000m\000b\000a\000r\000g\000a\000b\000i\000l\000i\000d\000a\000d\000\040\000d\000e\000l\000\040\000s\000a\000l\000a\000r\000i\000o}{section.54.5}% 642
\BOOKMARK [1][-]{section.54.6}{\376\377\000C\000a\000d\000u\000c\000i\000d\000a\000d\000\040\000d\000e\000l\000\040\000e\000m\000b\000a\000r\000g\000o\000\040\040\024\000\040\000A\000r\000t\000\355\000c\000u\000l\000o\000\040\0002\0000\0007\000\040\000C\000P\000C\000C\000N}{chapter.54}% 643
\BOOKMARK [0][-]{chapter.55}{\376\377\000S\000e\000c\000u\000e\000s\000t\000r\000o\000\040\000e\000\040\000i\000n\000t\000e\000r\000v\000e\000n\000c\000i\000\363\000n\000\040\000j\000u\000d\000i\000c\000i\000a\000l}{part.11}% 644
\BOOKMARK [1][-]{section.55.1}{\376\377\000E\000l\000\040\000s\000e\000c\000u\000e\000s\000t\000r\000o}{chapter.55}% 645
\BOOKMARK [2][-]{subsection.55.1.1}{\376\377\000C\000o\000n\000c\000e\000p\000t\000o\000\040\000y\000\040\000\341\000m\000b\000i\000t\000o\000\040\000d\000e\000\040\000a\000p\000l\000i\000c\000a\000c\000i\000\363\000n}{section.55.1}% 646
\BOOKMARK [2][-]{subsection.55.1.2}{\376\377\000T\000i\000p\000o\000s\000\040\000d\000e\000\040\000s\000e\000c\000u\000e\000s\000t\000r\000o}{section.55.1}% 647
\BOOKMARK [1][-]{section.55.2}{\376\377\000L\000a\000\040\000i\000n\000t\000e\000r\000v\000e\000n\000c\000i\000\363\000n\000\040\000j\000u\000d\000i\000c\000i\000a\000l}{chapter.55}% 648
\BOOKMARK [2][-]{subsection.55.2.1}{\376\377\000C\000o\000n\000c\000e\000p\000t\000o\000\040\000y\000\040\000f\000u\000n\000d\000a\000m\000e\000n\000t\000o\000\040\000\050\000a\000r\000t\000s\000.\000\040\0002\0002\0002\000\040\000a\000\040\0002\0002\0007\000\040\000C\000P\000C\000C\000N\000\051}{section.55.2}% 649
\BOOKMARK [2][-]{subsection.55.2.2}{\376\377\000T\000i\000p\000o\000s\000\040\000d\000e\000\040\000i\000n\000t\000e\000r\000v\000e\000n\000c\000i\000\363\000n\000\040\000j\000u\000d\000i\000c\000i\000a\000l}{section.55.2}% 650
\BOOKMARK [0][-]{chapter.56}{\376\377\000A\000n\000o\000t\000a\000c\000i\000\363\000n\000\040\000d\000e\000\040\000l\000i\000t\000i\000s\000\040\000y\000\040\000p\000r\000o\000h\000i\000b\000i\000c\000i\000\363\000n\000\040\000d\000e\000\040\000c\000o\000n\000t\000r\000a\000t\000a\000r}{part.11}% 651
\BOOKMARK [1][-]{section.56.1}{\376\377\000L\000a\000\040\000a\000n\000o\000t\000a\000c\000i\000\363\000n\000\040\000d\000e\000\040\000l\000i\000t\000i\000s}{chapter.56}% 652
\BOOKMARK [2][-]{subsection.56.1.1}{\376\377\000C\000o\000n\000c\000e\000p\000t\000o\000\040\000y\000\040\000f\000u\000n\000d\000a\000m\000e\000n\000t\000o}{section.56.1}% 653
\BOOKMARK [2][-]{subsection.56.1.2}{\376\377\000R\000e\000q\000u\000i\000s\000i\000t\000o\000s\000\040\000d\000e\000\040\000p\000r\000o\000c\000e\000d\000e\000n\000c\000i\000a}{section.56.1}% 654
\BOOKMARK [2][-]{subsection.56.1.3}{\376\377\000S\000u\000p\000u\000e\000s\000t\000o\000s\000\040\000t\000\355\000p\000i\000c\000o\000s\000\040\000d\000e\000\040\000p\000r\000o\000c\000e\000d\000e\000n\000c\000i\000a}{section.56.1}% 655
\BOOKMARK [2][-]{subsection.56.1.4}{\376\377\000E\000x\000t\000i\000n\000c\000i\000\363\000n\000\040\000d\000e\000\040\000l\000a\000\040\000a\000n\000o\000t\000a\000c\000i\000\363\000n\000\040\000d\000e\000\040\000l\000i\000t\000i\000s}{section.56.1}% 656
\BOOKMARK [1][-]{section.56.2}{\376\377\000L\000a\000\040\000p\000r\000o\000h\000i\000b\000i\000c\000i\000\363\000n\000\040\000d\000e\000\040\000c\000o\000n\000t\000r\000a\000t\000a\000r}{chapter.56}% 657
\BOOKMARK [2][-]{subsection.56.2.1}{\376\377\000C\000o\000n\000c\000e\000p\000t\000o\000\040\000y\000\040\000p\000r\000o\000c\000e\000d\000e\000n\000c\000i\000a\000\040\000\050\000a\000r\000t\000.\000\040\0002\0003\0001\000\040\000C\000P\000C\000C\000N\000\051}{section.56.2}% 658
\BOOKMARK [2][-]{subsection.56.2.2}{\376\377\000N\000o\000t\000i\000f\000i\000c\000a\000c\000i\000\363\000n\000\040\000y\000\040\000p\000u\000b\000l\000i\000c\000i\000d\000a\000d}{section.56.2}% 659
\BOOKMARK [2][-]{subsection.56.2.3}{\376\377\000C\000a\000d\000u\000c\000i\000d\000a\000d\000\040\000e\000s\000p\000e\000c\000i\000a\000l\000\040\000\050\000a\000r\000t\000.\000\040\0002\0003\0001\000\040\000C\000P\000C\000C\000N\000\051}{section.56.2}% 660
\BOOKMARK [0][-]{chapter.57}{\376\377\000P\000r\000o\000t\000e\000c\000c\000i\000\363\000n\000\040\000d\000e\000\040\000p\000e\000r\000s\000o\000n\000a\000s\000\040\000y\000\040\000f\000a\000m\000i\000l\000i\000a}{part.11}% 661
\BOOKMARK [1][-]{section.57.1}{\376\377\000L\000a\000\040\000p\000r\000o\000t\000e\000c\000c\000i\000\363\000n\000\040\000d\000e\000\040\000p\000e\000r\000s\000o\000n\000a\000s\000\040\000y\000\040\000e\000l\000\040\000a\000r\000t\000\355\000c\000u\000l\000o\000\040\0002\0003\0004\000\040\000C\000P\000C\000C\000N}{chapter.57}% 662
\BOOKMARK [1][-]{section.57.2}{\376\377\000P\000o\000t\000e\000s\000t\000a\000d\000e\000s\000\040\000c\000a\000u\000t\000e\000l\000a\000r\000e\000s\000\040\000e\000n\000\040\000m\000a\000t\000e\000r\000i\000a\000\040\000d\000e\000\040\000v\000i\000o\000l\000e\000n\000c\000i\000a}{chapter.57}% 663
\BOOKMARK [2][-]{subsection.57.2.1}{\376\377\000L\000e\000y\000\040\0002\0004\000.\0004\0001\0007\000\040\040\024\000\040\000L\000e\000y\000\040\000d\000e\000\040\000V\000i\000o\000l\000e\000n\000c\000i\000a\000\040\000F\000a\000m\000i\000l\000i\000a\000r}{section.57.2}% 664
\BOOKMARK [2][-]{subsection.57.2.2}{\376\377\000L\000e\000y\000\040\0002\0006\000.\0004\0008\0005\000\040\040\024\000\040\000L\000e\000y\000\040\000d\000e\000\040\000P\000r\000o\000t\000e\000c\000c\000i\000\363\000n\000\040\000d\000e\000\040\000V\000i\000o\000l\000e\000n\000c\000i\000a\000\040\000c\000o\000n\000t\000r\000a\000\040\000l\000a\000\040\000M\000u\000j\000e\000r}{section.57.2}% 665
\BOOKMARK [1][-]{section.57.3}{\376\377\000M\000e\000d\000i\000d\000a\000s\000\040\000c\000a\000u\000t\000e\000l\000a\000r\000e\000s\000\040\000e\000n\000\040\000e\000l\000\040\000p\000r\000o\000c\000e\000s\000o\000\040\000d\000e\000\040\000f\000a\000m\000i\000l\000i\000a}{chapter.57}% 666
\BOOKMARK [2][-]{subsection.57.3.1}{\376\377\000L\000a\000s\000\040\000c\000a\000u\000t\000e\000l\000a\000r\000e\000s\000\040\000d\000e\000\040\000f\000a\000m\000i\000l\000i\000a\000\040\000e\000n\000\040\000e\000l\000\040\000C\000\363\000d\000i\000g\000o\000\040\000C\000i\000v\000i\000l\000\040\000y\000\040\000C\000o\000m\000e\000r\000c\000i\000a\000l\000\040\000d\000e\000\040\000l\000a\000\040\000N\000a\000c\000i\000\363\000n}{section.57.3}% 667
\BOOKMARK [0][-]{chapter*.130}{\376\377\000B\000i\000b\000l\000i\000o\000g\000r\000a\000f\000\355\000a}{part.11}% 668
